layer,mean_abs_gamma,mean_abs_beta,activation,optimizer,seed,epoch
stem_bn,1.0022954940795898,0.03508736193180084,relu,adamw,0,0
stages.0.bn1,1.0002843141555786,0.02658580243587494,relu,adamw,0,0
stages.0.bn2,1.0020396709442139,0.01780012436211109,relu,adamw,0,0
stages.1.bn1,1.0005528926849365,0.019560161978006363,relu,adamw,0,0
stages.1.bn2,0.9863195419311523,0.01486659049987793,relu,adamw,0,0
stages.2.bn1,1.0000531673431396,0.01783769205212593,relu,adamw,0,0
stages.2.bn2,0.9951729774475098,0.014597659930586815,relu,adamw,0,0
stages.2.shortcut.1,1.0165772438049316,0.014597659930586815,relu,adamw,0,0
stages.3.bn1,0.9998646378517151,0.018452882766723633,relu,adamw,0,0
stages.3.bn2,0.9818898439407349,0.016327474266290665,relu,adamw,0,0
stages.4.bn1,0.9996182918548584,0.014577630907297134,relu,adamw,0,0
stages.4.bn2,1.0027058124542236,0.011695293709635735,relu,adamw,0,0
stages.4.shortcut.1,1.0220811367034912,0.011695293709635735,relu,adamw,0,0
stages.5.bn1,1.0004570484161377,0.012311193160712719,relu,adamw,0,0
stages.5.bn2,0.9761443138122559,0.01702960953116417,relu,adamw,0,0
stages.6.bn1,1.0004581212997437,0.01138017512857914,relu,adamw,0,0
stages.6.bn2,0.9874804019927979,0.014244262129068375,relu,adamw,0,0
stages.6.shortcut.1,0.9962892532348633,0.014244262129068375,relu,adamw,0,0
stages.7.bn1,0.998507022857666,0.014153478667140007,relu,adamw,0,0
stages.7.bn2,0.984378457069397,0.014851197600364685,relu,adamw,0,0
stem_bn,0.9690430164337158,0.11417654901742935,relu,adamw,0,6
stages.0.bn1,0.9870803356170654,0.11470039933919907,relu,adamw,0,6
stages.0.bn2,1.0248585939407349,0.07956186681985855,relu,adamw,0,6
stages.1.bn1,0.9804369211196899,0.16329257190227509,relu,adamw,0,6
stages.1.bn2,0.9811515808105469,0.0757593959569931,relu,adamw,0,6
stages.2.bn1,0.9884317517280579,0.12646391987800598,relu,adamw,0,6
stages.2.bn2,0.9994785785675049,0.10667698085308075,relu,adamw,0,6
stages.2.shortcut.1,1.0075721740722656,0.10667698085308075,relu,adamw,0,6
stages.3.bn1,0.9831706881523132,0.1690470427274704,relu,adamw,0,6
stages.3.bn2,0.9630140066146851,0.1382274329662323,relu,adamw,0,6
stages.4.bn1,0.9917362332344055,0.14557544887065887,relu,adamw,0,6
stages.4.bn2,1.0353608131408691,0.10740064084529877,relu,adamw,0,6
stages.4.shortcut.1,1.0094184875488281,0.10740064084529877,relu,adamw,0,6
stages.5.bn1,0.993349552154541,0.14263257384300232,relu,adamw,0,6
stages.5.bn2,0.9342097043991089,0.1342622935771942,relu,adamw,0,6
stages.6.bn1,0.9902786016464233,0.12692368030548096,relu,adamw,0,6
stages.6.bn2,0.9931217432022095,0.06028815731406212,relu,adamw,0,6
stages.6.shortcut.1,0.9918980598449707,0.06028815731406212,relu,adamw,0,6
stages.7.bn1,0.9882636070251465,0.06931610405445099,relu,adamw,0,6
stages.7.bn2,0.9433208107948303,0.06344333291053772,relu,adamw,0,6
stem_bn,0.9497725367546082,0.1417236626148224,relu,adamw,0,12
stages.0.bn1,0.9805970191955566,0.1398860514163971,relu,adamw,0,12
stages.0.bn2,1.028235912322998,0.10621951520442963,relu,adamw,0,12
stages.1.bn1,0.9665789604187012,0.2186732292175293,relu,adamw,0,12
stages.1.bn2,0.9877587556838989,0.09649908542633057,relu,adamw,0,12
stages.2.bn1,0.9805523157119751,0.1754782795906067,relu,adamw,0,12
stages.2.bn2,1.0021113157272339,0.15384811162948608,relu,adamw,0,12
stages.2.shortcut.1,0.9860098361968994,0.15384811162948608,relu,adamw,0,12
stages.3.bn1,0.9715319275856018,0.23486728966236115,relu,adamw,0,12
stages.3.bn2,0.9655014276504517,0.19469718635082245,relu,adamw,0,12
stages.4.bn1,0.9821754097938538,0.21342584490776062,relu,adamw,0,12
stages.4.bn2,1.0483901500701904,0.1695968210697174,relu,adamw,0,12
stages.4.shortcut.1,0.9750882983207703,0.1695968210697174,relu,adamw,0,12
stages.5.bn1,0.9787579774856567,0.2266916036605835,relu,adamw,0,12
stages.5.bn2,0.930679202079773,0.1902950257062912,relu,adamw,0,12
stages.6.bn1,0.9798880219459534,0.18984192609786987,relu,adamw,0,12
stages.6.bn2,1.0117703676223755,0.08217976987361908,relu,adamw,0,12
stages.6.shortcut.1,0.9855117797851562,0.08217976987361908,relu,adamw,0,12
stages.7.bn1,0.9760591983795166,0.10377271473407745,relu,adamw,0,12
stages.7.bn2,0.9305409789085388,0.08217526227235794,relu,adamw,0,12
stem_bn,0.9448204636573792,0.146535724401474,relu,adamw,0,18
stages.0.bn1,0.979060709476471,0.14717939496040344,relu,adamw,0,18
stages.0.bn2,1.0292949676513672,0.11124198138713837,relu,adamw,0,18
stages.1.bn1,0.9642258882522583,0.22958537936210632,relu,adamw,0,18
stages.1.bn2,0.9900180101394653,0.10121729969978333,relu,adamw,0,18
stages.2.bn1,0.9785823822021484,0.1899833381175995,relu,adamw,0,18
stages.2.bn2,1.0044150352478027,0.1665513962507248,relu,adamw,0,18
stages.2.shortcut.1,0.9744226932525635,0.1665513962507248,relu,adamw,0,18
stages.3.bn1,0.9681258201599121,0.2531587779521942,relu,adamw,0,18
stages.3.bn2,0.9699242115020752,0.2070576250553131,relu,adamw,0,18
stages.4.bn1,0.9793676137924194,0.2319067120552063,relu,adamw,0,18
stages.4.bn2,1.0512348413467407,0.18797464668750763,relu,adamw,0,18
stages.4.shortcut.1,0.959686279296875,0.18797464668750763,relu,adamw,0,18
stages.5.bn1,0.9723924398422241,0.2531452775001526,relu,adamw,0,18
stages.5.bn2,0.9357287287712097,0.2044200897216797,relu,adamw,0,18
stages.6.bn1,0.9758998155593872,0.2085336446762085,relu,adamw,0,18
stages.6.bn2,1.0270919799804688,0.0840936154127121,relu,adamw,0,18
stages.6.shortcut.1,0.9861142039299011,0.0840936154127121,relu,adamw,0,18
stages.7.bn1,0.968008816242218,0.11518924683332443,relu,adamw,0,18
stages.7.bn2,0.9369657039642334,0.08112350851297379,relu,adamw,0,18
stem_bn,0.9443854093551636,0.14644894003868103,relu,adamw,0,24
stages.0.bn1,0.9789488911628723,0.1475404053926468,relu,adamw,0,24
stages.0.bn2,1.0293340682983398,0.11212275177240372,relu,adamw,0,24
stages.1.bn1,0.9641483426094055,0.22999563813209534,relu,adamw,0,24
stages.1.bn2,0.9904032945632935,0.1017950251698494,relu,adamw,0,24
stages.2.bn1,0.9784243106842041,0.19101069867610931,relu,adamw,0,24
stages.2.bn2,1.0048363208770752,0.16762444376945496,relu,adamw,0,24
stages.2.shortcut.1,0.9724851846694946,0.16762444376945496,relu,adamw,0,24
stages.3.bn1,0.9678793549537659,0.254520982503891,relu,adamw,0,24
stages.3.bn2,0.9710856676101685,0.20750583708286285,relu,adamw,0,24
stages.4.bn1,0.9791603088378906,0.23346856236457825,relu,adamw,0,24
stages.4.bn2,1.051544427871704,0.18990430235862732,relu,adamw,0,24
stages.4.shortcut.1,0.9568376541137695,0.18990430235862732,relu,adamw,0,24
stages.5.bn1,0.971739649772644,0.2562299370765686,relu,adamw,0,24
stages.5.bn2,0.9379026293754578,0.20523867011070251,relu,adamw,0,24
stages.6.bn1,0.975603461265564,0.210203617811203,relu,adamw,0,24
stages.6.bn2,1.0312844514846802,0.08293232321739197,relu,adamw,0,24
stages.6.shortcut.1,0.9864924550056458,0.08293232321739197,relu,adamw,0,24
stages.7.bn1,0.9664860367774963,0.11640480160713196,relu,adamw,0,24
stages.7.bn2,0.9430997967720032,0.07866848260164261,relu,adamw,0,24
stem_bn,1.0026029348373413,0.03444769233465195,relu,adamw,1,0
stages.0.bn1,0.998616099357605,0.020560991019010544,relu,adamw,1,0
stages.0.bn2,0.9992188811302185,0.014710518531501293,relu,adamw,1,0
stages.1.bn1,1.000137448310852,0.023960798978805542,relu,adamw,1,0
stages.1.bn2,0.9917033910751343,0.01766050234436989,relu,adamw,1,0
stages.2.bn1,1.0004048347473145,0.015246164053678513,relu,adamw,1,0
stages.2.bn2,0.9982318878173828,0.012804723344743252,relu,adamw,1,0
stages.2.shortcut.1,1.012728214263916,0.012804723344743252,relu,adamw,1,0
stages.3.bn1,0.999469518661499,0.01691523753106594,relu,adamw,1,0
stages.3.bn2,0.9853664636611938,0.016289327293634415,relu,adamw,1,0
stages.4.bn1,0.9999957084655762,0.014718610793352127,relu,adamw,1,0
stages.4.bn2,1.0055869817733765,0.012066829949617386,relu,adamw,1,0
stages.4.shortcut.1,1.0145974159240723,0.012066829949617386,relu,adamw,1,0
stages.5.bn1,1.0010098218917847,0.01454862393438816,relu,adamw,1,0
stages.5.bn2,0.9784196019172668,0.018231801688671112,relu,adamw,1,0
stages.6.bn1,0.9999386072158813,0.011162927374243736,relu,adamw,1,0
stages.6.bn2,0.9881678223609924,0.014372184872627258,relu,adamw,1,0
stages.6.shortcut.1,0.9943094253540039,0.014372184872627258,relu,adamw,1,0
stages.7.bn1,0.999373197555542,0.010464934632182121,relu,adamw,1,0
stages.7.bn2,0.9834026098251343,0.015161982737481594,relu,adamw,1,0
stem_bn,0.9734526872634888,0.11278952658176422,relu,adamw,1,6
stages.0.bn1,0.9950565695762634,0.09868821501731873,relu,adamw,1,6
stages.0.bn2,1.014873743057251,0.07399264723062515,relu,adamw,1,6
stages.1.bn1,0.9814947843551636,0.1595650315284729,relu,adamw,1,6
stages.1.bn2,0.9886599779129028,0.0872674509882927,relu,adamw,1,6
stages.2.bn1,0.9917866587638855,0.10635599493980408,relu,adamw,1,6
stages.2.bn2,0.9985624551773071,0.10041124373674393,relu,adamw,1,6
stages.2.shortcut.1,1.0025513172149658,0.10041124373674393,relu,adamw,1,6
stages.3.bn1,0.9861151576042175,0.1593913435935974,relu,adamw,1,6
stages.3.bn2,0.9665625095367432,0.1326952576637268,relu,adamw,1,6
stages.4.bn1,0.9920546412467957,0.1456092745065689,relu,adamw,1,6
stages.4.bn2,1.0376789569854736,0.11697212606668472,relu,adamw,1,6
stages.4.shortcut.1,0.9887176752090454,0.11697212606668472,relu,adamw,1,6
stages.5.bn1,0.983196496963501,0.17287597060203552,relu,adamw,1,6
stages.5.bn2,0.942428708076477,0.1371557116508484,relu,adamw,1,6
stages.6.bn1,0.9890757203102112,0.13552482426166534,relu,adamw,1,6
stages.6.bn2,0.9934250712394714,0.0673443078994751,relu,adamw,1,6
stages.6.shortcut.1,0.9794988036155701,0.0673443078994751,relu,adamw,1,6
stages.7.bn1,0.9886105060577393,0.07519875466823578,relu,adamw,1,6
stages.7.bn2,0.9426465034484863,0.0647386908531189,relu,adamw,1,6
stem_bn,0.956204891204834,0.13533595204353333,relu,adamw,1,12
stages.0.bn1,0.990305483341217,0.12244366109371185,relu,adamw,1,12
stages.0.bn2,1.0199120044708252,0.10067326575517654,relu,adamw,1,12
stages.1.bn1,0.9707179069519043,0.20473766326904297,relu,adamw,1,12
stages.1.bn2,0.9914838671684265,0.11765866726636887,relu,adamw,1,12
stages.2.bn1,0.9850956201553345,0.14978274703025818,relu,adamw,1,12
stages.2.bn2,0.9990147352218628,0.1485651135444641,relu,adamw,1,12
stages.2.shortcut.1,0.9834184050559998,0.1485651135444641,relu,adamw,1,12
stages.3.bn1,0.9753704071044922,0.2237040102481842,relu,adamw,1,12
stages.3.bn2,0.9702819585800171,0.18632866442203522,relu,adamw,1,12
stages.4.bn1,0.9828535914421082,0.2145184874534607,relu,adamw,1,12
stages.4.bn2,1.044585943222046,0.18777935206890106,relu,adamw,1,12
stages.4.shortcut.1,0.9503260850906372,0.18777935206890106,relu,adamw,1,12
stages.5.bn1,0.9584327340126038,0.2624348998069763,relu,adamw,1,12
stages.5.bn2,0.9495081901550293,0.19529522955417633,relu,adamw,1,12
stages.6.bn1,0.9807485342025757,0.19472375512123108,relu,adamw,1,12
stages.6.bn2,1.0070669651031494,0.0915287435054779,relu,adamw,1,12
stages.6.shortcut.1,0.9709581136703491,0.0915287435054779,relu,adamw,1,12
stages.7.bn1,0.9785146713256836,0.10844501852989197,relu,adamw,1,12
stages.7.bn2,0.9301799535751343,0.08411603420972824,relu,adamw,1,12
stem_bn,0.9510725736618042,0.14151307940483093,relu,adamw,1,18
stages.0.bn1,0.988645076751709,0.127711683511734,relu,adamw,1,18
stages.0.bn2,1.0214483737945557,0.10742205381393433,relu,adamw,1,18
stages.1.bn1,0.9686297178268433,0.21501190960407257,relu,adamw,1,18
stages.1.bn2,0.9925404787063599,0.12336421012878418,relu,adamw,1,18
stages.2.bn1,0.9831036329269409,0.16222737729549408,relu,adamw,1,18
stages.2.bn2,1.000810980796814,0.1606798768043518,relu,adamw,1,18
stages.2.shortcut.1,0.9729519486427307,0.1606798768043518,relu,adamw,1,18
stages.3.bn1,0.9716930389404297,0.24258920550346375,relu,adamw,1,18
stages.3.bn2,0.9746670722961426,0.19772188365459442,relu,adamw,1,18
stages.4.bn1,0.9797573685646057,0.23293213546276093,relu,adamw,1,18
stages.4.bn2,1.0460491180419922,0.20939773321151733,relu,adamw,1,18
stages.4.shortcut.1,0.9331727623939514,0.20939773321151733,relu,adamw,1,18
stages.5.bn1,0.9518334865570068,0.2863963544368744,relu,adamw,1,18
stages.5.bn2,0.9583361148834229,0.21028952300548553,relu,adamw,1,18
stages.6.bn1,0.9783895015716553,0.21027147769927979,relu,adamw,1,18
stages.6.bn2,1.0208996534347534,0.09393036365509033,relu,adamw,1,18
stages.6.shortcut.1,0.9712297916412354,0.09393036365509033,relu,adamw,1,18
stages.7.bn1,0.9736863970756531,0.11999829858541489,relu,adamw,1,18
stages.7.bn2,0.9421271681785583,0.08192827552556992,relu,adamw,1,18
stem_bn,0.9507955312728882,0.141169473528862,relu,adamw,1,24
stages.0.bn1,0.9883643388748169,0.1279795914888382,relu,adamw,1,24
stages.0.bn2,1.0211141109466553,0.10766719281673431,relu,adamw,1,24
stages.1.bn1,0.9685795307159424,0.21579807996749878,relu,adamw,1,24
stages.1.bn2,0.9927954077720642,0.12394167482852936,relu,adamw,1,24
stages.2.bn1,0.9829713106155396,0.16302049160003662,relu,adamw,1,24
stages.2.bn2,1.001198172569275,0.16173022985458374,relu,adamw,1,24
stages.2.shortcut.1,0.9710853695869446,0.16173022985458374,relu,adamw,1,24
stages.3.bn1,0.9714380502700806,0.24409259855747223,relu,adamw,1,24
stages.3.bn2,0.9758778810501099,0.1983238309621811,relu,adamw,1,24
stages.4.bn1,0.9795819520950317,0.2340739518404007,relu,adamw,1,24
stages.4.bn2,1.046313762664795,0.21136914193630219,relu,adamw,1,24
stages.4.shortcut.1,0.9304536581039429,0.21136914193630219,relu,adamw,1,24
stages.5.bn1,0.9516129493713379,0.28837305307388306,relu,adamw,1,24
stages.5.bn2,0.960631251335144,0.2110329568386078,relu,adamw,1,24
stages.6.bn1,0.978096604347229,0.21189944446086884,relu,adamw,1,24
stages.6.bn2,1.0252363681793213,0.09221714735031128,relu,adamw,1,24
stages.6.shortcut.1,0.9719051122665405,0.09221714735031128,relu,adamw,1,24
stages.7.bn1,0.9732084274291992,0.12080927193164825,relu,adamw,1,24
stages.7.bn2,0.9501191973686218,0.07865869998931885,relu,adamw,1,24
stem_bn,1.001315951347351,0.036724939942359924,relu,adamw,2,0
stages.0.bn1,1.0008463859558105,0.02385774254798889,relu,adamw,2,0
stages.0.bn2,1.0008888244628906,0.01783866435289383,relu,adamw,2,0
stages.1.bn1,1.0010263919830322,0.021584313362836838,relu,adamw,2,0
stages.1.bn2,0.9905352592468262,0.018106428906321526,relu,adamw,2,0
stages.2.bn1,0.9999558925628662,0.016687925904989243,relu,adamw,2,0
stages.2.bn2,0.9966922402381897,0.013502182438969612,relu,adamw,2,0
stages.2.shortcut.1,1.0143181085586548,0.013502182438969612,relu,adamw,2,0
stages.3.bn1,0.9995261430740356,0.014504998922348022,relu,adamw,2,0
stages.3.bn2,0.984188973903656,0.015132540836930275,relu,adamw,2,0
stages.4.bn1,1.0005555152893066,0.01280437782406807,relu,adamw,2,0
stages.4.bn2,1.002030372619629,0.011841697618365288,relu,adamw,2,0
stages.4.shortcut.1,1.0175135135650635,0.011841697618365288,relu,adamw,2,0
stages.5.bn1,0.9997188448905945,0.013523097150027752,relu,adamw,2,0
stages.5.bn2,0.979539692401886,0.016893858090043068,relu,adamw,2,0
stages.6.bn1,1.0007425546646118,0.012045430019497871,relu,adamw,2,0
stages.6.bn2,0.9877077341079712,0.013100812211632729,relu,adamw,2,0
stages.6.shortcut.1,0.9970566630363464,0.013100812211632729,relu,adamw,2,0
stages.7.bn1,0.9998233318328857,0.013761939480900764,relu,adamw,2,0
stages.7.bn2,0.9858885407447815,0.01408395916223526,relu,adamw,2,0
stem_bn,0.9692951440811157,0.11575391888618469,relu,adamw,2,6
stages.0.bn1,0.9980816841125488,0.08878366649150848,relu,adamw,2,6
stages.0.bn2,1.0120652914047241,0.07590442895889282,relu,adamw,2,6
stages.1.bn1,0.9883860349655151,0.14718365669250488,relu,adamw,2,6
stages.1.bn2,0.9950751066207886,0.10246990621089935,relu,adamw,2,6
stages.2.bn1,0.9919826984405518,0.1085318997502327,relu,adamw,2,6
stages.2.bn2,1.0047929286956787,0.10444296896457672,relu,adamw,2,6
stages.2.shortcut.1,1.004800796508789,0.10444296896457672,relu,adamw,2,6
stages.3.bn1,0.9876431226730347,0.15856456756591797,relu,adamw,2,6
stages.3.bn2,0.962105393409729,0.13755367696285248,relu,adamw,2,6
stages.4.bn1,0.9932863116264343,0.1319999396800995,relu,adamw,2,6
stages.4.bn2,1.0301587581634521,0.10973259806632996,relu,adamw,2,6
stages.4.shortcut.1,1.0060237646102905,0.10973259806632996,relu,adamw,2,6
stages.5.bn1,0.9933875799179077,0.15410825610160828,relu,adamw,2,6
stages.5.bn2,0.9432353973388672,0.1451948881149292,relu,adamw,2,6
stages.6.bn1,0.9896033406257629,0.12509308755397797,relu,adamw,2,6
stages.6.bn2,0.989966869354248,0.062404729425907135,relu,adamw,2,6
stages.6.shortcut.1,0.9878431558609009,0.062404729425907135,relu,adamw,2,6
stages.7.bn1,0.9920507669448853,0.05863043665885925,relu,adamw,2,6
stages.7.bn2,0.9427890777587891,0.06674796342849731,relu,adamw,2,6
stem_bn,0.951988697052002,0.141068235039711,relu,adamw,2,12
stages.0.bn1,0.9950951337814331,0.11323054134845734,relu,adamw,2,12
stages.0.bn2,1.0149257183074951,0.09554518014192581,relu,adamw,2,12
stages.1.bn1,0.9788857698440552,0.19452330470085144,relu,adamw,2,12
stages.1.bn2,1.0000791549682617,0.13526085019111633,relu,adamw,2,12
stages.2.bn1,0.9852246046066284,0.1526404321193695,relu,adamw,2,12
stages.2.bn2,1.0075106620788574,0.15506160259246826,relu,adamw,2,12
stages.2.shortcut.1,0.983070969581604,0.15506160259246826,relu,adamw,2,12
stages.3.bn1,0.9778396487236023,0.22916078567504883,relu,adamw,2,12
stages.3.bn2,0.9650874137878418,0.1937304437160492,relu,adamw,2,12
stages.4.bn1,0.9849685430526733,0.19667750597000122,relu,adamw,2,12
stages.4.bn2,1.0400214195251465,0.17815516889095306,relu,adamw,2,12
stages.4.shortcut.1,0.9699722528457642,0.17815516889095306,relu,adamw,2,12
stages.5.bn1,0.9783236980438232,0.23902231454849243,relu,adamw,2,12
stages.5.bn2,0.9472220540046692,0.20583774149417877,relu,adamw,2,12
stages.6.bn1,0.9801244735717773,0.18307384848594666,relu,adamw,2,12
stages.6.bn2,1.0068048238754272,0.08377645909786224,relu,adamw,2,12
stages.6.shortcut.1,0.980029821395874,0.08377645909786224,relu,adamw,2,12
stages.7.bn1,0.9795487523078918,0.08610928803682327,relu,adamw,2,12
stages.7.bn2,0.9271934032440186,0.08686782419681549,relu,adamw,2,12
stem_bn,0.9484144449234009,0.14416596293449402,relu,adamw,2,18
stages.0.bn1,0.9938157796859741,0.121029794216156,relu,adamw,2,18
stages.0.bn2,1.0146000385284424,0.10280255228281021,relu,adamw,2,18
stages.1.bn1,0.9773116707801819,0.20381036400794983,relu,adamw,2,18
stages.1.bn2,1.0026392936706543,0.14210131764411926,relu,adamw,2,18
stages.2.bn1,0.983127236366272,0.16536611318588257,relu,adamw,2,18
stages.2.bn2,1.0099056959152222,0.16741546988487244,relu,adamw,2,18
stages.2.shortcut.1,0.9720049500465393,0.16741546988487244,relu,adamw,2,18
stages.3.bn1,0.9746888875961304,0.24748066067695618,relu,adamw,2,18
stages.3.bn2,0.9700913429260254,0.20542657375335693,relu,adamw,2,18
stages.4.bn1,0.9824129343032837,0.21488752961158752,relu,adamw,2,18
stages.4.bn2,1.0423634052276611,0.19894477725028992,relu,adamw,2,18
stages.4.shortcut.1,0.9523326754570007,0.19894477725028992,relu,adamw,2,18
stages.5.bn1,0.9734048843383789,0.26353609561920166,relu,adamw,2,18
stages.5.bn2,0.9547332525253296,0.2201654016971588,relu,adamw,2,18
stages.6.bn1,0.9768064618110657,0.20044799149036407,relu,adamw,2,18
stages.6.bn2,1.0220729112625122,0.08491663634777069,relu,adamw,2,18
stages.6.shortcut.1,0.9817533493041992,0.08491663634777069,relu,adamw,2,18
stages.7.bn1,0.9709596633911133,0.09765308350324631,relu,adamw,2,18
stages.7.bn2,0.9340041875839233,0.0854964554309845,relu,adamw,2,18
stem_bn,0.9479759335517883,0.14377525448799133,relu,adamw,2,24
stages.0.bn1,0.9938082098960876,0.12104705721139908,relu,adamw,2,24
stages.0.bn2,1.0144884586334229,0.10342079401016235,relu,adamw,2,24
stages.1.bn1,0.9773334264755249,0.20398423075675964,relu,adamw,2,24
stages.1.bn2,1.0030322074890137,0.14243055880069733,relu,adamw,2,24
stages.2.bn1,0.9829939603805542,0.16615380346775055,relu,adamw,2,24
stages.2.bn2,1.0100042819976807,0.16871453821659088,relu,adamw,2,24
stages.2.shortcut.1,0.9698516130447388,0.16871453821659088,relu,adamw,2,24
stages.3.bn1,0.9744774103164673,0.24892081320285797,relu,adamw,2,24
stages.3.bn2,0.9718062877655029,0.20598533749580383,relu,adamw,2,24
stages.4.bn1,0.9822226762771606,0.2166936993598938,relu,adamw,2,24
stages.4.bn2,1.0424749851226807,0.20110422372817993,relu,adamw,2,24
stages.4.shortcut.1,0.9495805501937866,0.20110422372817993,relu,adamw,2,24
stages.5.bn1,0.9729297757148743,0.2658902108669281,relu,adamw,2,24
stages.5.bn2,0.9569011926651001,0.22112640738487244,relu,adamw,2,24
stages.6.bn1,0.9765162467956543,0.20206329226493835,relu,adamw,2,24
stages.6.bn2,1.0263123512268066,0.08345215022563934,relu,adamw,2,24
stages.6.shortcut.1,0.9823871850967407,0.08345215022563934,relu,adamw,2,24
stages.7.bn1,0.9691566228866577,0.09909984469413757,relu,adamw,2,24
stages.7.bn2,0.9398704767227173,0.0829039141535759,relu,adamw,2,24
stem_bn,1.0081291198730469,0.030569996684789658,gelu,adamw,0,0
stages.0.bn1,1.009047031402588,0.02461664006114006,gelu,adamw,0,0
stages.0.bn2,1.0019052028656006,0.018933383747935295,gelu,adamw,0,0
stages.1.bn1,1.0077247619628906,0.023014584556221962,gelu,adamw,0,0
stages.1.bn2,0.9899475574493408,0.018827907741069794,gelu,adamw,0,0
stages.2.bn1,1.0038410425186157,0.01660548709332943,gelu,adamw,0,0
stages.2.bn2,0.9948058724403381,0.014126306399703026,gelu,adamw,0,0
stages.2.shortcut.1,1.020613431930542,0.014126306399703026,gelu,adamw,0,0
stages.3.bn1,1.0010795593261719,0.016129299998283386,gelu,adamw,0,0
stages.3.bn2,0.9799531698226929,0.014171214774250984,gelu,adamw,0,0
stages.4.bn1,1.0000481605529785,0.013361882418394089,gelu,adamw,0,0
stages.4.bn2,0.9991332292556763,0.012768890708684921,gelu,adamw,0,0
stages.4.shortcut.1,1.0220556259155273,0.012768890708684921,gelu,adamw,0,0
stages.5.bn1,1.001508116722107,0.014051214791834354,gelu,adamw,0,0
stages.5.bn2,0.9763741493225098,0.013867543078958988,gelu,adamw,0,0
stages.6.bn1,1.0007586479187012,0.011988065205514431,gelu,adamw,0,0
stages.6.bn2,0.9842125177383423,0.013228890486061573,gelu,adamw,0,0
stages.6.shortcut.1,0.9975999593734741,0.013228890486061573,gelu,adamw,0,0
stages.7.bn1,0.9984031319618225,0.012813031673431396,gelu,adamw,0,0
stages.7.bn2,0.9844456911087036,0.014756394550204277,gelu,adamw,0,0
stem_bn,0.9921059012413025,0.10852883756160736,gelu,adamw,0,6
stages.0.bn1,1.0374970436096191,0.1001114770770073,gelu,adamw,0,6
stages.0.bn2,1.0255346298217773,0.08961974829435349,gelu,adamw,0,6
stages.1.bn1,1.041210412979126,0.17122682929039001,gelu,adamw,0,6
stages.1.bn2,0.9966175556182861,0.09859678149223328,gelu,adamw,0,6
stages.2.bn1,1.0167312622070312,0.12899433076381683,gelu,adamw,0,6
stages.2.bn2,1.0064702033996582,0.10130760073661804,gelu,adamw,0,6
stages.2.shortcut.1,0.9973701238632202,0.10130760073661804,gelu,adamw,0,6
stages.3.bn1,1.0099369287490845,0.16764891147613525,gelu,adamw,0,6
stages.3.bn2,0.9586143493652344,0.13513126969337463,gelu,adamw,0,6
stages.4.bn1,1.0088626146316528,0.15139615535736084,gelu,adamw,0,6
stages.4.bn2,1.0278315544128418,0.09268436580896378,gelu,adamw,0,6
stages.4.shortcut.1,1.0061672925949097,0.09268436580896378,gelu,adamw,0,6
stages.5.bn1,1.0099599361419678,0.15466877818107605,gelu,adamw,0,6
stages.5.bn2,0.9273520708084106,0.12384943664073944,gelu,adamw,0,6
stages.6.bn1,1.0004552602767944,0.1065930724143982,gelu,adamw,0,6
stages.6.bn2,0.9801696538925171,0.05874737352132797,gelu,adamw,0,6
stages.6.shortcut.1,0.9956545829772949,0.05874737352132797,gelu,adamw,0,6
stages.7.bn1,0.9971446990966797,0.07202240079641342,gelu,adamw,0,6
stages.7.bn2,0.9443649053573608,0.06307841837406158,gelu,adamw,0,6
stem_bn,0.982390284538269,0.13430067896842957,gelu,adamw,0,12
stages.0.bn1,1.044358491897583,0.13571485877037048,gelu,adamw,0,12
stages.0.bn2,1.0357334613800049,0.11298839747905731,gelu,adamw,0,12
stages.1.bn1,1.0507781505584717,0.2264866977930069,gelu,adamw,0,12
stages.1.bn2,1.0002641677856445,0.1267700493335724,gelu,adamw,0,12
stages.2.bn1,1.0201297998428345,0.17994843423366547,gelu,adamw,0,12
stages.2.bn2,1.0120391845703125,0.14489662647247314,gelu,adamw,0,12
stages.2.shortcut.1,0.9700920581817627,0.14489662647247314,gelu,adamw,0,12
stages.3.bn1,1.0134449005126953,0.23918454349040985,gelu,adamw,0,12
stages.3.bn2,0.9654821157455444,0.18413566052913666,gelu,adamw,0,12
stages.4.bn1,1.0108177661895752,0.21892809867858887,gelu,adamw,0,12
stages.4.bn2,1.0347234010696411,0.15495622158050537,gelu,adamw,0,12
stages.4.shortcut.1,0.9683036804199219,0.15495622158050537,gelu,adamw,0,12
stages.5.bn1,1.0046495199203491,0.2521422207355499,gelu,adamw,0,12
stages.5.bn2,0.9347902536392212,0.17942708730697632,gelu,adamw,0,12
stages.6.bn1,0.9993582367897034,0.17148980498313904,gelu,adamw,0,12
stages.6.bn2,0.9975665211677551,0.07695421576499939,gelu,adamw,0,12
stages.6.shortcut.1,0.9921023845672607,0.07695421576499939,gelu,adamw,0,12
stages.7.bn1,0.9910684823989868,0.10377726703882217,gelu,adamw,0,12
stages.7.bn2,0.9307677745819092,0.0808887928724289,gelu,adamw,0,12
stem_bn,0.9801940321922302,0.13898886740207672,gelu,adamw,0,18
stages.0.bn1,1.0476278066635132,0.1454058438539505,gelu,adamw,0,18
stages.0.bn2,1.038159966468811,0.11769555509090424,gelu,adamw,0,18
stages.1.bn1,1.0540465116500854,0.24057993292808533,gelu,adamw,0,18
stages.1.bn2,1.0035033226013184,0.13251449167728424,gelu,adamw,0,18
stages.2.bn1,1.0214649438858032,0.1940624713897705,gelu,adamw,0,18
stages.2.bn2,1.0144176483154297,0.15765613317489624,gelu,adamw,0,18
stages.2.shortcut.1,0.9568531513214111,0.15765613317489624,gelu,adamw,0,18
stages.3.bn1,1.0141892433166504,0.25965073704719543,gelu,adamw,0,18
stages.3.bn2,0.9732691645622253,0.19407814741134644,gelu,adamw,0,18
stages.4.bn1,1.0117038488388062,0.23651999235153198,gelu,adamw,0,18
stages.4.bn2,1.03611159324646,0.1755179762840271,gelu,adamw,0,18
stages.4.shortcut.1,0.950493335723877,0.1755179762840271,gelu,adamw,0,18
stages.5.bn1,1.0055623054504395,0.2810991406440735,gelu,adamw,0,18
stages.5.bn2,0.9450871348381042,0.19317489862442017,gelu,adamw,0,18
stages.6.bn1,0.9999319314956665,0.19032016396522522,gelu,adamw,0,18
stages.6.bn2,1.0124008655548096,0.07782699912786484,gelu,adamw,0,18
stages.6.shortcut.1,0.9948321580886841,0.07782699912786484,gelu,adamw,0,18
stages.7.bn1,0.9857041835784912,0.11782251298427582,gelu,adamw,0,18
stages.7.bn2,0.9344053268432617,0.08082272112369537,gelu,adamw,0,18
stem_bn,0.9799997806549072,0.13898125290870667,gelu,adamw,0,24
stages.0.bn1,1.0481665134429932,0.14601367712020874,gelu,adamw,0,24
stages.0.bn2,1.0384286642074585,0.11832355707883835,gelu,adamw,0,24
stages.1.bn1,1.054382562637329,0.24110162258148193,gelu,adamw,0,24
stages.1.bn2,1.0039384365081787,0.13260388374328613,gelu,adamw,0,24
stages.2.bn1,1.0214338302612305,0.19524019956588745,gelu,adamw,0,24
stages.2.bn2,1.0146687030792236,0.15873169898986816,gelu,adamw,0,24
stages.2.shortcut.1,0.9549301862716675,0.15873169898986816,gelu,adamw,0,24
stages.3.bn1,1.0144433975219727,0.26128849387168884,gelu,adamw,0,24
stages.3.bn2,0.9745225310325623,0.19428566098213196,gelu,adamw,0,24
stages.4.bn1,1.011725902557373,0.23808827996253967,gelu,adamw,0,24
stages.4.bn2,1.0364136695861816,0.17746379971504211,gelu,adamw,0,24
stages.4.shortcut.1,0.9473494291305542,0.17746379971504211,gelu,adamw,0,24
stages.5.bn1,1.005944848060608,0.28367340564727783,gelu,adamw,0,24
stages.5.bn2,0.9478956460952759,0.19403204321861267,gelu,adamw,0,24
stages.6.bn1,1.0001147985458374,0.19244886934757233,gelu,adamw,0,24
stages.6.bn2,1.0167046785354614,0.07621768862009048,gelu,adamw,0,24
stages.6.shortcut.1,0.9957857131958008,0.07621768862009048,gelu,adamw,0,24
stages.7.bn1,0.9840712547302246,0.11955295503139496,gelu,adamw,0,24
stages.7.bn2,0.939332902431488,0.07850688695907593,gelu,adamw,0,24
stem_bn,1.0062918663024902,0.0330241322517395,gelu,adamw,1,0
stages.0.bn1,1.0084433555603027,0.02363303303718567,gelu,adamw,1,0
stages.0.bn2,1.003572940826416,0.016945339739322662,gelu,adamw,1,0
stages.1.bn1,1.0103554725646973,0.022146672010421753,gelu,adamw,1,0
stages.1.bn2,0.9896491765975952,0.020111585035920143,gelu,adamw,1,0
stages.2.bn1,1.003786325454712,0.014312472194433212,gelu,adamw,1,0
stages.2.bn2,1.0019385814666748,0.010759852826595306,gelu,adamw,1,0
stages.2.shortcut.1,1.0164003372192383,0.010759852826595306,gelu,adamw,1,0
stages.3.bn1,1.0016511678695679,0.014961909502744675,gelu,adamw,1,0
stages.3.bn2,0.9755457043647766,0.014012457802891731,gelu,adamw,1,0
stages.4.bn1,0.9998857975006104,0.015735458582639694,gelu,adamw,1,0
stages.4.bn2,1.0008068084716797,0.011315464973449707,gelu,adamw,1,0
stages.4.shortcut.1,1.0176353454589844,0.011315464973449707,gelu,adamw,1,0
stages.5.bn1,1.000510811805725,0.01673922874033451,gelu,adamw,1,0
stages.5.bn2,0.977853000164032,0.015566717833280563,gelu,adamw,1,0
stages.6.bn1,1.0001147985458374,0.011200698092579842,gelu,adamw,1,0
stages.6.bn2,0.9828004240989685,0.013318904675543308,gelu,adamw,1,0
stages.6.shortcut.1,0.9982478618621826,0.013318904675543308,gelu,adamw,1,0
stages.7.bn1,0.9995862245559692,0.0121623445302248,gelu,adamw,1,0
stages.7.bn2,0.9835588932037354,0.014580179937183857,gelu,adamw,1,0
stem_bn,0.980209231376648,0.11720573902130127,gelu,adamw,1,6
stages.0.bn1,1.0375785827636719,0.09285608679056168,gelu,adamw,1,6
stages.0.bn2,1.0288141965866089,0.08192621171474457,gelu,adamw,1,6
stages.1.bn1,1.0407946109771729,0.1561984270811081,gelu,adamw,1,6
stages.1.bn2,1.0003864765167236,0.11900109052658081,gelu,adamw,1,6
stages.2.bn1,1.0148160457611084,0.1168549507856369,gelu,adamw,1,6
stages.2.bn2,1.0243730545043945,0.08158224076032639,gelu,adamw,1,6
stages.2.shortcut.1,0.9963250756263733,0.08158224076032639,gelu,adamw,1,6
stages.3.bn1,1.0166730880737305,0.16561521589756012,gelu,adamw,1,6
stages.3.bn2,0.9418278336524963,0.11524179577827454,gelu,adamw,1,6
stages.4.bn1,1.0056142807006836,0.15608680248260498,gelu,adamw,1,6
stages.4.bn2,1.033229112625122,0.09633848071098328,gelu,adamw,1,6
stages.4.shortcut.1,0.9880979657173157,0.09633848071098328,gelu,adamw,1,6
stages.5.bn1,1.0144081115722656,0.16465651988983154,gelu,adamw,1,6
stages.5.bn2,0.9327791929244995,0.13143229484558105,gelu,adamw,1,6
stages.6.bn1,0.9980497360229492,0.12868501245975494,gelu,adamw,1,6
stages.6.bn2,0.9777902960777283,0.06142725050449371,gelu,adamw,1,6
stages.6.shortcut.1,0.9909307360649109,0.06142725050449371,gelu,adamw,1,6
stages.7.bn1,1.001699686050415,0.06907594203948975,gelu,adamw,1,6
stages.7.bn2,0.9436304569244385,0.06349140405654907,gelu,adamw,1,6
stem_bn,0.9670858383178711,0.1434468775987625,gelu,adamw,1,12
stages.0.bn1,1.0466594696044922,0.12259671837091446,gelu,adamw,1,12
stages.0.bn2,1.0367796421051025,0.10593127459287643,gelu,adamw,1,12
stages.1.bn1,1.0525182485580444,0.21222791075706482,gelu,adamw,1,12
stages.1.bn2,1.0089317560195923,0.15722545981407166,gelu,adamw,1,12
stages.2.bn1,1.018059253692627,0.16877681016921997,gelu,adamw,1,12
stages.2.bn2,1.0318591594696045,0.12148523330688477,gelu,adamw,1,12
stages.2.shortcut.1,0.9714373350143433,0.12148523330688477,gelu,adamw,1,12
stages.3.bn1,1.0199054479599,0.24062936007976532,gelu,adamw,1,12
stages.3.bn2,0.9430339336395264,0.1653423011302948,gelu,adamw,1,12
stages.4.bn1,1.0076987743377686,0.22983670234680176,gelu,adamw,1,12
stages.4.bn2,1.0402556657791138,0.16150280833244324,gelu,adamw,1,12
stages.4.shortcut.1,0.9477946758270264,0.16150280833244324,gelu,adamw,1,12
stages.5.bn1,1.009915828704834,0.26374685764312744,gelu,adamw,1,12
stages.5.bn2,0.9425777196884155,0.19339177012443542,gelu,adamw,1,12
stages.6.bn1,0.9969173669815063,0.19425517320632935,gelu,adamw,1,12
stages.6.bn2,0.9955089092254639,0.08171603083610535,gelu,adamw,1,12
stages.6.shortcut.1,0.9858318567276001,0.08171603083610535,gelu,adamw,1,12
stages.7.bn1,0.9989010095596313,0.10267506539821625,gelu,adamw,1,12
stages.7.bn2,0.9307134747505188,0.08185885101556778,gelu,adamw,1,12
stem_bn,0.962557852268219,0.1500975489616394,gelu,adamw,1,18
stages.0.bn1,1.050085186958313,0.131852388381958,gelu,adamw,1,18
stages.0.bn2,1.0400662422180176,0.11180415004491806,gelu,adamw,1,18
stages.1.bn1,1.055846095085144,0.22845596075057983,gelu,adamw,1,18
stages.1.bn2,1.012327790260315,0.16606895625591278,gelu,adamw,1,18
stages.2.bn1,1.0190200805664062,0.1812242865562439,gelu,adamw,1,18
stages.2.bn2,1.0346651077270508,0.13214844465255737,gelu,adamw,1,18
stages.2.shortcut.1,0.9584932923316956,0.13214844465255737,gelu,adamw,1,18
stages.3.bn1,1.021205186843872,0.2609407603740692,gelu,adamw,1,18
stages.3.bn2,0.9495428800582886,0.17554306983947754,gelu,adamw,1,18
stages.4.bn1,1.0089192390441895,0.24961279332637787,gelu,adamw,1,18
stages.4.bn2,1.0424423217773438,0.18145652115345,gelu,adamw,1,18
stages.4.shortcut.1,0.9291757941246033,0.18145652115345,gelu,adamw,1,18
stages.5.bn1,1.009128451347351,0.29158321022987366,gelu,adamw,1,18
stages.5.bn2,0.9517140984535217,0.2094629853963852,gelu,adamw,1,18
stages.6.bn1,0.9975439310073853,0.2127729058265686,gelu,adamw,1,18
stages.6.bn2,1.0104368925094604,0.08291666954755783,gelu,adamw,1,18
stages.6.shortcut.1,0.9871323108673096,0.08291666954755783,gelu,adamw,1,18
stages.7.bn1,0.9949336051940918,0.11788541823625565,gelu,adamw,1,18
stages.7.bn2,0.9385912418365479,0.08083188533782959,gelu,adamw,1,18
stem_bn,0.962573230266571,0.1504247486591339,gelu,adamw,1,24
stages.0.bn1,1.0503915548324585,0.1327465921640396,gelu,adamw,1,24
stages.0.bn2,1.040212869644165,0.11156406998634338,gelu,adamw,1,24
stages.1.bn1,1.0563684701919556,0.2295791208744049,gelu,adamw,1,24
stages.1.bn2,1.0123631954193115,0.16656965017318726,gelu,adamw,1,24
stages.2.bn1,1.0190634727478027,0.18231666088104248,gelu,adamw,1,24
stages.2.bn2,1.0349950790405273,0.13279858231544495,gelu,adamw,1,24
stages.2.shortcut.1,0.9568688869476318,0.13279858231544495,gelu,adamw,1,24
stages.3.bn1,1.0213851928710938,0.2625890076160431,gelu,adamw,1,24
stages.3.bn2,0.9505561590194702,0.17585526406764984,gelu,adamw,1,24
stages.4.bn1,1.0091631412506104,0.2508995234966278,gelu,adamw,1,24
stages.4.bn2,1.0426808595657349,0.18354517221450806,gelu,adamw,1,24
stages.4.shortcut.1,0.9261313676834106,0.18354517221450806,gelu,adamw,1,24
stages.5.bn1,1.0093843936920166,0.2940812408924103,gelu,adamw,1,24
stages.5.bn2,0.9542060494422913,0.21045581996440887,gelu,adamw,1,24
stages.6.bn1,0.9977173805236816,0.21445052325725555,gelu,adamw,1,24
stages.6.bn2,1.0145584344863892,0.08134123682975769,gelu,adamw,1,24
stages.6.shortcut.1,0.9880249500274658,0.08134123682975769,gelu,adamw,1,24
stages.7.bn1,0.9940035343170166,0.1194976270198822,gelu,adamw,1,24
stages.7.bn2,0.9443047046661377,0.07839018106460571,gelu,adamw,1,24
stem_bn,1.0084888935089111,0.03257589414715767,gelu,adamw,2,0
stages.0.bn1,1.0085994005203247,0.018993675708770752,gelu,adamw,2,0
stages.0.bn2,1.0012736320495605,0.016394589096307755,gelu,adamw,2,0
stages.1.bn1,1.007641315460205,0.023688334971666336,gelu,adamw,2,0
stages.1.bn2,0.9896801114082336,0.025665849447250366,gelu,adamw,2,0
stages.2.bn1,1.0040690898895264,0.01484255027025938,gelu,adamw,2,0
stages.2.bn2,0.998275637626648,0.014285210520029068,gelu,adamw,2,0
stages.2.shortcut.1,1.0180199146270752,0.014285210520029068,gelu,adamw,2,0
stages.3.bn1,1.0030218362808228,0.018871957436203957,gelu,adamw,2,0
stages.3.bn2,0.9735231399536133,0.015125206671655178,gelu,adamw,2,0
stages.4.bn1,0.999280571937561,0.01872107945382595,gelu,adamw,2,0
stages.4.bn2,1.0012613534927368,0.014026017859578133,gelu,adamw,2,0
stages.4.shortcut.1,1.0203537940979004,0.014026017859578133,gelu,adamw,2,0
stages.5.bn1,1.0006084442138672,0.015193181112408638,gelu,adamw,2,0
stages.5.bn2,0.9723415374755859,0.015562029555439949,gelu,adamw,2,0
stages.6.bn1,1.0003358125686646,0.013890390284359455,gelu,adamw,2,0
stages.6.bn2,0.979889988899231,0.013018665835261345,gelu,adamw,2,0
stages.6.shortcut.1,0.9999130964279175,0.013018665835261345,gelu,adamw,2,0
stages.7.bn1,0.9987252354621887,0.0163507591933012,gelu,adamw,2,0
stages.7.bn2,0.9817719459533691,0.014434866607189178,gelu,adamw,2,0
stem_bn,0.9826591610908508,0.1078929528594017,gelu,adamw,2,6
stages.0.bn1,1.03580904006958,0.09016577154397964,gelu,adamw,2,6
stages.0.bn2,1.0293550491333008,0.08245871961116791,gelu,adamw,2,6
stages.1.bn1,1.0405051708221436,0.13739776611328125,gelu,adamw,2,6
stages.1.bn2,0.9945455193519592,0.1409459114074707,gelu,adamw,2,6
stages.2.bn1,1.0162959098815918,0.11731984466314316,gelu,adamw,2,6
stages.2.bn2,1.0084798336029053,0.08762438595294952,gelu,adamw,2,6
stages.2.shortcut.1,0.9996604919433594,0.08762438595294952,gelu,adamw,2,6
stages.3.bn1,1.0160285234451294,0.18624892830848694,gelu,adamw,2,6
stages.3.bn2,0.9541352987289429,0.12023944407701492,gelu,adamw,2,6
stages.4.bn1,1.0085926055908203,0.1620231568813324,gelu,adamw,2,6
stages.4.bn2,1.0366096496582031,0.10098452121019363,gelu,adamw,2,6
stages.4.shortcut.1,0.9900674819946289,0.10098452121019363,gelu,adamw,2,6
stages.5.bn1,1.0158970355987549,0.16506440937519073,gelu,adamw,2,6
stages.5.bn2,0.9329830408096313,0.13152703642845154,gelu,adamw,2,6
stages.6.bn1,1.0052828788757324,0.14089491963386536,gelu,adamw,2,6
stages.6.bn2,0.9863698482513428,0.059640444815158844,gelu,adamw,2,6
stages.6.shortcut.1,0.9883981943130493,0.059640444815158844,gelu,adamw,2,6
stages.7.bn1,1.0046262741088867,0.06745146214962006,gelu,adamw,2,6
stages.7.bn2,0.940024733543396,0.06413884460926056,gelu,adamw,2,6
stem_bn,0.9647740125656128,0.1364917904138565,gelu,adamw,2,12
stages.0.bn1,1.0423989295959473,0.12174858152866364,gelu,adamw,2,12
stages.0.bn2,1.0392946004867554,0.10829995572566986,gelu,adamw,2,12
stages.1.bn1,1.0521868467330933,0.18397895991802216,gelu,adamw,2,12
stages.1.bn2,1.0035821199417114,0.18132582306861877,gelu,adamw,2,12
stages.2.bn1,1.0199209451675415,0.1673227697610855,gelu,adamw,2,12
stages.2.bn2,1.0157767534255981,0.13165777921676636,gelu,adamw,2,12
stages.2.shortcut.1,0.9688871502876282,0.13165777921676636,gelu,adamw,2,12
stages.3.bn1,1.0166451930999756,0.26445677876472473,gelu,adamw,2,12
stages.3.bn2,0.9609494209289551,0.16845664381980896,gelu,adamw,2,12
stages.4.bn1,1.0114514827728271,0.2324236035346985,gelu,adamw,2,12
stages.4.bn2,1.0461757183074951,0.1617824286222458,gelu,adamw,2,12
stages.4.shortcut.1,0.9515514373779297,0.1617824286222458,gelu,adamw,2,12
stages.5.bn1,1.0152455568313599,0.2581585645675659,gelu,adamw,2,12
stages.5.bn2,0.9366049766540527,0.1889229416847229,gelu,adamw,2,12
stages.6.bn1,1.005356788635254,0.2044171541929245,gelu,adamw,2,12
stages.6.bn2,1.0083566904067993,0.07886675745248795,gelu,adamw,2,12
stages.6.shortcut.1,0.9820165038108826,0.07886675745248795,gelu,adamw,2,12
stages.7.bn1,0.9988458156585693,0.0986422449350357,gelu,adamw,2,12
stages.7.bn2,0.9267262816429138,0.08248095214366913,gelu,adamw,2,12
stem_bn,0.9610910415649414,0.14178568124771118,gelu,adamw,2,18
stages.0.bn1,1.045261025428772,0.1311677247285843,gelu,adamw,2,18
stages.0.bn2,1.042387843132019,0.11328035593032837,gelu,adamw,2,18
stages.1.bn1,1.0553183555603027,0.1956435889005661,gelu,adamw,2,18
stages.1.bn2,1.0080101490020752,0.18848799169063568,gelu,adamw,2,18
stages.2.bn1,1.021162748336792,0.17950502038002014,gelu,adamw,2,18
stages.2.bn2,1.0195393562316895,0.14295394718647003,gelu,adamw,2,18
stages.2.shortcut.1,0.9554063677787781,0.14295394718647003,gelu,adamw,2,18
stages.3.bn1,1.0171371698379517,0.28382986783981323,gelu,adamw,2,18
stages.3.bn2,0.9672951698303223,0.17895901203155518,gelu,adamw,2,18
stages.4.bn1,1.0119678974151611,0.2516370117664337,gelu,adamw,2,18
stages.4.bn2,1.0474804639816284,0.18055805563926697,gelu,adamw,2,18
stages.4.shortcut.1,0.9353344440460205,0.18055805563926697,gelu,adamw,2,18
stages.5.bn1,1.0141642093658447,0.2883642911911011,gelu,adamw,2,18
stages.5.bn2,0.9444762468338013,0.2035849690437317,gelu,adamw,2,18
stages.6.bn1,1.005826473236084,0.22290223836898804,gelu,adamw,2,18
stages.6.bn2,1.0253647565841675,0.08005773276090622,gelu,adamw,2,18
stages.6.shortcut.1,0.9836851358413696,0.08005773276090622,gelu,adamw,2,18
stages.7.bn1,0.9901158213615417,0.1151888519525528,gelu,adamw,2,18
stages.7.bn2,0.9310190081596375,0.08212515711784363,gelu,adamw,2,18
stem_bn,0.9608107209205627,0.14217031002044678,gelu,adamw,2,24
stages.0.bn1,1.0453059673309326,0.13171207904815674,gelu,adamw,2,24
stages.0.bn2,1.0427794456481934,0.11323373764753342,gelu,adamw,2,24
stages.1.bn1,1.0557587146759033,0.19657522439956665,gelu,adamw,2,24
stages.1.bn2,1.008913278579712,0.18840131163597107,gelu,adamw,2,24
stages.2.bn1,1.0212322473526,0.18054258823394775,gelu,adamw,2,24
stages.2.bn2,1.01988685131073,0.14405199885368347,gelu,adamw,2,24
stages.2.shortcut.1,0.9528396725654602,0.14405199885368347,gelu,adamw,2,24
stages.3.bn1,1.017279863357544,0.2852708101272583,gelu,adamw,2,24
stages.3.bn2,0.9688793420791626,0.17929032444953918,gelu,adamw,2,24
stages.4.bn1,1.0122262239456177,0.2526818513870239,gelu,adamw,2,24
stages.4.bn2,1.0476231575012207,0.18256890773773193,gelu,adamw,2,24
stages.4.shortcut.1,0.9323462843894958,0.18256890773773193,gelu,adamw,2,24
stages.5.bn1,1.0141732692718506,0.2912493348121643,gelu,adamw,2,24
stages.5.bn2,0.9468128085136414,0.2044876217842102,gelu,adamw,2,24
stages.6.bn1,1.0058813095092773,0.22477956116199493,gelu,adamw,2,24
stages.6.bn2,1.0294280052185059,0.07904665917158127,gelu,adamw,2,24
stages.6.shortcut.1,0.9842296838760376,0.07904665917158127,gelu,adamw,2,24
stages.7.bn1,0.9877982139587402,0.11744143068790436,gelu,adamw,2,24
stages.7.bn2,0.9353803992271423,0.08026012778282166,gelu,adamw,2,24
stem_bn,1.0097787380218506,0.02908109687268734,silu,adamw,0,0
stages.0.bn1,1.0174447298049927,0.020899750292301178,silu,adamw,0,0
stages.0.bn2,1.0134376287460327,0.013515484519302845,silu,adamw,0,0
stages.1.bn1,1.0076364278793335,0.01985315978527069,silu,adamw,0,0
stages.1.bn2,0.9878116250038147,0.018429791554808617,silu,adamw,0,0
stages.2.bn1,1.005211591720581,0.013127006590366364,silu,adamw,0,0
stages.2.bn2,1.0012646913528442,0.012735320255160332,silu,adamw,0,0
stages.2.shortcut.1,1.0235577821731567,0.012735320255160332,silu,adamw,0,0
stages.3.bn1,1.0047225952148438,0.013906342908740044,silu,adamw,0,0
stages.3.bn2,0.9755674004554749,0.014270438812673092,silu,adamw,0,0
stages.4.bn1,1.0021171569824219,0.015245805494487286,silu,adamw,0,0
stages.4.bn2,1.0038068294525146,0.019320830702781677,silu,adamw,0,0
stages.4.shortcut.1,1.0277791023254395,0.019320830702781677,silu,adamw,0,0
stages.5.bn1,1.0017205476760864,0.017712119966745377,silu,adamw,0,0
stages.5.bn2,0.9733527898788452,0.013899493962526321,silu,adamw,0,0
stages.6.bn1,1.001906394958496,0.02570515125989914,silu,adamw,0,0
stages.6.bn2,0.9868024587631226,0.011601310223340988,silu,adamw,0,0
stages.6.shortcut.1,1.000443696975708,0.011601310223340988,silu,adamw,0,0
stages.7.bn1,0.9983664751052856,0.01813909411430359,silu,adamw,0,0
stages.7.bn2,0.9837343692779541,0.012865840457379818,silu,adamw,0,0
stem_bn,1.0042179822921753,0.10190881788730621,silu,adamw,0,6
stages.0.bn1,1.087985634803772,0.11891232430934906,silu,adamw,0,6
stages.0.bn2,1.069279670715332,0.08190730214118958,silu,adamw,0,6
stages.1.bn1,1.0856497287750244,0.1332848221063614,silu,adamw,0,6
stages.1.bn2,1.022627353668213,0.15961036086082458,silu,adamw,0,6
stages.2.bn1,1.0454716682434082,0.11561628431081772,silu,adamw,0,6
stages.2.bn2,1.0402190685272217,0.10545036196708679,silu,adamw,0,6
stages.2.shortcut.1,1.0128858089447021,0.10545036196708679,silu,adamw,0,6
stages.3.bn1,1.0533697605133057,0.16256773471832275,silu,adamw,0,6
stages.3.bn2,0.9533689618110657,0.12635104358196259,silu,adamw,0,6
stages.4.bn1,1.0424131155014038,0.14038747549057007,silu,adamw,0,6
stages.4.bn2,1.0548272132873535,0.08351300656795502,silu,adamw,0,6
stages.4.shortcut.1,1.0325429439544678,0.08351300656795502,silu,adamw,0,6
stages.5.bn1,1.034468650817871,0.12060422450304031,silu,adamw,0,6
stages.5.bn2,0.9136723279953003,0.13015548884868622,silu,adamw,0,6
stages.6.bn1,1.0171685218811035,0.08477368205785751,silu,adamw,0,6
stages.6.bn2,1.0039660930633545,0.05316419154405594,silu,adamw,0,6
stages.6.shortcut.1,1.0084458589553833,0.05316419154405594,silu,adamw,0,6
stages.7.bn1,1.0051994323730469,0.06813772767782211,silu,adamw,0,6
stages.7.bn2,0.9474005699157715,0.05578550696372986,silu,adamw,0,6
stem_bn,0.9964352250099182,0.1277405023574829,silu,adamw,0,12
stages.0.bn1,1.108545184135437,0.1576915681362152,silu,adamw,0,12
stages.0.bn2,1.0857574939727783,0.11104290187358856,silu,adamw,0,12
stages.1.bn1,1.1160836219787598,0.19109408557415009,silu,adamw,0,12
stages.1.bn2,1.0438148975372314,0.2171664535999298,silu,adamw,0,12
stages.2.bn1,1.0625905990600586,0.16521058976650238,silu,adamw,0,12
stages.2.bn2,1.0551538467407227,0.15346652269363403,silu,adamw,0,12
stages.2.shortcut.1,0.9899505376815796,0.15346652269363403,silu,adamw,0,12
stages.3.bn1,1.0787591934204102,0.24498611688613892,silu,adamw,0,12
stages.3.bn2,0.9634988903999329,0.1848156750202179,silu,adamw,0,12
stages.4.bn1,1.0631173849105835,0.21355685591697693,silu,adamw,0,12
stages.4.bn2,1.0734047889709473,0.1433875858783722,silu,adamw,0,12
stages.4.shortcut.1,1.0049965381622314,0.1433875858783722,silu,adamw,0,12
stages.5.bn1,1.054074764251709,0.2112179398536682,silu,adamw,0,12
stages.5.bn2,0.9188488721847534,0.19249604642391205,silu,adamw,0,12
stages.6.bn1,1.0299149751663208,0.14929553866386414,silu,adamw,0,12
stages.6.bn2,1.0312755107879639,0.07235950231552124,silu,adamw,0,12
stages.6.shortcut.1,1.01051926612854,0.07235950231552124,silu,adamw,0,12
stages.7.bn1,1.0030280351638794,0.0935053676366806,silu,adamw,0,12
stages.7.bn2,0.9357137680053711,0.07254394888877869,silu,adamw,0,12
stem_bn,0.9941200017929077,0.1336948573589325,silu,adamw,0,18
stages.0.bn1,1.1156100034713745,0.16850382089614868,silu,adamw,0,18
stages.0.bn2,1.0906866788864136,0.11686784029006958,silu,adamw,0,18
stages.1.bn1,1.1248699426651,0.2091113179922104,silu,adamw,0,18
stages.1.bn2,1.049270749092102,0.22807762026786804,silu,adamw,0,18
stages.2.bn1,1.0675690174102783,0.17915838956832886,silu,adamw,0,18
stages.2.bn2,1.0594372749328613,0.16688159108161926,silu,adamw,0,18
stages.2.shortcut.1,0.9783960580825806,0.16688159108161926,silu,adamw,0,18
stages.3.bn1,1.0875786542892456,0.2689254879951477,silu,adamw,0,18
stages.3.bn2,0.9723950624465942,0.19840168952941895,silu,adamw,0,18
stages.4.bn1,1.0698182582855225,0.23409883677959442,silu,adamw,0,18
stages.4.bn2,1.08008873462677,0.16366547346115112,silu,adamw,0,18
stages.4.shortcut.1,0.9901865720748901,0.16366547346115112,silu,adamw,0,18
stages.5.bn1,1.0620498657226562,0.2431991696357727,silu,adamw,0,18
stages.5.bn2,0.9278724789619446,0.2091735452413559,silu,adamw,0,18
stages.6.bn1,1.0354275703430176,0.17000775039196014,silu,adamw,0,18
stages.6.bn2,1.0500723123550415,0.07347536832094193,silu,adamw,0,18
stages.6.shortcut.1,1.015904188156128,0.07347536832094193,silu,adamw,0,18
stages.7.bn1,0.9971989989280701,0.10722026973962784,silu,adamw,0,18
stages.7.bn2,0.9398244023323059,0.07268691062927246,silu,adamw,0,18
stem_bn,0.9942119717597961,0.1337822675704956,silu,adamw,0,24
stages.0.bn1,1.1164393424987793,0.16954416036605835,silu,adamw,0,24
stages.0.bn2,1.0908764600753784,0.11731931567192078,silu,adamw,0,24
stages.1.bn1,1.1259626150131226,0.21114861965179443,silu,adamw,0,24
stages.1.bn2,1.0502116680145264,0.2279171347618103,silu,adamw,0,24
stages.2.bn1,1.0682575702667236,0.18033604323863983,silu,adamw,0,24
stages.2.bn2,1.0602235794067383,0.16783690452575684,silu,adamw,0,24
stages.2.shortcut.1,0.9760267734527588,0.16783690452575684,silu,adamw,0,24
stages.3.bn1,1.088456630706787,0.27148646116256714,silu,adamw,0,24
stages.3.bn2,0.97403883934021,0.19919943809509277,silu,adamw,0,24
stages.4.bn1,1.070752501487732,0.2360493540763855,silu,adamw,0,24
stages.4.bn2,1.0807085037231445,0.1660214364528656,silu,adamw,0,24
stages.4.shortcut.1,0.9871242642402649,0.1660214364528656,silu,adamw,0,24
stages.5.bn1,1.0629677772521973,0.24738430976867676,silu,adamw,0,24
stages.5.bn2,0.9307856559753418,0.210330069065094,silu,adamw,0,24
stages.6.bn1,1.03620445728302,0.1728000044822693,silu,adamw,0,24
stages.6.bn2,1.0544376373291016,0.07251636683940887,silu,adamw,0,24
stages.6.shortcut.1,1.0170977115631104,0.07251636683940887,silu,adamw,0,24
stages.7.bn1,0.9947714805603027,0.11066415905952454,silu,adamw,0,24
stages.7.bn2,0.9441649913787842,0.0712624341249466,silu,adamw,0,24
stem_bn,1.016183614730835,0.030464785173535347,silu,adamw,1,0
stages.0.bn1,1.012516975402832,0.020926903933286667,silu,adamw,1,0
stages.0.bn2,1.0076570510864258,0.015895646065473557,silu,adamw,1,0
stages.1.bn1,1.0080528259277344,0.01449333131313324,silu,adamw,1,0
stages.1.bn2,0.9894265532493591,0.017211930826306343,silu,adamw,1,0
stages.2.bn1,1.0045781135559082,0.013105049729347229,silu,adamw,1,0
stages.2.bn2,0.9997955560684204,0.012497281655669212,silu,adamw,1,0
stages.2.shortcut.1,1.026355266571045,0.012497281655669212,silu,adamw,1,0
stages.3.bn1,1.0019861459732056,0.013035602867603302,silu,adamw,1,0
stages.3.bn2,0.975217342376709,0.013236001133918762,silu,adamw,1,0
stages.4.bn1,1.0013415813446045,0.01648649200797081,silu,adamw,1,0
stages.4.bn2,1.004583716392517,0.015130040235817432,silu,adamw,1,0
stages.4.shortcut.1,1.0215848684310913,0.015130040235817432,silu,adamw,1,0
stages.5.bn1,0.9998563528060913,0.012881802394986153,silu,adamw,1,0
stages.5.bn2,0.97476726770401,0.013438453897833824,silu,adamw,1,0
stages.6.bn1,0.9993890523910522,0.018561773002147675,silu,adamw,1,0
stages.6.bn2,0.9846227765083313,0.010616779327392578,silu,adamw,1,0
stages.6.shortcut.1,1.0008060932159424,0.010616779327392578,silu,adamw,1,0
stages.7.bn1,0.9996508955955505,0.012418851256370544,silu,adamw,1,0
stages.7.bn2,0.9850742816925049,0.012392213568091393,silu,adamw,1,0
stem_bn,1.0057640075683594,0.10875055938959122,silu,adamw,1,6
stages.0.bn1,1.0817477703094482,0.12476292997598648,silu,adamw,1,6
stages.0.bn2,1.0773041248321533,0.10121104121208191,silu,adamw,1,6
stages.1.bn1,1.0796865224838257,0.11937042325735092,silu,adamw,1,6
stages.1.bn2,1.0044119358062744,0.1495930254459381,silu,adamw,1,6
stages.2.bn1,1.042290210723877,0.11083444952964783,silu,adamw,1,6
stages.2.bn2,1.0366201400756836,0.08832746744155884,silu,adamw,1,6
stages.2.shortcut.1,1.027104377746582,0.08832746744155884,silu,adamw,1,6
stages.3.bn1,1.0514161586761475,0.1537361592054367,silu,adamw,1,6
stages.3.bn2,0.949302613735199,0.13202601671218872,silu,adamw,1,6
stages.4.bn1,1.0367082357406616,0.1392979770898819,silu,adamw,1,6
stages.4.bn2,1.0514910221099854,0.0893956869840622,silu,adamw,1,6
stages.4.shortcut.1,1.0132629871368408,0.0893956869840622,silu,adamw,1,6
stages.5.bn1,1.031029462814331,0.15277154743671417,silu,adamw,1,6
stages.5.bn2,0.9215424656867981,0.1326267421245575,silu,adamw,1,6
stages.6.bn1,1.0121352672576904,0.0980425700545311,silu,adamw,1,6
stages.6.bn2,0.9916700124740601,0.055755600333213806,silu,adamw,1,6
stages.6.shortcut.1,1.0062599182128906,0.055755600333213806,silu,adamw,1,6
stages.7.bn1,1.0058523416519165,0.06809212267398834,silu,adamw,1,6
stages.7.bn2,0.9470689296722412,0.05750521272420883,silu,adamw,1,6
stem_bn,0.9957098960876465,0.13232296705245972,silu,adamw,1,12
stages.0.bn1,1.103538155555725,0.1618976593017578,silu,adamw,1,12
stages.0.bn2,1.0996778011322021,0.13412287831306458,silu,adamw,1,12
stages.1.bn1,1.1078505516052246,0.17165488004684448,silu,adamw,1,12
stages.1.bn2,1.0192105770111084,0.2003435641527176,silu,adamw,1,12
stages.2.bn1,1.061338186264038,0.1583748459815979,silu,adamw,1,12
stages.2.bn2,1.053647518157959,0.13156390190124512,silu,adamw,1,12
stages.2.shortcut.1,1.0078084468841553,0.13156390190124512,silu,adamw,1,12
stages.3.bn1,1.0791829824447632,0.23450833559036255,silu,adamw,1,12
stages.3.bn2,0.953694760799408,0.1898041069507599,silu,adamw,1,12
stages.4.bn1,1.0565941333770752,0.2126634120941162,silu,adamw,1,12
stages.4.bn2,1.0702097415924072,0.15141749382019043,silu,adamw,1,12
stages.4.shortcut.1,0.9849499464035034,0.15141749382019043,silu,adamw,1,12
stages.5.bn1,1.0486822128295898,0.25926339626312256,silu,adamw,1,12
stages.5.bn2,0.9284672737121582,0.19883298873901367,silu,adamw,1,12
stages.6.bn1,1.0222597122192383,0.16540750861167908,silu,adamw,1,12
stages.6.bn2,1.0156004428863525,0.07842327654361725,silu,adamw,1,12
stages.6.shortcut.1,1.0061951875686646,0.07842327654361725,silu,adamw,1,12
stages.7.bn1,1.005323886871338,0.10710957646369934,silu,adamw,1,12
stages.7.bn2,0.9354268312454224,0.07575942575931549,silu,adamw,1,12
stem_bn,0.9932997226715088,0.13714033365249634,silu,adamw,1,18
stages.0.bn1,1.1089801788330078,0.17038565874099731,silu,adamw,1,18
stages.0.bn2,1.1042118072509766,0.1415700614452362,silu,adamw,1,18
stages.1.bn1,1.1177730560302734,0.188734769821167,silu,adamw,1,18
stages.1.bn2,1.0254676342010498,0.20989271998405457,silu,adamw,1,18
stages.2.bn1,1.0673555135726929,0.1726747304201126,silu,adamw,1,18
stages.2.bn2,1.0593490600585938,0.14378666877746582,silu,adamw,1,18
stages.2.shortcut.1,0.9971604943275452,0.14378666877746582,silu,adamw,1,18
stages.3.bn1,1.0883296728134155,0.25758373737335205,silu,adamw,1,18
stages.3.bn2,0.9603979587554932,0.20301106572151184,silu,adamw,1,18
stages.4.bn1,1.0634403228759766,0.2328561544418335,silu,adamw,1,18
stages.4.bn2,1.0760674476623535,0.17179140448570251,silu,adamw,1,18
stages.4.shortcut.1,0.9714904427528381,0.17179140448570251,silu,adamw,1,18
stages.5.bn1,1.0575098991394043,0.2912415862083435,silu,adamw,1,18
stages.5.bn2,0.9371380805969238,0.21665549278259277,silu,adamw,1,18
stages.6.bn1,1.0285720825195312,0.18726202845573425,silu,adamw,1,18
stages.6.bn2,1.033315658569336,0.08102628588676453,silu,adamw,1,18
stages.6.shortcut.1,1.0104889869689941,0.08102628588676453,silu,adamw,1,18
stages.7.bn1,1.0022859573364258,0.12521503865718842,silu,adamw,1,18
stages.7.bn2,0.9427404403686523,0.0761970728635788,silu,adamw,1,18
stem_bn,0.9932807087898254,0.1373613178730011,silu,adamw,1,24
stages.0.bn1,1.1097931861877441,0.17074012756347656,silu,adamw,1,24
stages.0.bn2,1.1051340103149414,0.14145904779434204,silu,adamw,1,24
stages.1.bn1,1.1188504695892334,0.19014368951320648,silu,adamw,1,24
stages.1.bn2,1.0260069370269775,0.209823876619339,silu,adamw,1,24
stages.2.bn1,1.067793369293213,0.1741981953382492,silu,adamw,1,24
stages.2.bn2,1.0601789951324463,0.14454945921897888,silu,adamw,1,24
stages.2.shortcut.1,0.9951083064079285,0.14454945921897888,silu,adamw,1,24
stages.3.bn1,1.0894267559051514,0.2598367929458618,silu,adamw,1,24
stages.3.bn2,0.9618915319442749,0.20328395068645477,silu,adamw,1,24
stages.4.bn1,1.0642883777618408,0.23448753356933594,silu,adamw,1,24
stages.4.bn2,1.0767877101898193,0.17402580380439758,silu,adamw,1,24
stages.4.shortcut.1,0.9689507484436035,0.17402580380439758,silu,adamw,1,24
stages.5.bn1,1.058988332748413,0.2942570447921753,silu,adamw,1,24
stages.5.bn2,0.9393092393875122,0.21795699000358582,silu,adamw,1,24
stages.6.bn1,1.0296106338500977,0.1898415982723236,silu,adamw,1,24
stages.6.bn2,1.0379964113235474,0.07973387837409973,silu,adamw,1,24
stages.6.shortcut.1,1.011680006980896,0.07973387837409973,silu,adamw,1,24
stages.7.bn1,1.001133918762207,0.12806352972984314,silu,adamw,1,24
stages.7.bn2,0.9490063190460205,0.07423581182956696,silu,adamw,1,24
stem_bn,1.0111823081970215,0.0334605798125267,silu,adamw,2,0
stages.0.bn1,1.0167415142059326,0.020017260685563087,silu,adamw,2,0
stages.0.bn2,1.0112417936325073,0.01904395967721939,silu,adamw,2,0
stages.1.bn1,1.0111660957336426,0.018147537484765053,silu,adamw,2,0
stages.1.bn2,0.9911743402481079,0.020038755610585213,silu,adamw,2,0
stages.2.bn1,1.0052103996276855,0.01288502849638462,silu,adamw,2,0
stages.2.bn2,1.0005290508270264,0.016582509502768517,silu,adamw,2,0
stages.2.shortcut.1,1.0254428386688232,0.016582509502768517,silu,adamw,2,0
stages.3.bn1,1.002251148223877,0.014278436079621315,silu,adamw,2,0
stages.3.bn2,0.9738823175430298,0.015583256259560585,silu,adamw,2,0
stages.4.bn1,1.0002257823944092,0.016858313232660294,silu,adamw,2,0
stages.4.bn2,1.0005223751068115,0.01881302334368229,silu,adamw,2,0
stages.4.shortcut.1,1.028462529182434,0.01881302334368229,silu,adamw,2,0
stages.5.bn1,1.0012850761413574,0.014972967095673084,silu,adamw,2,0
stages.5.bn2,0.978356122970581,0.01579175889492035,silu,adamw,2,0
stages.6.bn1,0.9986666440963745,0.02016359008848667,silu,adamw,2,0
stages.6.bn2,0.98271644115448,0.010915592312812805,silu,adamw,2,0
stages.6.shortcut.1,1.0014253854751587,0.010915592312812805,silu,adamw,2,0
stages.7.bn1,0.9974799156188965,0.01863671839237213,silu,adamw,2,0
stages.7.bn2,0.9859073758125305,0.012916884385049343,silu,adamw,2,0
stem_bn,1.0042402744293213,0.11814865469932556,silu,adamw,2,6
stages.0.bn1,1.0913279056549072,0.11231359094381332,silu,adamw,2,6
stages.0.bn2,1.0830318927764893,0.09175493568181992,silu,adamw,2,6
stages.1.bn1,1.0859065055847168,0.14026126265525818,silu,adamw,2,6
stages.1.bn2,1.0111430883407593,0.15686175227165222,silu,adamw,2,6
stages.2.bn1,1.036712646484375,0.10749173164367676,silu,adamw,2,6
stages.2.bn2,1.034024715423584,0.09151707589626312,silu,adamw,2,6
stages.2.shortcut.1,1.0333448648452759,0.09151707589626312,silu,adamw,2,6
stages.3.bn1,1.0556461811065674,0.14842268824577332,silu,adamw,2,6
stages.3.bn2,0.9425597786903381,0.1322711706161499,silu,adamw,2,6
stages.4.bn1,1.0354009866714478,0.12528014183044434,silu,adamw,2,6
stages.4.bn2,1.050732970237732,0.07983314990997314,silu,adamw,2,6
stages.4.shortcut.1,1.0324862003326416,0.07983314990997314,silu,adamw,2,6
stages.5.bn1,1.033154010772705,0.10833799839019775,silu,adamw,2,6
stages.5.bn2,0.9281949996948242,0.1228407472372055,silu,adamw,2,6
stages.6.bn1,1.022890329360962,0.09898488223552704,silu,adamw,2,6
stages.6.bn2,1.000455617904663,0.057970985770225525,silu,adamw,2,6
stages.6.shortcut.1,0.9999206066131592,0.057970985770225525,silu,adamw,2,6
stages.7.bn1,0.9999184608459473,0.05684278905391693,silu,adamw,2,6
stages.7.bn2,0.9492993354797363,0.060966432094573975,silu,adamw,2,6
stem_bn,0.9939624071121216,0.1471010148525238,silu,adamw,2,12
stages.0.bn1,1.1134506464004517,0.14646711945533752,silu,adamw,2,12
stages.0.bn2,1.1019058227539062,0.12220145761966705,silu,adamw,2,12
stages.1.bn1,1.1131492853164673,0.1957612782716751,silu,adamw,2,12
stages.1.bn2,1.0319807529449463,0.20955412089824677,silu,adamw,2,12
stages.2.bn1,1.0526361465454102,0.15624617040157318,silu,adamw,2,12
stages.2.bn2,1.0519845485687256,0.13751555979251862,silu,adamw,2,12
stages.2.shortcut.1,1.0189512968063354,0.13751555979251862,silu,adamw,2,12
stages.3.bn1,1.0838303565979004,0.22778260707855225,silu,adamw,2,12
stages.3.bn2,0.9464062452316284,0.1886351853609085,silu,adamw,2,12
stages.4.bn1,1.0569478273391724,0.20170743763446808,silu,adamw,2,12
stages.4.bn2,1.070502758026123,0.14002540707588196,silu,adamw,2,12
stages.4.shortcut.1,1.0055848360061646,0.14002540707588196,silu,adamw,2,12
stages.5.bn1,1.0469794273376465,0.19782617688179016,silu,adamw,2,12
stages.5.bn2,0.9291986227035522,0.18604373931884766,silu,adamw,2,12
stages.6.bn1,1.039265513420105,0.1692168414592743,silu,adamw,2,12
stages.6.bn2,1.0274461507797241,0.08074092119932175,silu,adamw,2,12
stages.6.shortcut.1,0.9971848726272583,0.08074092119932175,silu,adamw,2,12
stages.7.bn1,0.9956885576248169,0.08127057552337646,silu,adamw,2,12
stages.7.bn2,0.9377715587615967,0.07950209081172943,silu,adamw,2,12
stem_bn,0.9922819137573242,0.1531265527009964,silu,adamw,2,18
stages.0.bn1,1.1198410987854004,0.154807448387146,silu,adamw,2,18
stages.0.bn2,1.1070098876953125,0.12872077524662018,silu,adamw,2,18
stages.1.bn1,1.122066855430603,0.21167001128196716,silu,adamw,2,18
stages.1.bn2,1.0388038158416748,0.21827122569084167,silu,adamw,2,18
stages.2.bn1,1.0591890811920166,0.16909705102443695,silu,adamw,2,18
stages.2.bn2,1.0584046840667725,0.1499996781349182,silu,adamw,2,18
stages.2.shortcut.1,1.0095230340957642,0.1499996781349182,silu,adamw,2,18
stages.3.bn1,1.0929975509643555,0.2517108917236328,silu,adamw,2,18
stages.3.bn2,0.9530730247497559,0.20041805505752563,silu,adamw,2,18
stages.4.bn1,1.0637011528015137,0.2220645397901535,silu,adamw,2,18
stages.4.bn2,1.0774116516113281,0.15956130623817444,silu,adamw,2,18
stages.4.shortcut.1,0.9916691780090332,0.15956130623817444,silu,adamw,2,18
stages.5.bn1,1.0519378185272217,0.23006516695022583,silu,adamw,2,18
stages.5.bn2,0.9359850287437439,0.20338314771652222,silu,adamw,2,18
stages.6.bn1,1.0451490879058838,0.19167885184288025,silu,adamw,2,18
stages.6.bn2,1.0459753274917603,0.08358743786811829,silu,adamw,2,18
stages.6.shortcut.1,1.0002670288085938,0.08358743786811829,silu,adamw,2,18
stages.7.bn1,0.9883079528808594,0.09755181521177292,silu,adamw,2,18
stages.7.bn2,0.9447236657142639,0.07927772402763367,silu,adamw,2,18
stem_bn,0.9919126033782959,0.15332412719726562,silu,adamw,2,24
stages.0.bn1,1.1205533742904663,0.1558324545621872,silu,adamw,2,24
stages.0.bn2,1.1079037189483643,0.12892162799835205,silu,adamw,2,24
stages.1.bn1,1.1231062412261963,0.21325792372226715,silu,adamw,2,24
stages.1.bn2,1.0395864248275757,0.21812273561954498,silu,adamw,2,24
stages.2.bn1,1.059828281402588,0.16999423503875732,silu,adamw,2,24
stages.2.bn2,1.0592341423034668,0.15116125345230103,silu,adamw,2,24
stages.2.shortcut.1,1.0073987245559692,0.15116125345230103,silu,adamw,2,24
stages.3.bn1,1.0940334796905518,0.2536168694496155,silu,adamw,2,24
stages.3.bn2,0.9547251462936401,0.20064663887023926,silu,adamw,2,24
stages.4.bn1,1.064551591873169,0.22401277720928192,silu,adamw,2,24
stages.4.bn2,1.0781733989715576,0.16175420582294464,silu,adamw,2,24
stages.4.shortcut.1,0.9888530373573303,0.16175420582294464,silu,adamw,2,24
stages.5.bn1,1.052586317062378,0.2341558039188385,silu,adamw,2,24
stages.5.bn2,0.938377857208252,0.20455673336982727,silu,adamw,2,24
stages.6.bn1,1.0458474159240723,0.19421103596687317,silu,adamw,2,24
stages.6.bn2,1.0501021146774292,0.0825682207942009,silu,adamw,2,24
stages.6.shortcut.1,1.0011721849441528,0.0825682207942009,silu,adamw,2,24
stages.7.bn1,0.9860541820526123,0.1012294739484787,silu,adamw,2,24
stages.7.bn2,0.9500656127929688,0.07753568887710571,silu,adamw,2,24
stem_bn,1.0078072547912598,0.02847004309296608,mish,adamw,0,0
stages.0.bn1,1.0132882595062256,0.02226518653333187,mish,adamw,0,0
stages.0.bn2,1.0060036182403564,0.021040186285972595,mish,adamw,0,0
stages.1.bn1,1.0118240118026733,0.021019291132688522,mish,adamw,0,0
stages.1.bn2,0.9969601035118103,0.02850014716386795,mish,adamw,0,0
stages.2.bn1,1.0066189765930176,0.015047619119286537,mish,adamw,0,0
stages.2.bn2,0.9981090426445007,0.014535002410411835,mish,adamw,0,0
stages.2.shortcut.1,1.0172288417816162,0.014535002410411835,mish,adamw,0,0
stages.3.bn1,1.005025029182434,0.015787269920110703,mish,adamw,0,0
stages.3.bn2,0.9871412515640259,0.01593775302171707,mish,adamw,0,0
stages.4.bn1,1.00276780128479,0.012473402544856071,mish,adamw,0,0
stages.4.bn2,1.001466155052185,0.011308830231428146,mish,adamw,0,0
stages.4.shortcut.1,1.0189075469970703,0.011308830231428146,mish,adamw,0,0
stages.5.bn1,1.0004377365112305,0.012916556559503078,mish,adamw,0,0
stages.5.bn2,0.9797528982162476,0.014162744395434856,mish,adamw,0,0
stages.6.bn1,1.0019230842590332,0.01040664967149496,mish,adamw,0,0
stages.6.bn2,0.9862959980964661,0.015204045921564102,mish,adamw,0,0
stages.6.shortcut.1,0.9974126815795898,0.015204045921564102,mish,adamw,0,0
stages.7.bn1,0.9975100755691528,0.013231271877884865,mish,adamw,0,0
stages.7.bn2,0.98521888256073,0.015299073420464993,mish,adamw,0,0
stem_bn,0.9905300140380859,0.08768945187330246,mish,adamw,0,6
stages.0.bn1,1.056671142578125,0.12662464380264282,mish,adamw,0,6
stages.0.bn2,1.039069414138794,0.11125059425830841,mish,adamw,0,6
stages.1.bn1,1.0773470401763916,0.14879322052001953,mish,adamw,0,6
stages.1.bn2,1.0304977893829346,0.19946996867656708,mish,adamw,0,6
stages.2.bn1,1.0423532724380493,0.12508907914161682,mish,adamw,0,6
stages.2.bn2,1.023364543914795,0.13253924250602722,mish,adamw,0,6
stages.2.shortcut.1,0.9958103895187378,0.13253924250602722,mish,adamw,0,6
stages.3.bn1,1.0485835075378418,0.19975516200065613,mish,adamw,0,6
stages.3.bn2,0.9949448108673096,0.155655175447464,mish,adamw,0,6
stages.4.bn1,1.0384521484375,0.1635664999485016,mish,adamw,0,6
stages.4.bn2,1.041906476020813,0.12250903993844986,mish,adamw,0,6
stages.4.shortcut.1,1.0152208805084229,0.12250903993844986,mish,adamw,0,6
stages.5.bn1,1.0486083030700684,0.15603096783161163,mish,adamw,0,6
stages.5.bn2,0.9489932060241699,0.14804255962371826,mish,adamw,0,6
stages.6.bn1,1.017552137374878,0.11703330278396606,mish,adamw,0,6
stages.6.bn2,0.9947593212127686,0.06648941338062286,mish,adamw,0,6
stages.6.shortcut.1,1.0001407861709595,0.06648941338062286,mish,adamw,0,6
stages.7.bn1,1.0050010681152344,0.07085473835468292,mish,adamw,0,6
stages.7.bn2,0.9463421106338501,0.06361056864261627,mish,adamw,0,6
stem_bn,0.9792281985282898,0.11187480390071869,mish,adamw,0,12
stages.0.bn1,1.0724754333496094,0.16418960690498352,mish,adamw,0,12
stages.0.bn2,1.052125096321106,0.14657878875732422,mish,adamw,0,12
stages.1.bn1,1.1026639938354492,0.20916703343391418,mish,adamw,0,12
stages.1.bn2,1.0483920574188232,0.26267144083976746,mish,adamw,0,12
stages.2.bn1,1.055948257446289,0.17765289545059204,mish,adamw,0,12
stages.2.bn2,1.0356171131134033,0.1879630982875824,mish,adamw,0,12
stages.2.shortcut.1,0.9680231213569641,0.1879630982875824,mish,adamw,0,12
stages.3.bn1,1.071281909942627,0.29035621881484985,mish,adamw,0,12
stages.3.bn2,1.0123169422149658,0.21734322607517242,mish,adamw,0,12
stages.4.bn1,1.0563125610351562,0.24514444172382355,mish,adamw,0,12
stages.4.bn2,1.057600498199463,0.19543902575969696,mish,adamw,0,12
stages.4.shortcut.1,0.9855625033378601,0.19543902575969696,mish,adamw,0,12
stages.5.bn1,1.0732624530792236,0.25716984272003174,mish,adamw,0,12
stages.5.bn2,0.9592776894569397,0.21754270792007446,mish,adamw,0,12
stages.6.bn1,1.0275464057922363,0.18822328746318817,mish,adamw,0,12
stages.6.bn2,1.0156571865081787,0.08756458759307861,mish,adamw,0,12
stages.6.shortcut.1,1.0021113157272339,0.08756458759307861,mish,adamw,0,12
stages.7.bn1,1.006334900856018,0.09341852366924286,mish,adamw,0,12
stages.7.bn2,0.9321042895317078,0.08219955116510391,mish,adamw,0,12
stem_bn,0.9768244028091431,0.1176229789853096,mish,adamw,0,18
stages.0.bn1,1.0773494243621826,0.17433282732963562,mish,adamw,0,18
stages.0.bn2,1.0555775165557861,0.15418687462806702,mish,adamw,0,18
stages.1.bn1,1.1106481552124023,0.22707071900367737,mish,adamw,0,18
stages.1.bn2,1.0539004802703857,0.275337278842926,mish,adamw,0,18
stages.2.bn1,1.0590622425079346,0.1932191252708435,mish,adamw,0,18
stages.2.bn2,1.0393697023391724,0.20338237285614014,mish,adamw,0,18
stages.2.shortcut.1,0.9547479152679443,0.20338237285614014,mish,adamw,0,18
stages.3.bn1,1.078728199005127,0.31597989797592163,mish,adamw,0,18
stages.3.bn2,1.0218803882598877,0.2324559986591339,mish,adamw,0,18
stages.4.bn1,1.0622665882110596,0.26884281635284424,mish,adamw,0,18
stages.4.bn2,1.061979055404663,0.21929636597633362,mish,adamw,0,18
stages.4.shortcut.1,0.9702820181846619,0.21929636597633362,mish,adamw,0,18
stages.5.bn1,1.0820801258087158,0.28989794850349426,mish,adamw,0,18
stages.5.bn2,0.9687560796737671,0.2365056574344635,mish,adamw,0,18
stages.6.bn1,1.031651496887207,0.2099052369594574,mish,adamw,0,18
stages.6.bn2,1.0330443382263184,0.08914768695831299,mish,adamw,0,18
stages.6.shortcut.1,1.0067813396453857,0.08914768695831299,mish,adamw,0,18
stages.7.bn1,1.0032715797424316,0.09761808812618256,mish,adamw,0,18
stages.7.bn2,0.9329666495323181,0.08338600397109985,mish,adamw,0,18
stem_bn,0.9770605564117432,0.11765465140342712,mish,adamw,0,24
stages.0.bn1,1.0782747268676758,0.17472656071186066,mish,adamw,0,24
stages.0.bn2,1.0560011863708496,0.15434367954730988,mish,adamw,0,24
stages.1.bn1,1.1114592552185059,0.22907422482967377,mish,adamw,0,24
stages.1.bn2,1.0544031858444214,0.27588093280792236,mish,adamw,0,24
stages.2.bn1,1.059321641921997,0.19440937042236328,mish,adamw,0,24
stages.2.bn2,1.0399380922317505,0.20443710684776306,mish,adamw,0,24
stages.2.shortcut.1,0.9525716304779053,0.20443710684776306,mish,adamw,0,24
stages.3.bn1,1.0795632600784302,0.31817132234573364,mish,adamw,0,24
stages.3.bn2,1.023590087890625,0.23295630514621735,mish,adamw,0,24
stages.4.bn1,1.063140869140625,0.27082744240760803,mish,adamw,0,24
stages.4.bn2,1.0625171661376953,0.22183895111083984,mish,adamw,0,24
stages.4.shortcut.1,0.9672896862030029,0.22183895111083984,mish,adamw,0,24
stages.5.bn1,1.0831708908081055,0.29325070977211,mish,adamw,0,24
stages.5.bn2,0.9715051651000977,0.2376534640789032,mish,adamw,0,24
stages.6.bn1,1.0324838161468506,0.21204228699207306,mish,adamw,0,24
stages.6.bn2,1.037404179573059,0.08808629214763641,mish,adamw,0,24
stages.6.shortcut.1,1.0080116987228394,0.08808629214763641,mish,adamw,0,24
stages.7.bn1,1.0011417865753174,0.09805436432361603,mish,adamw,0,24
stages.7.bn2,0.9365853667259216,0.0819384977221489,mish,adamw,0,24
stem_bn,1.0082635879516602,0.03444398194551468,mish,adamw,1,0
stages.0.bn1,1.0131876468658447,0.02316432073712349,mish,adamw,1,0
stages.0.bn2,1.0092291831970215,0.019082119688391685,mish,adamw,1,0
stages.1.bn1,1.0087798833847046,0.0190722718834877,mish,adamw,1,0
stages.1.bn2,0.9904128313064575,0.024823907762765884,mish,adamw,1,0
stages.2.bn1,1.0067846775054932,0.014236463233828545,mish,adamw,1,0
stages.2.bn2,1.0010710954666138,0.01587594859302044,mish,adamw,1,0
stages.2.shortcut.1,1.0163754224777222,0.01587594859302044,mish,adamw,1,0
stages.3.bn1,1.0062562227249146,0.01864618808031082,mish,adamw,1,0
stages.3.bn2,0.9846765995025635,0.017714571207761765,mish,adamw,1,0
stages.4.bn1,1.0030244588851929,0.01880214363336563,mish,adamw,1,0
stages.4.bn2,1.0030642747879028,0.012555325403809547,mish,adamw,1,0
stages.4.shortcut.1,1.0181043148040771,0.012555325403809547,mish,adamw,1,0
stages.5.bn1,1.0015395879745483,0.013819294050335884,mish,adamw,1,0
stages.5.bn2,0.9780941009521484,0.015641892328858376,mish,adamw,1,0
stages.6.bn1,1.0007314682006836,0.009668231010437012,mish,adamw,1,0
stages.6.bn2,0.9831081628799438,0.014738600701093674,mish,adamw,1,0
stages.6.shortcut.1,0.9986593723297119,0.014738600701093674,mish,adamw,1,0
stages.7.bn1,0.9989579319953918,0.012169817462563515,mish,adamw,1,0
stages.7.bn2,0.9821987748146057,0.014776383526623249,mish,adamw,1,0
stem_bn,0.9925932884216309,0.11466692388057709,mish,adamw,1,6
stages.0.bn1,1.0675911903381348,0.11731625348329544,mish,adamw,1,6
stages.0.bn2,1.0451550483703613,0.09680452942848206,mish,adamw,1,6
stages.1.bn1,1.0784099102020264,0.13854800164699554,mish,adamw,1,6
stages.1.bn2,1.0083074569702148,0.176748126745224,mish,adamw,1,6
stages.2.bn1,1.0446306467056274,0.1161012202501297,mish,adamw,1,6
stages.2.bn2,1.0273903608322144,0.1320953220129013,mish,adamw,1,6
stages.2.shortcut.1,0.9976904988288879,0.1320953220129013,mish,adamw,1,6
stages.3.bn1,1.0622119903564453,0.1917860060930252,mish,adamw,1,6
stages.3.bn2,0.9882422685623169,0.15373530983924866,mish,adamw,1,6
stages.4.bn1,1.0485728979110718,0.1858367919921875,mish,adamw,1,6
stages.4.bn2,1.0480607748031616,0.13255274295806885,mish,adamw,1,6
stages.4.shortcut.1,1.0035715103149414,0.13255274295806885,mish,adamw,1,6
stages.5.bn1,1.0572619438171387,0.18583402037620544,mish,adamw,1,6
stages.5.bn2,0.9369139075279236,0.16275238990783691,mish,adamw,1,6
stages.6.bn1,1.0208919048309326,0.12128040194511414,mish,adamw,1,6
stages.6.bn2,0.9880849123001099,0.06897837668657303,mish,adamw,1,6
stages.6.shortcut.1,0.9974707365036011,0.06897837668657303,mish,adamw,1,6
stages.7.bn1,1.0080474615097046,0.07517608255147934,mish,adamw,1,6
stages.7.bn2,0.9379335641860962,0.06547224521636963,mish,adamw,1,6
stem_bn,0.9785152077674866,0.14017458260059357,mish,adamw,1,12
stages.0.bn1,1.0819038152694702,0.15589934587478638,mish,adamw,1,12
stages.0.bn2,1.0626424551010132,0.1326136738061905,mish,adamw,1,12
stages.1.bn1,1.1053391695022583,0.19619932770729065,mish,adamw,1,12
stages.1.bn2,1.017266869544983,0.23807141184806824,mish,adamw,1,12
stages.2.bn1,1.0590918064117432,0.1619308888912201,mish,adamw,1,12
stages.2.bn2,1.037682294845581,0.18238726258277893,mish,adamw,1,12
stages.2.shortcut.1,0.974773645401001,0.18238726258277893,mish,adamw,1,12
stages.3.bn1,1.0853052139282227,0.2786351442337036,mish,adamw,1,12
stages.3.bn2,1.0024439096450806,0.20976531505584717,mish,adamw,1,12
stages.4.bn1,1.0674762725830078,0.2686389684677124,mish,adamw,1,12
stages.4.bn2,1.0642714500427246,0.20609940588474274,mish,adamw,1,12
stages.4.shortcut.1,0.9713908433914185,0.20609940588474274,mish,adamw,1,12
stages.5.bn1,1.0802299976348877,0.29483217000961304,mish,adamw,1,12
stages.5.bn2,0.9454963207244873,0.2361202836036682,mish,adamw,1,12
stages.6.bn1,1.0323486328125,0.18891727924346924,mish,adamw,1,12
stages.6.bn2,1.007920503616333,0.0941699743270874,mish,adamw,1,12
stages.6.shortcut.1,0.9950628876686096,0.0941699743270874,mish,adamw,1,12
stages.7.bn1,1.0122218132019043,0.10833677649497986,mish,adamw,1,12
stages.7.bn2,0.9220532178878784,0.08647376298904419,mish,adamw,1,12
stem_bn,0.9749996662139893,0.1465584635734558,mish,adamw,1,18
stages.0.bn1,1.0878326892852783,0.16731327772140503,mish,adamw,1,18
stages.0.bn2,1.0670677423477173,0.1403447389602661,mish,adamw,1,18
stages.1.bn1,1.1137731075286865,0.21525517106056213,mish,adamw,1,18
stages.1.bn2,1.0212774276733398,0.24995160102844238,mish,adamw,1,18
stages.2.bn1,1.0627470016479492,0.17423252761363983,mish,adamw,1,18
stages.2.bn2,1.0413298606872559,0.19851499795913696,mish,adamw,1,18
stages.2.shortcut.1,0.9617196321487427,0.19851499795913696,mish,adamw,1,18
stages.3.bn1,1.092067837715149,0.3037344515323639,mish,adamw,1,18
stages.3.bn2,1.0115547180175781,0.224104106426239,mish,adamw,1,18
stages.4.bn1,1.0730783939361572,0.2906876802444458,mish,adamw,1,18
stages.4.bn2,1.0686088800430298,0.23041458427906036,mish,adamw,1,18
stages.4.shortcut.1,0.9551584720611572,0.23041458427906036,mish,adamw,1,18
stages.5.bn1,1.0887765884399414,0.3313174247741699,mish,adamw,1,18
stages.5.bn2,0.9564687013626099,0.25605666637420654,mish,adamw,1,18
stages.6.bn1,1.0375638008117676,0.21106112003326416,mish,adamw,1,18
stages.6.bn2,1.024673342704773,0.09709609299898148,mish,adamw,1,18
stages.6.shortcut.1,0.9989943504333496,0.09709609299898148,mish,adamw,1,18
stages.7.bn1,1.0098793506622314,0.12047620862722397,mish,adamw,1,18
stages.7.bn2,0.9263672828674316,0.0875832736492157,mish,adamw,1,18
stem_bn,0.9753148555755615,0.1463228464126587,mish,adamw,1,24
stages.0.bn1,1.0885428190231323,0.16787070035934448,mish,adamw,1,24
stages.0.bn2,1.0677460432052612,0.14050352573394775,mish,adamw,1,24
stages.1.bn1,1.1147339344024658,0.21664798259735107,mish,adamw,1,24
stages.1.bn2,1.0209877490997314,0.25064903497695923,mish,adamw,1,24
stages.2.bn1,1.063106894493103,0.17532892525196075,mish,adamw,1,24
stages.2.bn2,1.0419613122940063,0.19976067543029785,mish,adamw,1,24
stages.2.shortcut.1,0.9594259262084961,0.19976067543029785,mish,adamw,1,24
stages.3.bn1,1.0925174951553345,0.305988073348999,mish,adamw,1,24
stages.3.bn2,1.0133721828460693,0.22431720793247223,mish,adamw,1,24
stages.4.bn1,1.0737489461898804,0.29241883754730225,mish,adamw,1,24
stages.4.bn2,1.06906259059906,0.23310443758964539,mish,adamw,1,24
stages.4.shortcut.1,0.9520900845527649,0.23310443758964539,mish,adamw,1,24
stages.5.bn1,1.089876651763916,0.3345334529876709,mish,adamw,1,24
stages.5.bn2,0.9594115018844604,0.2572018504142761,mish,adamw,1,24
stages.6.bn1,1.0384252071380615,0.21327105164527893,mish,adamw,1,24
stages.6.bn2,1.0292034149169922,0.09576790034770966,mish,adamw,1,24
stages.6.shortcut.1,1.000110149383545,0.09576790034770966,mish,adamw,1,24
stages.7.bn1,1.0088800191879272,0.12331445515155792,mish,adamw,1,24
stages.7.bn2,0.9311956167221069,0.08585117757320404,mish,adamw,1,24
stem_bn,1.0084178447723389,0.03365495055913925,mish,adamw,2,0
stages.0.bn1,1.013292908668518,0.021870426833629608,mish,adamw,2,0
stages.0.bn2,1.0091638565063477,0.021055012941360474,mish,adamw,2,0
stages.1.bn1,1.0111002922058105,0.019467702135443687,mish,adamw,2,0
stages.1.bn2,0.992965579032898,0.028803054243326187,mish,adamw,2,0
stages.2.bn1,1.0065593719482422,0.0168309286236763,mish,adamw,2,0
stages.2.bn2,1.0009400844573975,0.015695903450250626,mish,adamw,2,0
stages.2.shortcut.1,1.018387794494629,0.015695903450250626,mish,adamw,2,0
stages.3.bn1,1.00323486328125,0.012934267520904541,mish,adamw,2,0
stages.3.bn2,0.9794241189956665,0.01644638180732727,mish,adamw,2,0
stages.4.bn1,1.0015637874603271,0.013205463998019695,mish,adamw,2,0
stages.4.bn2,0.9992172718048096,0.011570443399250507,mish,adamw,2,0
stages.4.shortcut.1,1.021378517150879,0.011570443399250507,mish,adamw,2,0
stages.5.bn1,1.0016484260559082,0.011311212554574013,mish,adamw,2,0
stages.5.bn2,0.9786871075630188,0.016369815915822983,mish,adamw,2,0
stages.6.bn1,1.0018646717071533,0.009951653890311718,mish,adamw,2,0
stages.6.bn2,0.9844948053359985,0.01389261707663536,mish,adamw,2,0
stages.6.shortcut.1,0.9984700679779053,0.01389261707663536,mish,adamw,2,0
stages.7.bn1,0.9978824853897095,0.013751816935837269,mish,adamw,2,0
stages.7.bn2,0.9827576279640198,0.015422330237925053,mish,adamw,2,0
stem_bn,0.9919050931930542,0.10889919102191925,mish,adamw,2,6
stages.0.bn1,1.0693886280059814,0.10622528195381165,mish,adamw,2,6
stages.0.bn2,1.0474523305892944,0.11152341961860657,mish,adamw,2,6
stages.1.bn1,1.0847299098968506,0.15121130645275116,mish,adamw,2,6
stages.1.bn2,1.024867057800293,0.18861982226371765,mish,adamw,2,6
stages.2.bn1,1.0412036180496216,0.12609094381332397,mish,adamw,2,6
stages.2.bn2,1.039151668548584,0.13035622239112854,mish,adamw,2,6
stages.2.shortcut.1,1.0038959980010986,0.13035622239112854,mish,adamw,2,6
stages.3.bn1,1.045607089996338,0.17507785558700562,mish,adamw,2,6
stages.3.bn2,0.9616410732269287,0.1511605679988861,mish,adamw,2,6
stages.4.bn1,1.0416758060455322,0.16289837658405304,mish,adamw,2,6
stages.4.bn2,1.03761625289917,0.1366700679063797,mish,adamw,2,6
stages.4.shortcut.1,1.0117422342300415,0.1366700679063797,mish,adamw,2,6
stages.5.bn1,1.0511454343795776,0.17536279559135437,mish,adamw,2,6
stages.5.bn2,0.9493592977523804,0.1592865288257599,mish,adamw,2,6
stages.6.bn1,1.0218844413757324,0.12477531284093857,mish,adamw,2,6
stages.6.bn2,0.9932012557983398,0.06617037206888199,mish,adamw,2,6
stages.6.shortcut.1,0.9986637234687805,0.06617037206888199,mish,adamw,2,6
stages.7.bn1,1.0105211734771729,0.06414900720119476,mish,adamw,2,6
stages.7.bn2,0.9415102601051331,0.06567296385765076,mish,adamw,2,6
stem_bn,0.9807153940200806,0.13461828231811523,mish,adamw,2,12
stages.0.bn1,1.0888328552246094,0.14218735694885254,mish,adamw,2,12
stages.0.bn2,1.0578851699829102,0.14464175701141357,mish,adamw,2,12
stages.1.bn1,1.112666130065918,0.2183721959590912,mish,adamw,2,12
stages.1.bn2,1.0418522357940674,0.24613603949546814,mish,adamw,2,12
stages.2.bn1,1.0542607307434082,0.17786309123039246,mish,adamw,2,12
stages.2.bn2,1.051567554473877,0.18258483707904816,mish,adamw,2,12
stages.2.shortcut.1,0.9828082323074341,0.18258483707904816,mish,adamw,2,12
stages.3.bn1,1.067674994468689,0.262043297290802,mish,adamw,2,12
stages.3.bn2,0.9686922430992126,0.211268812417984,mish,adamw,2,12
stages.4.bn1,1.0625195503234863,0.24301543831825256,mish,adamw,2,12
stages.4.bn2,1.0512746572494507,0.2120167315006256,mish,adamw,2,12
stages.4.shortcut.1,0.9805631637573242,0.2120167315006256,mish,adamw,2,12
stages.5.bn1,1.0748717784881592,0.2879903316497803,mish,adamw,2,12
stages.5.bn2,0.960492730140686,0.23232272267341614,mish,adamw,2,12
stages.6.bn1,1.0325534343719482,0.1925312578678131,mish,adamw,2,12
stages.6.bn2,1.0154292583465576,0.08887775242328644,mish,adamw,2,12
stages.6.shortcut.1,0.9969322681427002,0.08887775242328644,mish,adamw,2,12
stages.7.bn1,1.0121006965637207,0.08903837203979492,mish,adamw,2,12
stages.7.bn2,0.9250130653381348,0.08592797815799713,mish,adamw,2,12
stem_bn,0.9786822199821472,0.13880778849124908,mish,adamw,2,18
stages.0.bn1,1.0955004692077637,0.1526344120502472,mish,adamw,2,18
stages.0.bn2,1.06255304813385,0.15294337272644043,mish,adamw,2,18
stages.1.bn1,1.1210414171218872,0.23749613761901855,mish,adamw,2,18
stages.1.bn2,1.0486102104187012,0.25618135929107666,mish,adamw,2,18
stages.2.bn1,1.0585695505142212,0.1943747103214264,mish,adamw,2,18
stages.2.bn2,1.0563111305236816,0.19568637013435364,mish,adamw,2,18
stages.2.shortcut.1,0.9707823991775513,0.19568637013435364,mish,adamw,2,18
stages.3.bn1,1.0750104188919067,0.28659874200820923,mish,adamw,2,18
stages.3.bn2,0.9762274026870728,0.2242135852575302,mish,adamw,2,18
stages.4.bn1,1.069385051727295,0.26566147804260254,mish,adamw,2,18
stages.4.bn2,1.0560420751571655,0.23570959270000458,mish,adamw,2,18
stages.4.shortcut.1,0.9648116827011108,0.23570959270000458,mish,adamw,2,18
stages.5.bn1,1.0835481882095337,0.3240225315093994,mish,adamw,2,18
stages.5.bn2,0.9708251357078552,0.25269997119903564,mish,adamw,2,18
stages.6.bn1,1.036876916885376,0.214461088180542,mish,adamw,2,18
stages.6.bn2,1.0343247652053833,0.09026428312063217,mish,adamw,2,18
stages.6.shortcut.1,1.0016586780548096,0.09026428312063217,mish,adamw,2,18
stages.7.bn1,1.0059819221496582,0.09785714745521545,mish,adamw,2,18
stages.7.bn2,0.9273661971092224,0.08649224787950516,mish,adamw,2,18
stem_bn,0.9786399602890015,0.13848979771137238,mish,adamw,2,24
stages.0.bn1,1.0960605144500732,0.15300127863883972,mish,adamw,2,24
stages.0.bn2,1.063027262687683,0.1533990055322647,mish,adamw,2,24
stages.1.bn1,1.1219687461853027,0.23911429941654205,mish,adamw,2,24
stages.1.bn2,1.0493329763412476,0.25627464056015015,mish,adamw,2,24
stages.2.bn1,1.058990716934204,0.19529257714748383,mish,adamw,2,24
stages.2.bn2,1.0567190647125244,0.19703316688537598,mish,adamw,2,24
stages.2.shortcut.1,0.9687857627868652,0.19703316688537598,mish,adamw,2,24
stages.3.bn1,1.0757324695587158,0.2887371778488159,mish,adamw,2,24
stages.3.bn2,0.977782130241394,0.2248735874891281,mish,adamw,2,24
stages.4.bn1,1.0701310634613037,0.26743265986442566,mish,adamw,2,24
stages.4.bn2,1.056788444519043,0.23797962069511414,mish,adamw,2,24
stages.4.shortcut.1,0.9618306756019592,0.23797962069511414,mish,adamw,2,24
stages.5.bn1,1.0848487615585327,0.32768672704696655,mish,adamw,2,24
stages.5.bn2,0.9733877182006836,0.25378525257110596,mish,adamw,2,24
stages.6.bn1,1.0375425815582275,0.21684761345386505,mish,adamw,2,24
stages.6.bn2,1.0386217832565308,0.08917418867349625,mish,adamw,2,24
stages.6.shortcut.1,1.0026514530181885,0.08917418867349625,mish,adamw,2,24
stages.7.bn1,1.0035613775253296,0.1007435992360115,mish,adamw,2,24
stages.7.bn2,0.9307076930999756,0.08519430458545685,mish,adamw,2,24
