layer,mean_abs_gamma,mean_abs_beta,activation,seed,epoch
stem_bn,0.8527377247810364,0.08779624104499817,relu,0,0
stages.0.bn1,0.8288780450820923,0.06071370095014572,relu,0,0
stages.0.bn2,0.814254105091095,0.04329783469438553,relu,0,0
stages.1.bn1,0.8259345293045044,0.038770243525505066,relu,0,0
stages.1.bn2,0.8083521127700806,0.032036978751420975,relu,0,0
stages.2.bn1,0.8256438374519348,0.013068156316876411,relu,0,0
stages.2.bn2,0.8197983503341675,0.020887235179543495,relu,0,0
stages.2.shortcut.1,0.8396334052085876,0.020887235179543495,relu,0,0
stages.3.bn1,0.8253845572471619,0.018848489969968796,relu,0,0
stages.3.bn2,0.8169575333595276,0.014076758176088333,relu,0,0
stages.4.bn1,0.825352132320404,0.013125288300216198,relu,0,0
stages.4.bn2,0.8229309320449829,0.017413880676031113,relu,0,0
stages.4.shortcut.1,0.8302438259124756,0.017413880676031113,relu,0,0
stages.5.bn1,0.8254071474075317,0.012843600474298,relu,0,0
stages.5.bn2,0.8229909539222717,0.011843699961900711,relu,0,0
stages.6.bn1,0.8254905343055725,0.007111513987183571,relu,0,0
stages.6.bn2,0.8060957193374634,0.06027347594499588,relu,0,0
stages.6.shortcut.1,0.8073790669441223,0.06027347594499588,relu,0,0
stages.7.bn1,0.8254858255386353,0.011720969341695309,relu,0,0
stages.7.bn2,0.7773640155792236,0.11885540187358856,relu,0,0
stem_bn,0.35038328170776367,0.1697656363248825,relu,0,6
stages.0.bn1,0.3911047875881195,0.15154147148132324,relu,0,6
stages.0.bn2,0.4087632894515991,0.12066565454006195,relu,0,6
stages.1.bn1,0.3050841987133026,0.08594929426908493,relu,0,6
stages.1.bn2,0.22756743431091309,0.06846128404140472,relu,0,6
stages.2.bn1,0.28223249316215515,0.08882357180118561,relu,0,6
stages.2.bn2,0.29105547070503235,0.06220949441194534,relu,0,6
stages.2.shortcut.1,0.3442125916481018,0.06220949441194534,relu,0,6
stages.3.bn1,0.26018595695495605,0.09989159554243088,relu,0,6
stages.3.bn2,0.22508594393730164,0.07631140947341919,relu,0,6
stages.4.bn1,0.2708466351032257,0.07925751060247421,relu,0,6
stages.4.bn2,0.32712557911872864,0.04290608689188957,relu,0,6
stages.4.shortcut.1,0.2549792528152466,0.04290608689188957,relu,0,6
stages.5.bn1,0.26546335220336914,0.06394760310649872,relu,0,6
stages.5.bn2,0.22887560725212097,0.04678235575556755,relu,0,6
stages.6.bn1,0.2679606080055237,0.03300384059548378,relu,0,6
stages.6.bn2,0.2583819627761841,0.06902613490819931,relu,0,6
stages.6.shortcut.1,0.27335482835769653,0.06902613490819931,relu,0,6
stages.7.bn1,0.269321084022522,0.055094458162784576,relu,0,6
stages.7.bn2,0.29515230655670166,0.07808360457420349,relu,0,6
stem_bn,0.2509286105632782,0.13897642493247986,relu,0,12
stages.0.bn1,0.32738742232322693,0.12187761813402176,relu,0,12
stages.0.bn2,0.34320390224456787,0.126071959733963,relu,0,12
stages.1.bn1,0.22521239519119263,0.10999612510204315,relu,0,12
stages.1.bn2,0.1824234426021576,0.07737559080123901,relu,0,12
stages.2.bn1,0.22192195057868958,0.0905008316040039,relu,0,12
stages.2.bn2,0.24694490432739258,0.06285342574119568,relu,0,12
stages.2.shortcut.1,0.23836871981620789,0.06285342574119568,relu,0,12
stages.3.bn1,0.18538710474967957,0.12687566876411438,relu,0,12
stages.3.bn2,0.15333546698093414,0.08266262710094452,relu,0,12
stages.4.bn1,0.19767868518829346,0.09211073070764542,relu,0,12
stages.4.bn2,0.23298969864845276,0.06151801720261574,relu,0,12
stages.4.shortcut.1,0.12997600436210632,0.06151801720261574,relu,0,12
stages.5.bn1,0.14923317730426788,0.09990912675857544,relu,0,12
stages.5.bn2,0.11550593376159668,0.06734439730644226,relu,0,12
stages.6.bn1,0.12906447052955627,0.052897535264492035,relu,0,12
stages.6.bn2,0.16023486852645874,0.0544578954577446,relu,0,12
stages.6.shortcut.1,0.1484774798154831,0.0544578954577446,relu,0,12
stages.7.bn1,0.13951636850833893,0.05771498382091522,relu,0,12
stages.7.bn2,0.252109169960022,0.021138165146112442,relu,0,12
stem_bn,0.21643845736980438,0.12158450484275818,relu,0,18
stages.0.bn1,0.28378167748451233,0.1020517572760582,relu,0,18
stages.0.bn2,0.3022175431251526,0.1093745008111,relu,0,18
stages.1.bn1,0.207554429769516,0.10099023580551147,relu,0,18
stages.1.bn2,0.1593896895647049,0.07378289103507996,relu,0,18
stages.2.bn1,0.19907650351524353,0.0830453485250473,relu,0,18
stages.2.bn2,0.2254917323589325,0.06084250286221504,relu,0,18
stages.2.shortcut.1,0.19782698154449463,0.06084250286221504,relu,0,18
stages.3.bn1,0.1725364625453949,0.128414124250412,relu,0,18
stages.3.bn2,0.14235065877437592,0.083097442984581,relu,0,18
stages.4.bn1,0.17902293801307678,0.09452962130308151,relu,0,18
stages.4.bn2,0.2097664624452591,0.06821522116661072,relu,0,18
stages.4.shortcut.1,0.09830597788095474,0.06821522116661072,relu,0,18
stages.5.bn1,0.1371137648820877,0.10876189917325974,relu,0,18
stages.5.bn2,0.11037593334913254,0.0669516772031784,relu,0,18
stages.6.bn1,0.10722888261079788,0.05156056210398674,relu,0,18
stages.6.bn2,0.14669086039066315,0.045573897659778595,relu,0,18
stages.6.shortcut.1,0.11567695438861847,0.045573897659778595,relu,0,18
stages.7.bn1,0.1146755963563919,0.05280571058392525,relu,0,18
stages.7.bn2,0.2600599527359009,0.03822968900203705,relu,0,18
stem_bn,0.20429189503192902,0.11535988748073578,relu,0,24
stages.0.bn1,0.2720218300819397,0.09512791037559509,relu,0,24
stages.0.bn2,0.2865391969680786,0.10185404866933823,relu,0,24
stages.1.bn1,0.19729137420654297,0.09645529091358185,relu,0,24
stages.1.bn2,0.1572059690952301,0.06894534826278687,relu,0,24
stages.2.bn1,0.19056475162506104,0.0796835720539093,relu,0,24
stages.2.bn2,0.21493278443813324,0.0595196969807148,relu,0,24
stages.2.shortcut.1,0.1832999736070633,0.0595196969807148,relu,0,24
stages.3.bn1,0.16420234739780426,0.12545791268348694,relu,0,24
stages.3.bn2,0.1411181092262268,0.08116620779037476,relu,0,24
stages.4.bn1,0.17155855894088745,0.09026091545820236,relu,0,24
stages.4.bn2,0.19628384709358215,0.06993816792964935,relu,0,24
stages.4.shortcut.1,0.08569411933422089,0.06993816792964935,relu,0,24
stages.5.bn1,0.13015827536582947,0.1094570904970169,relu,0,24
stages.5.bn2,0.11595171689987183,0.06567966192960739,relu,0,24
stages.6.bn1,0.10169904679059982,0.051211290061473846,relu,0,24
stages.6.bn2,0.1464247703552246,0.04223671555519104,relu,0,24
stages.6.shortcut.1,0.10810808837413788,0.04223671555519104,relu,0,24
stages.7.bn1,0.10803604125976562,0.051865458488464355,relu,0,24
stages.7.bn2,0.26696914434432983,0.04676513746380806,relu,0,24
stem_bn,0.8516818284988403,0.15724393725395203,relu,1,0
stages.0.bn1,0.828072190284729,0.07677070051431656,relu,1,0
stages.0.bn2,0.819011926651001,0.06300260126590729,relu,1,0
stages.1.bn1,0.8255993127822876,0.041737742722034454,relu,1,0
stages.1.bn2,0.8035026788711548,0.035120412707328796,relu,1,0
stages.2.bn1,0.8254567980766296,0.013431631028652191,relu,1,0
stages.2.bn2,0.8229162693023682,0.026211975142359734,relu,1,0
stages.2.shortcut.1,0.836400032043457,0.026211975142359734,relu,1,0
stages.3.bn1,0.8251184225082397,0.02320893108844757,relu,1,0
stages.3.bn2,0.8162899017333984,0.022429663687944412,relu,1,0
stages.4.bn1,0.8252906799316406,0.015671811997890472,relu,1,0
stages.4.bn2,0.8239412903785706,0.01801769994199276,relu,1,0
stages.4.shortcut.1,0.8256949186325073,0.01801769994199276,relu,1,0
stages.5.bn1,0.8252100944519043,0.018489975482225418,relu,1,0
stages.5.bn2,0.8264325261116028,0.013832921162247658,relu,1,0
stages.6.bn1,0.8254714012145996,0.009905222803354263,relu,1,0
stages.6.bn2,0.8021200895309448,0.05443566292524338,relu,1,0
stages.6.shortcut.1,0.8023216724395752,0.05443566292524338,relu,1,0
stages.7.bn1,0.825401246547699,0.013113602995872498,relu,1,0
stages.7.bn2,0.7763299942016602,0.10378864407539368,relu,1,0
stem_bn,0.4108322858810425,0.1525009274482727,relu,1,6
stages.0.bn1,0.32324862480163574,0.10763852298259735,relu,1,6
stages.0.bn2,0.2907183766365051,0.08758988976478577,relu,1,6
stages.1.bn1,0.27966004610061646,0.09674281626939774,relu,1,6
stages.1.bn2,0.21500593423843384,0.0678231343626976,relu,1,6
stages.2.bn1,0.2671540379524231,0.08632323145866394,relu,1,6
stages.2.bn2,0.3021879196166992,0.05861605703830719,relu,1,6
stages.2.shortcut.1,0.3356509208679199,0.05861605703830719,relu,1,6
stages.3.bn1,0.2660991847515106,0.108339324593544,relu,1,6
stages.3.bn2,0.21965937316417694,0.07353207468986511,relu,1,6
stages.4.bn1,0.2687223553657532,0.08902520686388016,relu,1,6
stages.4.bn2,0.3161291480064392,0.06609442830085754,relu,1,6
stages.4.shortcut.1,0.2596140503883362,0.06609442830085754,relu,1,6
stages.5.bn1,0.2630736231803894,0.08653737604618073,relu,1,6
stages.5.bn2,0.2324250042438507,0.06255218386650085,relu,1,6
stages.6.bn1,0.26706820726394653,0.04139178991317749,relu,1,6
stages.6.bn2,0.25332528352737427,0.07341049611568451,relu,1,6
stages.6.shortcut.1,0.26779788732528687,0.07341049611568451,relu,1,6
stages.7.bn1,0.2689029574394226,0.05243319272994995,relu,1,6
stages.7.bn2,0.2884591817855835,0.0782380998134613,relu,1,6
stem_bn,0.26354995369911194,0.13621412217617035,relu,1,12
stages.0.bn1,0.23384831845760345,0.09080976992845535,relu,1,12
stages.0.bn2,0.21003898978233337,0.09261453151702881,relu,1,12
stages.1.bn1,0.20722520351409912,0.08911193162202835,relu,1,12
stages.1.bn2,0.17859548330307007,0.058093372732400894,relu,1,12
stages.2.bn1,0.2102506160736084,0.07432365417480469,relu,1,12
stages.2.bn2,0.2517710328102112,0.05859353393316269,relu,1,12
stages.2.shortcut.1,0.2241746187210083,0.05859353393316269,relu,1,12
stages.3.bn1,0.21054159104824066,0.1266431361436844,relu,1,12
stages.3.bn2,0.1750202178955078,0.07440942525863647,relu,1,12
stages.4.bn1,0.19848313927650452,0.09816963970661163,relu,1,12
stages.4.bn2,0.23444253206253052,0.07823558896780014,relu,1,12
stages.4.shortcut.1,0.13907216489315033,0.07823558896780014,relu,1,12
stages.5.bn1,0.17223507165908813,0.11642444133758545,relu,1,12
stages.5.bn2,0.13770288228988647,0.07651730626821518,relu,1,12
stages.6.bn1,0.13487261533737183,0.06033114343881607,relu,1,12
stages.6.bn2,0.17007434368133545,0.051888830959796906,relu,1,12
stages.6.shortcut.1,0.1434006243944168,0.051888830959796906,relu,1,12
stages.7.bn1,0.13882000744342804,0.05492014065384865,relu,1,12
stages.7.bn2,0.2491975724697113,0.02133442834019661,relu,1,12
stem_bn,0.22077040374279022,0.11655102670192719,relu,1,18
stages.0.bn1,0.20248770713806152,0.08058999478816986,relu,1,18
stages.0.bn2,0.18657875061035156,0.07700188457965851,relu,1,18
stages.1.bn1,0.18257586658000946,0.08085085451602936,relu,1,18
stages.1.bn2,0.15356910228729248,0.0488552451133728,relu,1,18
stages.2.bn1,0.19266751408576965,0.06505414843559265,relu,1,18
stages.2.bn2,0.2224564254283905,0.05511645972728729,relu,1,18
stages.2.shortcut.1,0.18422043323516846,0.05511645972728729,relu,1,18
stages.3.bn1,0.1909416764974594,0.126929372549057,relu,1,18
stages.3.bn2,0.16622352600097656,0.07553687691688538,relu,1,18
stages.4.bn1,0.1814456582069397,0.09663830697536469,relu,1,18
stages.4.bn2,0.21274280548095703,0.08027459681034088,relu,1,18
stages.4.shortcut.1,0.109119713306427,0.08027459681034088,relu,1,18
stages.5.bn1,0.1570751965045929,0.12737515568733215,relu,1,18
stages.5.bn2,0.1319686770439148,0.07912643253803253,relu,1,18
stages.6.bn1,0.11441303044557571,0.05922963097691536,relu,1,18
stages.6.bn2,0.15211912989616394,0.044988952577114105,relu,1,18
stages.6.shortcut.1,0.11230767518281937,0.044988952577114105,relu,1,18
stages.7.bn1,0.11345961689949036,0.05212849751114845,relu,1,18
stages.7.bn2,0.25825920701026917,0.044140346348285675,relu,1,18
stem_bn,0.20890410244464874,0.1153874397277832,relu,1,24
stages.0.bn1,0.19434234499931335,0.07794114947319031,relu,1,24
stages.0.bn2,0.17887288331985474,0.07300008833408356,relu,1,24
stages.1.bn1,0.17465552687644958,0.07718349993228912,relu,1,24
stages.1.bn2,0.148147314786911,0.04673308879137039,relu,1,24
stages.2.bn1,0.1835746318101883,0.06284257024526596,relu,1,24
stages.2.bn2,0.20978811383247375,0.0527181401848793,relu,1,24
stages.2.shortcut.1,0.17344731092453003,0.0527181401848793,relu,1,24
stages.3.bn1,0.18112382292747498,0.12519153952598572,relu,1,24
stages.3.bn2,0.16116280853748322,0.07267370820045471,relu,1,24
stages.4.bn1,0.17232829332351685,0.09377677738666534,relu,1,24
stages.4.bn2,0.19862522184848785,0.08066719025373459,relu,1,24
stages.4.shortcut.1,0.09435814619064331,0.08066719025373459,relu,1,24
stages.5.bn1,0.14758694171905518,0.12823043763637543,relu,1,24
stages.5.bn2,0.13544371724128723,0.07686543464660645,relu,1,24
stages.6.bn1,0.10780149698257446,0.059262439608573914,relu,1,24
stages.6.bn2,0.15080007910728455,0.04164846986532211,relu,1,24
stages.6.shortcut.1,0.10490534454584122,0.04164846986532211,relu,1,24
stages.7.bn1,0.10725830495357513,0.05064842849969864,relu,1,24
stages.7.bn2,0.26608994603157043,0.05303620919585228,relu,1,24
stem_bn,0.8406161069869995,0.08994850516319275,relu,2,0
stages.0.bn1,0.8252967596054077,0.06532904505729675,relu,2,0
stages.0.bn2,0.8358263969421387,0.05098453536629677,relu,2,0
stages.1.bn1,0.8253957629203796,0.032391712069511414,relu,2,0
stages.1.bn2,0.7963206768035889,0.03249749541282654,relu,2,0
stages.2.bn1,0.8255099058151245,0.02183937281370163,relu,2,0
stages.2.bn2,0.8274447917938232,0.04035473242402077,relu,2,0
stages.2.shortcut.1,0.8232777714729309,0.04035473242402077,relu,2,0
stages.3.bn1,0.8244755268096924,0.04453285411000252,relu,2,0
stages.3.bn2,0.8240064382553101,0.0344218984246254,relu,2,0
stages.4.bn1,0.8252331018447876,0.023184727877378464,relu,2,0
stages.4.bn2,0.8189613819122314,0.03013756312429905,relu,2,0
stages.4.shortcut.1,0.8249112367630005,0.03013756312429905,relu,2,0
stages.5.bn1,0.8252654075622559,0.022347334772348404,relu,2,0
stages.5.bn2,0.8310297131538391,0.022111067548394203,relu,2,0
stages.6.bn1,0.8253584504127502,0.01617632433772087,relu,2,0
stages.6.bn2,0.7895626425743103,0.07809072732925415,relu,2,0
stages.6.shortcut.1,0.7934067249298096,0.07809072732925415,relu,2,0
stages.7.bn1,0.8252934813499451,0.022061821073293686,relu,2,0
stages.7.bn2,0.7210642099380493,0.12545642256736755,relu,2,0
stem_bn,0.3522080183029175,0.13591094315052032,relu,2,6
stages.0.bn1,0.4048610031604767,0.151130810379982,relu,2,6
stages.0.bn2,0.39301133155822754,0.11477751284837723,relu,2,6
stages.1.bn1,0.27141258120536804,0.11510080099105835,relu,2,6
stages.1.bn2,0.1747162938117981,0.06823834776878357,relu,2,6
stages.2.bn1,0.27437761425971985,0.03959072381258011,relu,2,6
stages.2.bn2,0.2491530179977417,0.05184606835246086,relu,2,6
stages.2.shortcut.1,0.36340463161468506,0.05184606835246086,relu,2,6
stages.3.bn1,0.25326648354530334,0.11321021616458893,relu,2,6
stages.3.bn2,0.22142165899276733,0.0633641928434372,relu,2,6
stages.4.bn1,0.26593711972236633,0.060338862240314484,relu,2,6
stages.4.bn2,0.26774004101753235,0.0659506767988205,relu,2,6
stages.4.shortcut.1,0.27814263105392456,0.0659506767988205,relu,2,6
stages.5.bn1,0.25641024112701416,0.12092696130275726,relu,2,6
stages.5.bn2,0.26308321952819824,0.06917209178209305,relu,2,6
stages.6.bn1,0.2665918469429016,0.05160048231482506,relu,2,6
stages.6.bn2,0.2844475507736206,0.07399716228246689,relu,2,6
stages.6.shortcut.1,0.26224446296691895,0.07399716228246689,relu,2,6
stages.7.bn1,0.26985275745391846,0.03594829514622688,relu,2,6
stages.7.bn2,0.24275629222393036,0.0913291722536087,relu,2,6
stem_bn,0.26634106040000916,0.11864276230335236,relu,2,12
stages.0.bn1,0.3364418148994446,0.11749172955751419,relu,2,12
stages.0.bn2,0.3232216238975525,0.10632960498332977,relu,2,12
stages.1.bn1,0.19181540608406067,0.12863537669181824,relu,2,12
stages.1.bn2,0.13353687524795532,0.06857678294181824,relu,2,12
stages.2.bn1,0.17831361293792725,0.04733739793300629,relu,2,12
stages.2.bn2,0.18307054042816162,0.04300253838300705,relu,2,12
stages.2.shortcut.1,0.2489766776561737,0.04300253838300705,relu,2,12
stages.3.bn1,0.1812022626399994,0.11518396437168121,relu,2,12
stages.3.bn2,0.1522018015384674,0.06879286468029022,relu,2,12
stages.4.bn1,0.18117806315422058,0.07333545386791229,relu,2,12
stages.4.bn2,0.20552389323711395,0.07705916464328766,relu,2,12
stages.4.shortcut.1,0.15644854307174683,0.07705916464328766,relu,2,12
stages.5.bn1,0.19421154260635376,0.1383437067270279,relu,2,12
stages.5.bn2,0.1710655391216278,0.08686667680740356,relu,2,12
stages.6.bn1,0.13779720664024353,0.062279798090457916,relu,2,12
stages.6.bn2,0.19985976815223694,0.04803680628538132,relu,2,12
stages.6.shortcut.1,0.14629554748535156,0.04803680628538132,relu,2,12
stages.7.bn1,0.1311788111925125,0.038482896983623505,relu,2,12
stages.7.bn2,0.2083776295185089,0.023440154269337654,relu,2,12
stem_bn,0.22243846952915192,0.10778496414422989,relu,2,18
stages.0.bn1,0.28893107175827026,0.09991611540317535,relu,2,18
stages.0.bn2,0.288973867893219,0.09604329615831375,relu,2,18
stages.1.bn1,0.1752430498600006,0.12143965065479279,relu,2,18
stages.1.bn2,0.12373208999633789,0.06149093434214592,relu,2,18
stages.2.bn1,0.16181409358978271,0.04431403428316116,relu,2,18
stages.2.bn2,0.17456485331058502,0.04107346013188362,relu,2,18
stages.2.shortcut.1,0.20514321327209473,0.04107346013188362,relu,2,18
stages.3.bn1,0.16542577743530273,0.11494014412164688,relu,2,18
stages.3.bn2,0.14427036046981812,0.0659162849187851,relu,2,18
stages.4.bn1,0.1652822643518448,0.0778951495885849,relu,2,18
stages.4.bn2,0.18911704421043396,0.08106084167957306,relu,2,18
stages.4.shortcut.1,0.12368571758270264,0.08106084167957306,relu,2,18
stages.5.bn1,0.17765218019485474,0.14562606811523438,relu,2,18
stages.5.bn2,0.159021258354187,0.09141078591346741,relu,2,18
stages.6.bn1,0.1161579117178917,0.06088634580373764,relu,2,18
stages.6.bn2,0.18124738335609436,0.037827663123607635,relu,2,18
stages.6.shortcut.1,0.11724458634853363,0.037827663123607635,relu,2,18
stages.7.bn1,0.10385751724243164,0.03581303730607033,relu,2,18
stages.7.bn2,0.22090137004852295,0.032230764627456665,relu,2,18
stem_bn,0.21182815730571747,0.10313895344734192,relu,2,24
stages.0.bn1,0.2777293920516968,0.09209288656711578,relu,2,24
stages.0.bn2,0.2740752696990967,0.0923004299402237,relu,2,24
stages.1.bn1,0.16572177410125732,0.11742396652698517,relu,2,24
stages.1.bn2,0.12147951126098633,0.05848615616559982,relu,2,24
stages.2.bn1,0.1541493535041809,0.043697115033864975,relu,2,24
stages.2.bn2,0.17037373781204224,0.038370467722415924,relu,2,24
stages.2.shortcut.1,0.18864992260932922,0.038370467722415924,relu,2,24
stages.3.bn1,0.15881086885929108,0.11223356425762177,relu,2,24
stages.3.bn2,0.14328554272651672,0.06322133541107178,relu,2,24
stages.4.bn1,0.15845027565956116,0.07562710344791412,relu,2,24
stages.4.bn2,0.1789197027683258,0.08090519160032272,relu,2,24
stages.4.shortcut.1,0.10748130083084106,0.08090519160032272,relu,2,24
stages.5.bn1,0.16767461597919464,0.14482609927654266,relu,2,24
stages.5.bn2,0.15992477536201477,0.08975410461425781,relu,2,24
stages.6.bn1,0.1095551997423172,0.060719117522239685,relu,2,24
stages.6.bn2,0.17933602631092072,0.03383631631731987,relu,2,24
stages.6.shortcut.1,0.11134212464094162,0.03383631631731987,relu,2,24
stages.7.bn1,0.09821996092796326,0.03450743854045868,relu,2,24
stages.7.bn2,0.2294861227273941,0.0404222197830677,relu,2,24
stem_bn,0.8785220384597778,0.10244092345237732,gelu,0,0
stages.0.bn1,0.836813747882843,0.04736024886369705,gelu,0,0
stages.0.bn2,0.8254234194755554,0.042111918330192566,gelu,0,0
stages.1.bn1,0.8282572031021118,0.02691185474395752,gelu,0,0
stages.1.bn2,0.8123699426651001,0.023238666355609894,gelu,0,0
stages.2.bn1,0.8271195888519287,0.011211594566702843,gelu,0,0
stages.2.bn2,0.8290796279907227,0.01704319566488266,gelu,0,0
stages.2.shortcut.1,0.8360123634338379,0.01704319566488266,gelu,0,0
stages.3.bn1,0.8248865008354187,0.007859867066144943,gelu,0,0
stages.3.bn2,0.8151910305023193,0.010792363435029984,gelu,0,0
stages.4.bn1,0.8256264925003052,0.007047289051115513,gelu,0,0
stages.4.bn2,0.8247702121734619,0.012943346984684467,gelu,0,0
stages.4.shortcut.1,0.8330334424972534,0.012943346984684467,gelu,0,0
stages.5.bn1,0.8249428272247314,0.005359879694879055,gelu,0,0
stages.5.bn2,0.8213154673576355,0.007803380489349365,gelu,0,0
stages.6.bn1,0.8252516388893127,0.003607624676078558,gelu,0,0
stages.6.bn2,0.812464714050293,0.03516501933336258,gelu,0,0
stages.6.shortcut.1,0.8105275630950928,0.03516501933336258,gelu,0,0
stages.7.bn1,0.8251681327819824,0.005537141114473343,gelu,0,0
stages.7.bn2,0.7909798622131348,0.06895916908979416,gelu,0,0
stem_bn,0.44971710443496704,0.19500115513801575,gelu,0,6
stages.0.bn1,0.49792617559432983,0.2250574380159378,gelu,0,6
stages.0.bn2,0.5637940168380737,0.12669122219085693,gelu,0,6
stages.1.bn1,0.42389732599258423,0.14688628911972046,gelu,0,6
stages.1.bn2,0.3560768961906433,0.0817844346165657,gelu,0,6
stages.2.bn1,0.37237149477005005,0.06182318925857544,gelu,0,6
stages.2.bn2,0.40931642055511475,0.06770741194486618,gelu,0,6
stages.2.shortcut.1,0.34126734733581543,0.06770741194486618,gelu,0,6
stages.3.bn1,0.33652210235595703,0.07791513204574585,gelu,0,6
stages.3.bn2,0.24347496032714844,0.0699571892619133,gelu,0,6
stages.4.bn1,0.3380900025367737,0.0463743731379509,gelu,0,6
stages.4.bn2,0.3699952960014343,0.047721512615680695,gelu,0,6
stages.4.shortcut.1,0.2963372468948364,0.047721512615680695,gelu,0,6
stages.5.bn1,0.307157039642334,0.030112408101558685,gelu,0,6
stages.5.bn2,0.23910576105117798,0.048870719969272614,gelu,0,6
stages.6.bn1,0.29752498865127563,0.014906303957104683,gelu,0,6
stages.6.bn2,0.31406912207603455,0.03954920917749405,gelu,0,6
stages.6.shortcut.1,0.3066827654838562,0.03954920917749405,gelu,0,6
stages.7.bn1,0.29099100828170776,0.017878081649541855,gelu,0,6
stages.7.bn2,0.2712398171424866,0.07022224366664886,gelu,0,6
stem_bn,0.3552093505859375,0.16636767983436584,gelu,0,12
stages.0.bn1,0.41865274310112,0.21101756393909454,gelu,0,12
stages.0.bn2,0.5213539600372314,0.11918085813522339,gelu,0,12
stages.1.bn1,0.35494935512542725,0.19005842506885529,gelu,0,12
stages.1.bn2,0.3200850188732147,0.09732677042484283,gelu,0,12
stages.2.bn1,0.3080584406852722,0.08606505393981934,gelu,0,12
stages.2.bn2,0.38855302333831787,0.0902511328458786,gelu,0,12
stages.2.shortcut.1,0.2602366805076599,0.0902511328458786,gelu,0,12
stages.3.bn1,0.245336651802063,0.11202844232320786,gelu,0,12
stages.3.bn2,0.1912969946861267,0.10331210494041443,gelu,0,12
stages.4.bn1,0.2776091694831848,0.06654950976371765,gelu,0,12
stages.4.bn2,0.33567333221435547,0.08763830363750458,gelu,0,12
stages.4.shortcut.1,0.19160449504852295,0.08763830363750458,gelu,0,12
stages.5.bn1,0.20092234015464783,0.0438234806060791,gelu,0,12
stages.5.bn2,0.17117130756378174,0.09616948664188385,gelu,0,12
stages.6.bn1,0.18613556027412415,0.019299449399113655,gelu,0,12
stages.6.bn2,0.26472216844558716,0.022467054426670074,gelu,0,12
stages.6.shortcut.1,0.22116702795028687,0.022467054426670074,gelu,0,12
stages.7.bn1,0.16090886294841766,0.017569649964571,gelu,0,12
stages.7.bn2,0.22180935740470886,0.023686710745096207,gelu,0,12
stem_bn,0.31450578570365906,0.14737644791603088,gelu,0,18
stages.0.bn1,0.38320034742355347,0.20261088013648987,gelu,0,18
stages.0.bn2,0.48746487498283386,0.10763628780841827,gelu,0,18
stages.1.bn1,0.32194122672080994,0.19735944271087646,gelu,0,18
stages.1.bn2,0.3031712472438812,0.09857974946498871,gelu,0,18
stages.2.bn1,0.2840012311935425,0.09027306735515594,gelu,0,18
stages.2.bn2,0.3707848787307739,0.09631867706775665,gelu,0,18
stages.2.shortcut.1,0.2268921136856079,0.09631867706775665,gelu,0,18
stages.3.bn1,0.2150818258523941,0.12195596098899841,gelu,0,18
stages.3.bn2,0.18099020421504974,0.10962160676717758,gelu,0,18
stages.4.bn1,0.2589820623397827,0.0739106833934784,gelu,0,18
stages.4.bn2,0.3235898017883301,0.10370242595672607,gelu,0,18
stages.4.shortcut.1,0.16015386581420898,0.10370242595672607,gelu,0,18
stages.5.bn1,0.1722182184457779,0.04852154850959778,gelu,0,18
stages.5.bn2,0.161784827709198,0.1080406904220581,gelu,0,18
stages.6.bn1,0.15638911724090576,0.019726604223251343,gelu,0,18
stages.6.bn2,0.25687283277511597,0.020887697115540504,gelu,0,18
stages.6.shortcut.1,0.20058618485927582,0.020887697115540504,gelu,0,18
stages.7.bn1,0.1256086528301239,0.015601027756929398,gelu,0,18
stages.7.bn2,0.23037876188755035,0.01737208664417267,gelu,0,18
stem_bn,0.30506980419158936,0.14065179228782654,gelu,0,24
stages.0.bn1,0.37130051851272583,0.1972954273223877,gelu,0,24
stages.0.bn2,0.4720074534416199,0.10217174887657166,gelu,0,24
stages.1.bn1,0.312389075756073,0.19325771927833557,gelu,0,24
stages.1.bn2,0.30058085918426514,0.09546217322349548,gelu,0,24
stages.2.bn1,0.2757391631603241,0.08871317654848099,gelu,0,24
stages.2.bn2,0.3608667850494385,0.09604565054178238,gelu,0,24
stages.2.shortcut.1,0.2131674438714981,0.09604565054178238,gelu,0,24
stages.3.bn1,0.2082405984401703,0.12014289945363998,gelu,0,24
stages.3.bn2,0.18022561073303223,0.10680457949638367,gelu,0,24
stages.4.bn1,0.2508629262447357,0.0731341689825058,gelu,0,24
stages.4.bn2,0.31565409898757935,0.10486166179180145,gelu,0,24
stages.4.shortcut.1,0.14976148307323456,0.10486166179180145,gelu,0,24
stages.5.bn1,0.16677390038967133,0.04859694093465805,gelu,0,24
stages.5.bn2,0.1627795696258545,0.10706378519535065,gelu,0,24
stages.6.bn1,0.1497448831796646,0.019407328218221664,gelu,0,24
stages.6.bn2,0.2561259865760803,0.020934291183948517,gelu,0,24
stages.6.shortcut.1,0.19680513441562653,0.020934291183948517,gelu,0,24
stages.7.bn1,0.1192314475774765,0.01500571146607399,gelu,0,24
stages.7.bn2,0.2384445071220398,0.018730677664279938,gelu,0,24
stem_bn,0.8946792483329773,0.05549546331167221,gelu,1,0
stages.0.bn1,0.8300840854644775,0.044893428683280945,gelu,1,0
stages.0.bn2,0.8247027397155762,0.03149140253663063,gelu,1,0
stages.1.bn1,0.8254128694534302,0.017572861164808273,gelu,1,0
stages.1.bn2,0.7774657011032104,0.021939944475889206,gelu,1,0
stages.2.bn1,0.8262630701065063,0.009015972726047039,gelu,1,0
stages.2.bn2,0.821575403213501,0.015527441166341305,gelu,1,0
stages.2.shortcut.1,0.8449462652206421,0.015527441166341305,gelu,1,0
stages.3.bn1,0.8258682489395142,0.00937158614397049,gelu,1,0
stages.3.bn2,0.8138937950134277,0.010200327262282372,gelu,1,0
stages.4.bn1,0.8252195715904236,0.007891194894909859,gelu,1,0
stages.4.bn2,0.828525722026825,0.010013513267040253,gelu,1,0
stages.4.shortcut.1,0.8277055025100708,0.010013513267040253,gelu,1,0
stages.5.bn1,0.8246583938598633,0.006735393777489662,gelu,1,0
stages.5.bn2,0.8204458355903625,0.0074390508234500885,gelu,1,0
stages.6.bn1,0.8253576755523682,0.0044229282066226006,gelu,1,0
stages.6.bn2,0.8097974061965942,0.03944552689790726,gelu,1,0
stages.6.shortcut.1,0.8066296577453613,0.03944552689790726,gelu,1,0
stages.7.bn1,0.8264580965042114,0.007115430664271116,gelu,1,0
stages.7.bn2,0.7903640270233154,0.07169350236654282,gelu,1,0
stem_bn,0.47958293557167053,0.14596101641654968,gelu,1,6
stages.0.bn1,0.4267961382865906,0.18375736474990845,gelu,1,6
stages.0.bn2,0.5396947264671326,0.11743146926164627,gelu,1,6
stages.1.bn1,0.3641658127307892,0.08414536714553833,gelu,1,6
stages.1.bn2,0.32401058077812195,0.06915704160928726,gelu,1,6
stages.2.bn1,0.36766648292541504,0.06406740844249725,gelu,1,6
stages.2.bn2,0.40494632720947266,0.07448480278253555,gelu,1,6
stages.2.shortcut.1,0.36895835399627686,0.07448480278253555,gelu,1,6
stages.3.bn1,0.35642725229263306,0.0791119933128357,gelu,1,6
stages.3.bn2,0.2543824315071106,0.08212390542030334,gelu,1,6
stages.4.bn1,0.34726428985595703,0.058182988315820694,gelu,1,6
stages.4.bn2,0.37789732217788696,0.06353782117366791,gelu,1,6
stages.4.shortcut.1,0.28726309537887573,0.06353782117366791,gelu,1,6
stages.5.bn1,0.32271242141723633,0.04741562902927399,gelu,1,6
stages.5.bn2,0.24767670035362244,0.06108959764242172,gelu,1,6
stages.6.bn1,0.2974395751953125,0.017385277897119522,gelu,1,6
stages.6.bn2,0.30332523584365845,0.044412463903427124,gelu,1,6
stages.6.shortcut.1,0.31722408533096313,0.044412463903427124,gelu,1,6
stages.7.bn1,0.2988775968551636,0.026017701253294945,gelu,1,6
stages.7.bn2,0.2883613705635071,0.07018964737653732,gelu,1,6
stem_bn,0.3606065511703491,0.13938549160957336,gelu,1,12
stages.0.bn1,0.3417651653289795,0.16597536206245422,gelu,1,12
stages.0.bn2,0.5088620781898499,0.13028183579444885,gelu,1,12
stages.1.bn1,0.278099000453949,0.10353846102952957,gelu,1,12
stages.1.bn2,0.288366436958313,0.08249472826719284,gelu,1,12
stages.2.bn1,0.29720962047576904,0.0806349664926529,gelu,1,12
stages.2.bn2,0.3810918927192688,0.09859832376241684,gelu,1,12
stages.2.shortcut.1,0.29250580072402954,0.09859832376241684,gelu,1,12
stages.3.bn1,0.28498679399490356,0.10831978172063828,gelu,1,12
stages.3.bn2,0.2112019807100296,0.12619107961654663,gelu,1,12
stages.4.bn1,0.28891265392303467,0.08266887068748474,gelu,1,12
stages.4.bn2,0.3464764654636383,0.10821090638637543,gelu,1,12
stages.4.shortcut.1,0.1930396556854248,0.10821090638637543,gelu,1,12
stages.5.bn1,0.22707131505012512,0.06777063757181168,gelu,1,12
stages.5.bn2,0.17464092373847961,0.09912724792957306,gelu,1,12
stages.6.bn1,0.18788835406303406,0.019885966554284096,gelu,1,12
stages.6.bn2,0.25360485911369324,0.0252763032913208,gelu,1,12
stages.6.shortcut.1,0.22853566706180573,0.0252763032913208,gelu,1,12
stages.7.bn1,0.1712125539779663,0.02772410772740841,gelu,1,12
stages.7.bn2,0.2399173378944397,0.024118658155202866,gelu,1,12
stem_bn,0.3273858428001404,0.12802013754844666,gelu,1,18
stages.0.bn1,0.31097176671028137,0.1541723906993866,gelu,1,18
stages.0.bn2,0.47669005393981934,0.11474578082561493,gelu,1,18
stages.1.bn1,0.25737911462783813,0.10610029101371765,gelu,1,18
stages.1.bn2,0.2780417203903198,0.08222603797912598,gelu,1,18
stages.2.bn1,0.27094754576683044,0.08626516908407211,gelu,1,18
stages.2.bn2,0.3604834973812103,0.10618916153907776,gelu,1,18
stages.2.shortcut.1,0.2547389268875122,0.10618916153907776,gelu,1,18
stages.3.bn1,0.25878769159317017,0.11782195419073105,gelu,1,18
stages.3.bn2,0.203882098197937,0.13224242627620697,gelu,1,18
stages.4.bn1,0.26941946148872375,0.08824953436851501,gelu,1,18
stages.4.bn2,0.33489692211151123,0.12396474927663803,gelu,1,18
stages.4.shortcut.1,0.16473686695098877,0.12396474927663803,gelu,1,18
stages.5.bn1,0.2016909122467041,0.07251475751399994,gelu,1,18
stages.5.bn2,0.16720402240753174,0.10806697607040405,gelu,1,18
stages.6.bn1,0.15807011723518372,0.019794434309005737,gelu,1,18
stages.6.bn2,0.24434928596019745,0.02088872529566288,gelu,1,18
stages.6.shortcut.1,0.2053918093442917,0.02088872529566288,gelu,1,18
stages.7.bn1,0.1354064643383026,0.02559642121195793,gelu,1,18
stages.7.bn2,0.24496684968471527,0.01734788343310356,gelu,1,18
stem_bn,0.3164929747581482,0.12177151441574097,gelu,1,24
stages.0.bn1,0.3016855716705322,0.14992162585258484,gelu,1,24
stages.0.bn2,0.46229469776153564,0.1079561859369278,gelu,1,24
stages.1.bn1,0.25035181641578674,0.10513229668140411,gelu,1,24
stages.1.bn2,0.2739260494709015,0.07831539958715439,gelu,1,24
stages.2.bn1,0.2629868984222412,0.0847376361489296,gelu,1,24
stages.2.bn2,0.3488534688949585,0.10595270991325378,gelu,1,24
stages.2.shortcut.1,0.24133777618408203,0.10595270991325378,gelu,1,24
stages.3.bn1,0.2505515217781067,0.11619901657104492,gelu,1,24
stages.3.bn2,0.20194220542907715,0.12893392145633698,gelu,1,24
stages.4.bn1,0.26145175099372864,0.08638937771320343,gelu,1,24
stages.4.bn2,0.32589831948280334,0.12526437640190125,gelu,1,24
stages.4.shortcut.1,0.1527501493692398,0.12526437640190125,gelu,1,24
stages.5.bn1,0.19534800946712494,0.07216457277536392,gelu,1,24
stages.5.bn2,0.16868117451667786,0.1067708358168602,gelu,1,24
stages.6.bn1,0.15142637491226196,0.01938621699810028,gelu,1,24
stages.6.bn2,0.24385792016983032,0.02042015828192234,gelu,1,24
stages.6.shortcut.1,0.20068499445915222,0.02042015828192234,gelu,1,24
stages.7.bn1,0.12851062417030334,0.024786103516817093,gelu,1,24
stages.7.bn2,0.2526341676712036,0.01916850358247757,gelu,1,24
stem_bn,0.8913202881813049,0.08122768998146057,gelu,2,0
stages.0.bn1,0.8123190402984619,0.043435949832201004,gelu,2,0
stages.0.bn2,0.7853022217750549,0.0407431498169899,gelu,2,0
stages.1.bn1,0.8258041739463806,0.02788984775543213,gelu,2,0
stages.1.bn2,0.7987284064292908,0.018002554774284363,gelu,2,0
stages.2.bn1,0.8254027962684631,0.010553919710218906,gelu,2,0
stages.2.bn2,0.8313475847244263,0.01575104147195816,gelu,2,0
stages.2.shortcut.1,0.8360320925712585,0.01575104147195816,gelu,2,0
stages.3.bn1,0.8250732421875,0.010207751765847206,gelu,2,0
stages.3.bn2,0.8111121654510498,0.010093705728650093,gelu,2,0
stages.4.bn1,0.8251882791519165,0.007387018762528896,gelu,2,0
stages.4.bn2,0.825610876083374,0.012588819488883018,gelu,2,0
stages.4.shortcut.1,0.8313367366790771,0.012588819488883018,gelu,2,0
stages.5.bn1,0.8243935704231262,0.007646010257303715,gelu,2,0
stages.5.bn2,0.82039475440979,0.008689189329743385,gelu,2,0
stages.6.bn1,0.8249485492706299,0.004387184977531433,gelu,2,0
stages.6.bn2,0.8061512112617493,0.04034825786948204,gelu,2,0
stages.6.shortcut.1,0.8092297315597534,0.04034825786948204,gelu,2,0
stages.7.bn1,0.8262011408805847,0.0069877151399850845,gelu,2,0
stages.7.bn2,0.790707528591156,0.07094798982143402,gelu,2,0
stem_bn,0.5333361029624939,0.12737753987312317,gelu,2,6
stages.0.bn1,0.3451484739780426,0.08999776095151901,gelu,2,6
stages.0.bn2,0.3430894911289215,0.07372868061065674,gelu,2,6
stages.1.bn1,0.3611046075820923,0.08492615073919296,gelu,2,6
stages.1.bn2,0.28584402799606323,0.07642646133899689,gelu,2,6
stages.2.bn1,0.38259363174438477,0.07887452840805054,gelu,2,6
stages.2.bn2,0.39531397819519043,0.06930725276470184,gelu,2,6
stages.2.shortcut.1,0.37136054039001465,0.06930725276470184,gelu,2,6
stages.3.bn1,0.35405975580215454,0.10329371690750122,gelu,2,6
stages.3.bn2,0.2856365442276001,0.0884392261505127,gelu,2,6
stages.4.bn1,0.3552912473678589,0.06469506770372391,gelu,2,6
stages.4.bn2,0.38589149713516235,0.07552778720855713,gelu,2,6
stages.4.shortcut.1,0.29318588972091675,0.07552778720855713,gelu,2,6
stages.5.bn1,0.3351638615131378,0.05423333868384361,gelu,2,6
stages.5.bn2,0.2684937119483948,0.06493253260850906,gelu,2,6
stages.6.bn1,0.3007830083370209,0.018978025764226913,gelu,2,6
stages.6.bn2,0.30712464451789856,0.053233519196510315,gelu,2,6
stages.6.shortcut.1,0.3096255660057068,0.053233519196510315,gelu,2,6
stages.7.bn1,0.3010304570198059,0.026538705453276634,gelu,2,6
stages.7.bn2,0.28799134492874146,0.07584238052368164,gelu,2,6
stem_bn,0.35097426176071167,0.13991716504096985,gelu,2,12
stages.0.bn1,0.24284836649894714,0.09883569926023483,gelu,2,12
stages.0.bn2,0.2916658818721771,0.07189035415649414,gelu,2,12
stages.1.bn1,0.2581063508987427,0.10291983187198639,gelu,2,12
stages.1.bn2,0.2558349370956421,0.09944146871566772,gelu,2,12
stages.2.bn1,0.3065900206565857,0.09101000428199768,gelu,2,12
stages.2.bn2,0.3713279068470001,0.0943312793970108,gelu,2,12
stages.2.shortcut.1,0.276218980550766,0.0943312793970108,gelu,2,12
stages.3.bn1,0.28335803747177124,0.14709749817848206,gelu,2,12
stages.3.bn2,0.2501029670238495,0.13550585508346558,gelu,2,12
stages.4.bn1,0.29819759726524353,0.08487977087497711,gelu,2,12
stages.4.bn2,0.36184319853782654,0.11940321326255798,gelu,2,12
stages.4.shortcut.1,0.20450398325920105,0.11940321326255798,gelu,2,12
stages.5.bn1,0.2544862627983093,0.08368727564811707,gelu,2,12
stages.5.bn2,0.20599745213985443,0.11590690165758133,gelu,2,12
stages.6.bn1,0.19360017776489258,0.020460505038499832,gelu,2,12
stages.6.bn2,0.26119452714920044,0.03163386508822441,gelu,2,12
stages.6.shortcut.1,0.224774569272995,0.03163386508822441,gelu,2,12
stages.7.bn1,0.1787281036376953,0.02878553792834282,gelu,2,12
stages.7.bn2,0.2467493712902069,0.025205466896295547,gelu,2,12
stem_bn,0.29805850982666016,0.13030914962291718,gelu,2,18
stages.0.bn1,0.21907399594783783,0.08935175836086273,gelu,2,18
stages.0.bn2,0.27605655789375305,0.06388258934020996,gelu,2,18
stages.1.bn1,0.23164308071136475,0.10080289095640182,gelu,2,18
stages.1.bn2,0.2355375438928604,0.09121208637952805,gelu,2,18
stages.2.bn1,0.275367796421051,0.08774988353252411,gelu,2,18
stages.2.bn2,0.35167884826660156,0.09681783616542816,gelu,2,18
stages.2.shortcut.1,0.24065351486206055,0.09681783616542816,gelu,2,18
stages.3.bn1,0.25954562425613403,0.15541784465312958,gelu,2,18
stages.3.bn2,0.24055586755275726,0.1406092643737793,gelu,2,18
stages.4.bn1,0.2766408324241638,0.09089165925979614,gelu,2,18
stages.4.bn2,0.34839653968811035,0.13752055168151855,gelu,2,18
stages.4.shortcut.1,0.1736532747745514,0.13752055168151855,gelu,2,18
stages.5.bn1,0.2298339307308197,0.09332170337438583,gelu,2,18
stages.5.bn2,0.19664207100868225,0.12718576192855835,gelu,2,18
stages.6.bn1,0.1627771556377411,0.020069412887096405,gelu,2,18
stages.6.bn2,0.25106266140937805,0.02436744049191475,gelu,2,18
stages.6.shortcut.1,0.20269593596458435,0.02436744049191475,gelu,2,18
stages.7.bn1,0.14264053106307983,0.026533644646406174,gelu,2,18
stages.7.bn2,0.2536057233810425,0.016468273475766182,gelu,2,18
stem_bn,0.28569626808166504,0.12525297701358795,gelu,2,24
stages.0.bn1,0.21134814620018005,0.08608050644397736,gelu,2,24
stages.0.bn2,0.27176153659820557,0.06021493300795555,gelu,2,24
stages.1.bn1,0.22391314804553986,0.09823562204837799,gelu,2,24
stages.1.bn2,0.2298717498779297,0.08699393272399902,gelu,2,24
stages.2.bn1,0.2653311491012573,0.08530410379171371,gelu,2,24
stages.2.bn2,0.3388729989528656,0.09627242386341095,gelu,2,24
stages.2.shortcut.1,0.22795967757701874,0.09627242386341095,gelu,2,24
stages.3.bn1,0.2524842619895935,0.15346579253673553,gelu,2,24
stages.3.bn2,0.23820370435714722,0.13603734970092773,gelu,2,24
stages.4.bn1,0.26821619272232056,0.08933836221694946,gelu,2,24
stages.4.bn2,0.33773523569107056,0.1388205587863922,gelu,2,24
stages.4.shortcut.1,0.16091787815093994,0.1388205587863922,gelu,2,24
stages.5.bn1,0.22310450673103333,0.09337038546800613,gelu,2,24
stages.5.bn2,0.19819936156272888,0.1254391372203827,gelu,2,24
stages.6.bn1,0.15598836541175842,0.019650813192129135,gelu,2,24
stages.6.bn2,0.25030502676963806,0.02299094758927822,gelu,2,24
stages.6.shortcut.1,0.19793546199798584,0.02299094758927822,gelu,2,24
stages.7.bn1,0.1353854238986969,0.02572694979608059,gelu,2,24
stages.7.bn2,0.2618669867515564,0.018140802159905434,gelu,2,24
stem_bn,0.8916105031967163,0.05161599814891815,silu,0,0
stages.0.bn1,0.8341730833053589,0.032622288912534714,silu,0,0
stages.0.bn2,0.8176610469818115,0.03882405161857605,silu,0,0
stages.1.bn1,0.8230303525924683,0.019004765897989273,silu,0,0
stages.1.bn2,0.7903861999511719,0.018559973686933517,silu,0,0
stages.2.bn1,0.8240084648132324,0.008958574384450912,silu,0,0
stages.2.bn2,0.8316040635108948,0.016646459698677063,silu,0,0
stages.2.shortcut.1,0.8399612903594971,0.016646459698677063,silu,0,0
stages.3.bn1,0.8224301338195801,0.007123853079974651,silu,0,0
stages.3.bn2,0.811558723449707,0.009204385802149773,silu,0,0
stages.4.bn1,0.8241992592811584,0.0055528804659843445,silu,0,0
stages.4.bn2,0.8216233849525452,0.011859111487865448,silu,0,0
stages.4.shortcut.1,0.8378013372421265,0.011859111487865448,silu,0,0
stages.5.bn1,0.8245008587837219,0.004804541356861591,silu,0,0
stages.5.bn2,0.8200145959854126,0.006914055906236172,silu,0,0
stages.6.bn1,0.8248604536056519,0.00220142281614244,silu,0,0
stages.6.bn2,0.8124874234199524,0.026099830865859985,silu,0,0
stages.6.shortcut.1,0.8146541118621826,0.026099830865859985,silu,0,0
stages.7.bn1,0.8264814615249634,0.003372246865183115,silu,0,0
stages.7.bn2,0.8002302646636963,0.05327404662966728,silu,0,0
stem_bn,0.43225932121276855,0.14073388278484344,silu,0,6
stages.0.bn1,0.4042860269546509,0.14479735493659973,silu,0,6
stages.0.bn2,0.5657317042350769,0.08383745700120926,silu,0,6
stages.1.bn1,0.410858690738678,0.07866824418306351,silu,0,6
stages.1.bn2,0.3618900775909424,0.09047864377498627,silu,0,6
stages.2.bn1,0.3952711820602417,0.054460249841213226,silu,0,6
stages.2.bn2,0.4726760983467102,0.06607657670974731,silu,0,6
stages.2.shortcut.1,0.3796936273574829,0.06607657670974731,silu,0,6
stages.3.bn1,0.33937889337539673,0.039088696241378784,silu,0,6
stages.3.bn2,0.2566550374031067,0.0776061937212944,silu,0,6
stages.4.bn1,0.33786410093307495,0.0283457413315773,silu,0,6
stages.4.bn2,0.38968199491500854,0.05087583512067795,silu,0,6
stages.4.shortcut.1,0.3377659022808075,0.05087583512067795,silu,0,6
stages.5.bn1,0.331013560295105,0.028331976383924484,silu,0,6
stages.5.bn2,0.2889515459537506,0.05678828805685043,silu,0,6
stages.6.bn1,0.3023410439491272,0.009581491351127625,silu,0,6
stages.6.bn2,0.325592577457428,0.03561520203948021,silu,0,6
stages.6.shortcut.1,0.3281114101409912,0.03561520203948021,silu,0,6
stages.7.bn1,0.3009338676929474,0.014519181102514267,silu,0,6
stages.7.bn2,0.297679603099823,0.060223937034606934,silu,0,6
stem_bn,0.3216703534126282,0.1144549548625946,silu,0,12
stages.0.bn1,0.32053592801094055,0.13695593178272247,silu,0,12
stages.0.bn2,0.49845942854881287,0.0692950040102005,silu,0,12
stages.1.bn1,0.33509066700935364,0.10857189446687698,silu,0,12
stages.1.bn2,0.3635155260562897,0.14218750596046448,silu,0,12
stages.2.bn1,0.31771188974380493,0.06916993111371994,silu,0,12
stages.2.bn2,0.4510411024093628,0.09240585565567017,silu,0,12
stages.2.shortcut.1,0.2899503707885742,0.09240585565567017,silu,0,12
stages.3.bn1,0.22478394210338593,0.043560318648815155,silu,0,12
stages.3.bn2,0.19953568279743195,0.1155361458659172,silu,0,12
stages.4.bn1,0.2627767324447632,0.04099341481924057,silu,0,12
stages.4.bn2,0.3623355031013489,0.09048880636692047,silu,0,12
stages.4.shortcut.1,0.2390338033437729,0.09048880636692047,silu,0,12
stages.5.bn1,0.22019362449645996,0.03641027957201004,silu,0,12
stages.5.bn2,0.21395385265350342,0.1014946699142456,silu,0,12
stages.6.bn1,0.18671657145023346,0.01382542122155428,silu,0,12
stages.6.bn2,0.27305614948272705,0.020607367157936096,silu,0,12
stages.6.shortcut.1,0.23830607533454895,0.020607367157936096,silu,0,12
stages.7.bn1,0.1689693033695221,0.015536103397607803,silu,0,12
stages.7.bn2,0.24721452593803406,0.022651277482509613,silu,0,12
stem_bn,0.28582486510276794,0.10210245847702026,silu,0,18
stages.0.bn1,0.29198628664016724,0.12374109029769897,silu,0,18
stages.0.bn2,0.4603370726108551,0.05994277447462082,silu,0,18
stages.1.bn1,0.30603551864624023,0.11150277405977249,silu,0,18
stages.1.bn2,0.34780818223953247,0.14322994649410248,silu,0,18
stages.2.bn1,0.29123497009277344,0.06880161166191101,silu,0,18
stages.2.bn2,0.432147741317749,0.10013899207115173,silu,0,18
stages.2.shortcut.1,0.2509911060333252,0.10013899207115173,silu,0,18
stages.3.bn1,0.19299104809761047,0.04531396925449371,silu,0,18
stages.3.bn2,0.18991973996162415,0.12031637132167816,silu,0,18
stages.4.bn1,0.24205231666564941,0.04685962200164795,silu,0,18
stages.4.bn2,0.35031914710998535,0.10110026597976685,silu,0,18
stages.4.shortcut.1,0.20563217997550964,0.10110026597976685,silu,0,18
stages.5.bn1,0.18880441784858704,0.040177538990974426,silu,0,18
stages.5.bn2,0.19616565108299255,0.10915911197662354,silu,0,18
stages.6.bn1,0.15502896904945374,0.01431741937994957,silu,0,18
stages.6.bn2,0.25986921787261963,0.017082784324884415,silu,0,18
stages.6.shortcut.1,0.21324197947978973,0.017082784324884415,silu,0,18
stages.7.bn1,0.13181132078170776,0.013696961104869843,silu,0,18
stages.7.bn2,0.25307148694992065,0.016769174486398697,silu,0,18
stem_bn,0.27531832456588745,0.09823140501976013,silu,0,24
stages.0.bn1,0.28464508056640625,0.12013953179121017,silu,0,24
stages.0.bn2,0.44672760367393494,0.05622829496860504,silu,0,24
stages.1.bn1,0.2979098856449127,0.11028765141963959,silu,0,24
stages.1.bn2,0.3424103856086731,0.13704052567481995,silu,0,24
stages.2.bn1,0.28219324350357056,0.06701529026031494,silu,0,24
stages.2.bn2,0.4212101399898529,0.09961945563554764,silu,0,24
stages.2.shortcut.1,0.23773157596588135,0.09961945563554764,silu,0,24
stages.3.bn1,0.1855848878622055,0.044998109340667725,silu,0,24
stages.3.bn2,0.18872565031051636,0.11756224930286407,silu,0,24
stages.4.bn1,0.2353404462337494,0.04694439098238945,silu,0,24
stages.4.bn2,0.3435262441635132,0.10124146938323975,silu,0,24
stages.4.shortcut.1,0.19528770446777344,0.10124146938323975,silu,0,24
stages.5.bn1,0.18257425725460052,0.04010465741157532,silu,0,24
stages.5.bn2,0.19379492104053497,0.10743077844381332,silu,0,24
stages.6.bn1,0.14818909764289856,0.013913823291659355,silu,0,24
stages.6.bn2,0.25775039196014404,0.016750261187553406,silu,0,24
stages.6.shortcut.1,0.2080182135105133,0.016750261187553406,silu,0,24
stages.7.bn1,0.12480867654085159,0.013056849129498005,silu,0,24
stages.7.bn2,0.2600875496864319,0.017028722912073135,silu,0,24
stem_bn,0.9539930820465088,0.042578909546136856,silu,1,0
stages.0.bn1,0.8440093994140625,0.03213997557759285,silu,1,0
stages.0.bn2,0.7946809530258179,0.024914996698498726,silu,1,0
stages.1.bn1,0.8285553455352783,0.01503510307520628,silu,1,0
stages.1.bn2,0.8130357265472412,0.014776580035686493,silu,1,0
stages.2.bn1,0.8264802694320679,0.008463531732559204,silu,1,0
stages.2.bn2,0.8275240063667297,0.01398138701915741,silu,1,0
stages.2.shortcut.1,0.8429816961288452,0.01398138701915741,silu,1,0
stages.3.bn1,0.8232630491256714,0.005960749462246895,silu,1,0
stages.3.bn2,0.8137654066085815,0.007847708649933338,silu,1,0
stages.4.bn1,0.8250374794006348,0.005109691061079502,silu,1,0
stages.4.bn2,0.823702871799469,0.009642887860536575,silu,1,0
stages.4.shortcut.1,0.8365744948387146,0.009642887860536575,silu,1,0
stages.5.bn1,0.8246204257011414,0.0036365604028105736,silu,1,0
stages.5.bn2,0.8191760182380676,0.0055741192772984505,silu,1,0
stages.6.bn1,0.8251214623451233,0.0017285087378695607,silu,1,0
stages.6.bn2,0.8131486177444458,0.031083960086107254,silu,1,0
stages.6.shortcut.1,0.8149185180664062,0.031083960086107254,silu,1,0
stages.7.bn1,0.8266474008560181,0.003030305728316307,silu,1,0
stages.7.bn2,0.7975025773048401,0.0579596608877182,silu,1,0
stem_bn,0.494124174118042,0.12770463526248932,silu,1,6
stages.0.bn1,0.4617074728012085,0.18501797318458557,silu,1,6
stages.0.bn2,0.5612725019454956,0.10128529369831085,silu,1,6
stages.1.bn1,0.397714227437973,0.0767240971326828,silu,1,6
stages.1.bn2,0.3571424186229706,0.05750976502895355,silu,1,6
stages.2.bn1,0.3817427158355713,0.040167421102523804,silu,1,6
stages.2.bn2,0.46384114027023315,0.06705659627914429,silu,1,6
stages.2.shortcut.1,0.3841850757598877,0.06705659627914429,silu,1,6
stages.3.bn1,0.3297143578529358,0.02860931307077408,silu,1,6
stages.3.bn2,0.2732502818107605,0.09390243887901306,silu,1,6
stages.4.bn1,0.34972965717315674,0.03193031996488571,silu,1,6
stages.4.bn2,0.4107556641101837,0.06033563241362572,silu,1,6
stages.4.shortcut.1,0.32562679052352905,0.06033563241362572,silu,1,6
stages.5.bn1,0.32284966111183167,0.02028277888894081,silu,1,6
stages.5.bn2,0.27899008989334106,0.060063865035772324,silu,1,6
stages.6.bn1,0.30217617750167847,0.008799226023256779,silu,1,6
stages.6.bn2,0.3308202624320984,0.03464612364768982,silu,1,6
stages.6.shortcut.1,0.33182185888290405,0.03464612364768982,silu,1,6
stages.7.bn1,0.29691362380981445,0.010899081826210022,silu,1,6
stages.7.bn2,0.2851859927177429,0.06149681285023689,silu,1,6
stem_bn,0.3902219533920288,0.10957252234220505,silu,1,12
stages.0.bn1,0.3896636664867401,0.18315133452415466,silu,1,12
stages.0.bn2,0.5390135049819946,0.10663506388664246,silu,1,12
stages.1.bn1,0.3064988851547241,0.0883864164352417,silu,1,12
stages.1.bn2,0.3147228956222534,0.07608912885189056,silu,1,12
stages.2.bn1,0.3037579655647278,0.05862148106098175,silu,1,12
stages.2.bn2,0.44895118474960327,0.10087554156780243,silu,1,12
stages.2.shortcut.1,0.30394721031188965,0.10087554156780243,silu,1,12
stages.3.bn1,0.2245677411556244,0.0435299351811409,silu,1,12
stages.3.bn2,0.21785742044448853,0.1342056691646576,silu,1,12
stages.4.bn1,0.27457594871520996,0.04378940165042877,silu,1,12
stages.4.bn2,0.3850211203098297,0.09918159246444702,silu,1,12
stages.4.shortcut.1,0.23390765488147736,0.09918159246444702,silu,1,12
stages.5.bn1,0.20864032208919525,0.028824446722865105,silu,1,12
stages.5.bn2,0.2047138661146164,0.10610362887382507,silu,1,12
stages.6.bn1,0.185968816280365,0.012130961753427982,silu,1,12
stages.6.bn2,0.2749764025211334,0.01998872682452202,silu,1,12
stages.6.shortcut.1,0.2420746237039566,0.01998872682452202,silu,1,12
stages.7.bn1,0.16272664070129395,0.011583962477743626,silu,1,12
stages.7.bn2,0.23303446173667908,0.025059036910533905,silu,1,12
stem_bn,0.34555840492248535,0.09731604903936386,silu,1,18
stages.0.bn1,0.3563147783279419,0.17240916192531586,silu,1,18
stages.0.bn2,0.510244607925415,0.09277809411287308,silu,1,18
stages.1.bn1,0.2731555700302124,0.08912745118141174,silu,1,18
stages.1.bn2,0.2969173789024353,0.07617293298244476,silu,1,18
stages.2.bn1,0.2752555012702942,0.06453616172075272,silu,1,18
stages.2.bn2,0.4270733594894409,0.10824103653430939,silu,1,18
stages.2.shortcut.1,0.26814115047454834,0.10824103653430939,silu,1,18
stages.3.bn1,0.19821447134017944,0.0472952239215374,silu,1,18
stages.3.bn2,0.2094796597957611,0.13737520575523376,silu,1,18
stages.4.bn1,0.25115150213241577,0.04861600697040558,silu,1,18
stages.4.bn2,0.37361663579940796,0.11112195998430252,silu,1,18
stages.4.shortcut.1,0.20237880945205688,0.11112195998430252,silu,1,18
stages.5.bn1,0.1770963966846466,0.032319746911525726,silu,1,18
stages.5.bn2,0.18976512551307678,0.11494465172290802,silu,1,18
stages.6.bn1,0.15422722697257996,0.013330169022083282,silu,1,18
stages.6.bn2,0.259774386882782,0.017329061403870583,silu,1,18
stages.6.shortcut.1,0.21528485417366028,0.017329061403870583,silu,1,18
stages.7.bn1,0.1255817711353302,0.010117026045918465,silu,1,18
stages.7.bn2,0.23777389526367188,0.017781276255846024,silu,1,18
stem_bn,0.3339403569698334,0.09335087239742279,silu,1,24
stages.0.bn1,0.3484536111354828,0.16826742887496948,silu,1,24
stages.0.bn2,0.4958311915397644,0.08755889534950256,silu,1,24
stages.1.bn1,0.2650827169418335,0.08829276263713837,silu,1,24
stages.1.bn2,0.2948354482650757,0.07361079752445221,silu,1,24
stages.2.bn1,0.2678925395011902,0.06479246914386749,silu,1,24
stages.2.bn2,0.41603878140449524,0.10602588951587677,silu,1,24
stages.2.shortcut.1,0.25497856736183167,0.10602588951587677,silu,1,24
stages.3.bn1,0.19270941615104675,0.04726364463567734,silu,1,24
stages.3.bn2,0.20702865719795227,0.13316108286380768,silu,1,24
stages.4.bn1,0.2430463433265686,0.04830854758620262,silu,1,24
stages.4.bn2,0.3658100664615631,0.11064423620700836,silu,1,24
stages.4.shortcut.1,0.19160544872283936,0.11064423620700836,silu,1,24
stages.5.bn1,0.17071731388568878,0.032029327005147934,silu,1,24
stages.5.bn2,0.18792884051799774,0.11279864609241486,silu,1,24
stages.6.bn1,0.1475725919008255,0.013061350211501122,silu,1,24
stages.6.bn2,0.25785747170448303,0.017247192561626434,silu,1,24
stages.6.shortcut.1,0.20998628437519073,0.017247192561626434,silu,1,24
stages.7.bn1,0.11883607506752014,0.009557606652379036,silu,1,24
stages.7.bn2,0.24549457430839539,0.017605790868401527,silu,1,24
stem_bn,0.884894847869873,0.043421775102615356,silu,2,0
stages.0.bn1,0.8302849531173706,0.024133898317813873,silu,2,0
stages.0.bn2,0.838003933429718,0.02765703946352005,silu,2,0
stages.1.bn1,0.8233760595321655,0.011204645968973637,silu,2,0
stages.1.bn2,0.7969539165496826,0.018117429688572884,silu,2,0
stages.2.bn1,0.8246412873268127,0.007471003569662571,silu,2,0
stages.2.bn2,0.8217098712921143,0.02031698077917099,silu,2,0
stages.2.shortcut.1,0.8484058976173401,0.02031698077917099,silu,2,0
stages.3.bn1,0.8269274234771729,0.00599524425342679,silu,2,0
stages.3.bn2,0.8178895711898804,0.009826676920056343,silu,2,0
stages.4.bn1,0.8249659538269043,0.004764287266880274,silu,2,0
stages.4.bn2,0.824001133441925,0.011737890541553497,silu,2,0
stages.4.shortcut.1,0.8362133502960205,0.011737890541553497,silu,2,0
stages.5.bn1,0.8248240351676941,0.004098485689610243,silu,2,0
stages.5.bn2,0.8198162317276001,0.0058664726093411446,silu,2,0
stages.6.bn1,0.8248656988143921,0.0015564884524792433,silu,2,0
stages.6.bn2,0.8108932971954346,0.030681144446134567,silu,2,0
stages.6.shortcut.1,0.8148984909057617,0.030681144446134567,silu,2,0
stages.7.bn1,0.8260800242424011,0.002956198528409004,silu,2,0
stages.7.bn2,0.791682779788971,0.057051464915275574,silu,2,0
stem_bn,0.4444347321987152,0.09900158643722534,silu,2,6
stages.0.bn1,0.4352802634239197,0.13833509385585785,silu,2,6
stages.0.bn2,0.6335406303405762,0.09339043498039246,silu,2,6
stages.1.bn1,0.33429405093193054,0.02393169514834881,silu,2,6
stages.1.bn2,0.242235466837883,0.05178971588611603,silu,2,6
stages.2.bn1,0.37407124042510986,0.04017982631921768,silu,2,6
stages.2.bn2,0.445429265499115,0.041895441710948944,silu,2,6
stages.2.shortcut.1,0.3931199908256531,0.041895441710948944,silu,2,6
stages.3.bn1,0.340116947889328,0.0421893447637558,silu,2,6
stages.3.bn2,0.2957911789417267,0.080705925822258,silu,2,6
stages.4.bn1,0.3572448492050171,0.032061025500297546,silu,2,6
stages.4.bn2,0.4194680452346802,0.06685341894626617,silu,2,6
stages.4.shortcut.1,0.3297325074672699,0.06685341894626617,silu,2,6
stages.5.bn1,0.34096014499664307,0.03034381754696369,silu,2,6
stages.5.bn2,0.29584312438964844,0.06660214066505432,silu,2,6
stages.6.bn1,0.3058550953865051,0.012355146929621696,silu,2,6
stages.6.bn2,0.3356896936893463,0.03968455269932747,silu,2,6
stages.6.shortcut.1,0.33132821321487427,0.03968455269932747,silu,2,6
stages.7.bn1,0.29795947670936584,0.012199207209050655,silu,2,6
stages.7.bn2,0.2887026071548462,0.06498336791992188,silu,2,6
stem_bn,0.3749310374259949,0.08766486495733261,silu,2,12
stages.0.bn1,0.3691391944885254,0.149069681763649,silu,2,12
stages.0.bn2,0.6098027229309082,0.09872081875801086,silu,2,12
stages.1.bn1,0.22080166637897491,0.028509991243481636,silu,2,12
stages.1.bn2,0.18655352294445038,0.06538659334182739,silu,2,12
stages.2.bn1,0.3032861649990082,0.06659576296806335,silu,2,12
stages.2.bn2,0.4350537061691284,0.07134982198476791,silu,2,12
stages.2.shortcut.1,0.307938814163208,0.07134982198476791,silu,2,12
stages.3.bn1,0.23514890670776367,0.059816524386405945,silu,2,12
stages.3.bn2,0.25134387612342834,0.13316449522972107,silu,2,12
stages.4.bn1,0.28495240211486816,0.045943066477775574,silu,2,12
stages.4.bn2,0.3909440040588379,0.10346630215644836,silu,2,12
stages.4.shortcut.1,0.24256892502307892,0.10346630215644836,silu,2,12
stages.5.bn1,0.23127517104148865,0.04094249755144119,silu,2,12
stages.5.bn2,0.2181243598461151,0.10947542637586594,silu,2,12
stages.6.bn1,0.19055619835853577,0.01421632245182991,silu,2,12
stages.6.bn2,0.27869024872779846,0.024364035576581955,silu,2,12
stages.6.shortcut.1,0.2410980761051178,0.024364035576581955,silu,2,12
stages.7.bn1,0.16717030107975006,0.013695156201720238,silu,2,12
stages.7.bn2,0.23928986489772797,0.02563589997589588,silu,2,12
stem_bn,0.35027778148651123,0.07816506922245026,silu,2,18
stages.0.bn1,0.34143075346946716,0.14851726591587067,silu,2,18
stages.0.bn2,0.5785505771636963,0.08520103991031647,silu,2,18
stages.1.bn1,0.19028784334659576,0.02802463248372078,silu,2,18
stages.1.bn2,0.17598384618759155,0.06540946662425995,silu,2,18
stages.2.bn1,0.2787982225418091,0.07360423356294632,silu,2,18
stages.2.bn2,0.41646331548690796,0.08016979694366455,silu,2,18
stages.2.shortcut.1,0.27320078015327454,0.08016979694366455,silu,2,18
stages.3.bn1,0.20499283075332642,0.06614600121974945,silu,2,18
stages.3.bn2,0.24008777737617493,0.1397722065448761,silu,2,18
stages.4.bn1,0.2596713900566101,0.04981386661529541,silu,2,18
stages.4.bn2,0.3759462237358093,0.11331282556056976,silu,2,18
stages.4.shortcut.1,0.21106232702732086,0.11331282556056976,silu,2,18
stages.5.bn1,0.19853374361991882,0.04395564645528793,silu,2,18
stages.5.bn2,0.20312756299972534,0.11642526090145111,silu,2,18
stages.6.bn1,0.15777266025543213,0.014116666279733181,silu,2,18
stages.6.bn2,0.26161760091781616,0.02112598344683647,silu,2,18
stages.6.shortcut.1,0.21466636657714844,0.02112598344683647,silu,2,18
stages.7.bn1,0.13070544600486755,0.011938080191612244,silu,2,18
stages.7.bn2,0.24597316980361938,0.016467535868287086,silu,2,18
stem_bn,0.3398398756980896,0.07543417066335678,silu,2,24
stages.0.bn1,0.3332175016403198,0.14520756900310516,silu,2,24
stages.0.bn2,0.5620740056037903,0.08015383034944534,silu,2,24
stages.1.bn1,0.18311652541160583,0.027609456330537796,silu,2,24
stages.1.bn2,0.17636312544345856,0.06307926028966904,silu,2,24
stages.2.bn1,0.2710857391357422,0.07294367253780365,silu,2,24
stages.2.bn2,0.40597474575042725,0.08077254891395569,silu,2,24
stages.2.shortcut.1,0.26002365350723267,0.08077254891395569,silu,2,24
stages.3.bn1,0.1983613520860672,0.06627847999334335,silu,2,24
stages.3.bn2,0.2374134212732315,0.13691909611225128,silu,2,24
stages.4.bn1,0.25083380937576294,0.0490821897983551,silu,2,24
stages.4.bn2,0.36748775839805603,0.11291350424289703,silu,2,24
stages.4.shortcut.1,0.19894316792488098,0.11291350424289703,silu,2,24
stages.5.bn1,0.1917503923177719,0.04383750259876251,silu,2,24
stages.5.bn2,0.20147477090358734,0.11453207582235336,silu,2,24
stages.6.bn1,0.15093185007572174,0.013657459057867527,silu,2,24
stages.6.bn2,0.25942128896713257,0.02032249979674816,silu,2,24
stages.6.shortcut.1,0.20942829549312592,0.02032249979674816,silu,2,24
stages.7.bn1,0.12382352352142334,0.011195430532097816,silu,2,24
stages.7.bn2,0.2543525695800781,0.016293125227093697,silu,2,24
stem_bn,0.8864542245864868,0.04926225543022156,mish,0,0
stages.0.bn1,0.8421875834465027,0.03518307954072952,mish,0,0
stages.0.bn2,0.8304315209388733,0.027272436767816544,mish,0,0
stages.1.bn1,0.8314575552940369,0.015151005238294601,mish,0,0
stages.1.bn2,0.8047043681144714,0.01738608255982399,mish,0,0
stages.2.bn1,0.8297508955001831,0.011241565458476543,mish,0,0
stages.2.bn2,0.8248440027236938,0.013920488767325878,mish,0,0
stages.2.shortcut.1,0.8372860550880432,0.013920488767325878,mish,0,0
stages.3.bn1,0.8269875049591064,0.008302181959152222,mish,0,0
stages.3.bn2,0.8189966678619385,0.008361971005797386,mish,0,0
stages.4.bn1,0.825994074344635,0.0055794483050704,mish,0,0
stages.4.bn2,0.8264211416244507,0.009288953617215157,mish,0,0
stages.4.shortcut.1,0.8314043283462524,0.009288953617215157,mish,0,0
stages.5.bn1,0.8255208134651184,0.005438016727566719,mish,0,0
stages.5.bn2,0.8198838233947754,0.00485581997781992,mish,0,0
stages.6.bn1,0.8254220485687256,0.002452689688652754,mish,0,0
stages.6.bn2,0.8093857765197754,0.048000551760196686,mish,0,0
stages.6.shortcut.1,0.8088583946228027,0.048000551760196686,mish,0,0
stages.7.bn1,0.8271057605743408,0.004767702892422676,mish,0,0
stages.7.bn2,0.7923160195350647,0.07600167393684387,mish,0,0
stem_bn,0.43795669078826904,0.1317274123430252,mish,0,6
stages.0.bn1,0.47703057527542114,0.1691492199897766,mish,0,6
stages.0.bn2,0.6084508895874023,0.13771703839302063,mish,0,6
stages.1.bn1,0.40779122710227966,0.07822771370410919,mish,0,6
stages.1.bn2,0.30389800667762756,0.10348459333181381,mish,0,6
stages.2.bn1,0.4004844129085541,0.06382441520690918,mish,0,6
stages.2.bn2,0.4490398168563843,0.11115780472755432,mish,0,6
stages.2.shortcut.1,0.3671078681945801,0.11115780472755432,mish,0,6
stages.3.bn1,0.3414037227630615,0.0637357160449028,mish,0,6
stages.3.bn2,0.27415731549263,0.0998159721493721,mish,0,6
stages.4.bn1,0.3358696699142456,0.03484838455915451,mish,0,6
stages.4.bn2,0.3876129388809204,0.06979494541883469,mish,0,6
stages.4.shortcut.1,0.3206278681755066,0.06979494541883469,mish,0,6
stages.5.bn1,0.3122866153717041,0.02560417167842388,mish,0,6
stages.5.bn2,0.24659474194049835,0.06459857523441315,mish,0,6
stages.6.bn1,0.30178511142730713,0.016697261482477188,mish,0,6
stages.6.bn2,0.32972967624664307,0.05867375433444977,mish,0,6
stages.6.shortcut.1,0.31991565227508545,0.05867375433444977,mish,0,6
stages.7.bn1,0.29302066564559937,0.015299098566174507,mish,0,6
stages.7.bn2,0.26999539136886597,0.0772116482257843,mish,0,6
stem_bn,0.3772878646850586,0.1236206665635109,mish,0,12
stages.0.bn1,0.40794897079467773,0.16842228174209595,mish,0,12
stages.0.bn2,0.5733824968338013,0.13973447680473328,mish,0,12
stages.1.bn1,0.3167959451675415,0.08999627083539963,mish,0,12
stages.1.bn2,0.26570409536361694,0.1325068473815918,mish,0,12
stages.2.bn1,0.33520185947418213,0.09095741808414459,mish,0,12
stages.2.bn2,0.4360896348953247,0.15276965498924255,mish,0,12
stages.2.shortcut.1,0.2930176258087158,0.15276965498924255,mish,0,12
stages.3.bn1,0.22956256568431854,0.06841598451137543,mish,0,12
stages.3.bn2,0.2172974944114685,0.15313787758350372,mish,0,12
stages.4.bn1,0.25924068689346313,0.04717503860592842,mish,0,12
stages.4.bn2,0.3537142872810364,0.11136484891176224,mish,0,12
stages.4.shortcut.1,0.21752020716667175,0.11136484891176224,mish,0,12
stages.5.bn1,0.19311024248600006,0.03288617357611656,mish,0,12
stages.5.bn2,0.17016719281673431,0.10791555047035217,mish,0,12
stages.6.bn1,0.18600770831108093,0.019033189862966537,mish,0,12
stages.6.bn2,0.272508829832077,0.03715905547142029,mish,0,12
stages.6.shortcut.1,0.23435890674591064,0.03715905547142029,mish,0,12
stages.7.bn1,0.16153234243392944,0.016275059431791306,mish,0,12
stages.7.bn2,0.2198885679244995,0.033044762909412384,mish,0,12
stem_bn,0.34033623337745667,0.11105947941541672,mish,0,18
stages.0.bn1,0.38050031661987305,0.16285400092601776,mish,0,18
stages.0.bn2,0.5440473556518555,0.1261313259601593,mish,0,18
stages.1.bn1,0.28494709730148315,0.09029877185821533,mish,0,18
stages.1.bn2,0.26094022393226624,0.1345488578081131,mish,0,18
stages.2.bn1,0.3094176650047302,0.09522522240877151,mish,0,18
stages.2.bn2,0.42378079891204834,0.16143813729286194,mish,0,18
stages.2.shortcut.1,0.2568153440952301,0.16143813729286194,mish,0,18
stages.3.bn1,0.19778282940387726,0.06981995701789856,mish,0,18
stages.3.bn2,0.2065475881099701,0.1629868447780609,mish,0,18
stages.4.bn1,0.2366207242012024,0.052656140178442,mish,0,18
stages.4.bn2,0.3388294577598572,0.12439332157373428,mish,0,18
stages.4.shortcut.1,0.1859481930732727,0.12439332157373428,mish,0,18
stages.5.bn1,0.16099798679351807,0.03530022129416466,mish,0,18
stages.5.bn2,0.15770094096660614,0.11653339862823486,mish,0,18
stages.6.bn1,0.1547427773475647,0.01885324716567993,mish,0,18
stages.6.bn2,0.259271502494812,0.02791166491806507,mish,0,18
stages.6.shortcut.1,0.2107974886894226,0.02791166491806507,mish,0,18
stages.7.bn1,0.1265743374824524,0.014948255382478237,mish,0,18
stages.7.bn2,0.2286071479320526,0.019370954483747482,mish,0,18
stem_bn,0.3297537565231323,0.10607486963272095,mish,0,24
stages.0.bn1,0.3725200891494751,0.15851008892059326,mish,0,24
stages.0.bn2,0.5284579992294312,0.1189367026090622,mish,0,24
stages.1.bn1,0.2767534852027893,0.08911909908056259,mish,0,24
stages.1.bn2,0.2576485276222229,0.12912580370903015,mish,0,24
stages.2.bn1,0.30086439847946167,0.09346890449523926,mish,0,24
stages.2.bn2,0.41257667541503906,0.16021332144737244,mish,0,24
stages.2.shortcut.1,0.24408797919750214,0.16021332144737244,mish,0,24
stages.3.bn1,0.19052594900131226,0.06886781752109528,mish,0,24
stages.3.bn2,0.20691020786762238,0.15941691398620605,mish,0,24
stages.4.bn1,0.22914659976959229,0.05257497727870941,mish,0,24
stages.4.bn2,0.331617534160614,0.12393345683813095,mish,0,24
stages.4.shortcut.1,0.17671535909175873,0.12393345683813095,mish,0,24
stages.5.bn1,0.15510690212249756,0.0350525788962841,mish,0,24
stages.5.bn2,0.15649989247322083,0.11494706571102142,mish,0,24
stages.6.bn1,0.14819279313087463,0.01839296519756317,mish,0,24
stages.6.bn2,0.25787246227264404,0.025230269879102707,mish,0,24
stages.6.shortcut.1,0.20599797368049622,0.025230269879102707,mish,0,24
stages.7.bn1,0.12013223767280579,0.0142777469009161,mish,0,24
stages.7.bn2,0.23754745721817017,0.01724320463836193,mish,0,24
stem_bn,0.9065873622894287,0.048848025500774384,mish,1,0
stages.0.bn1,0.8363716006278992,0.02965320460498333,mish,1,0
stages.0.bn2,0.8156156539916992,0.03161967545747757,mish,1,0
stages.1.bn1,0.8235806226730347,0.02288883551955223,mish,1,0
stages.1.bn2,0.7763733267784119,0.021071448922157288,mish,1,0
stages.2.bn1,0.8262091875076294,0.008127112872898579,mish,1,0
stages.2.bn2,0.8251696825027466,0.016933050006628036,mish,1,0
stages.2.shortcut.1,0.8373206257820129,0.016933050006628036,mish,1,0
stages.3.bn1,0.8249450922012329,0.012444639578461647,mish,1,0
stages.3.bn2,0.8145828247070312,0.011771341785788536,mish,1,0
stages.4.bn1,0.8254769444465637,0.006383898667991161,mish,1,0
stages.4.bn2,0.8262418508529663,0.009307721629738808,mish,1,0
stages.4.shortcut.1,0.8328014016151428,0.009307721629738808,mish,1,0
stages.5.bn1,0.824394941329956,0.0057655819691717625,mish,1,0
stages.5.bn2,0.8181453943252563,0.0074764760211110115,mish,1,0
stages.6.bn1,0.8253819942474365,0.003922806121408939,mish,1,0
stages.6.bn2,0.8009521961212158,0.05602246895432472,mish,1,0
stages.6.shortcut.1,0.803558349609375,0.05602246895432472,mish,1,0
stages.7.bn1,0.8262028098106384,0.005096646025776863,mish,1,0
stages.7.bn2,0.7676657438278198,0.0863458588719368,mish,1,0
stem_bn,0.4428030550479889,0.1649450957775116,mish,1,6
stages.0.bn1,0.47238489985466003,0.1643160730600357,mish,1,6
stages.0.bn2,0.6137121319770813,0.16086909174919128,mish,1,6
stages.1.bn1,0.38996100425720215,0.06312111020088196,mish,1,6
stages.1.bn2,0.2828567624092102,0.07327140867710114,mish,1,6
stages.2.bn1,0.39645278453826904,0.059790536761283875,mish,1,6
stages.2.bn2,0.4467473030090332,0.11763536930084229,mish,1,6
stages.2.shortcut.1,0.36029425263404846,0.11763536930084229,mish,1,6
stages.3.bn1,0.36139190196990967,0.07064863294363022,mish,1,6
stages.3.bn2,0.29387766122817993,0.11394297331571579,mish,1,6
stages.4.bn1,0.34969115257263184,0.038706593215465546,mish,1,6
stages.4.bn2,0.39715686440467834,0.08314959704875946,mish,1,6
stages.4.shortcut.1,0.3154866695404053,0.08314959704875946,mish,1,6
stages.5.bn1,0.3175153136253357,0.02533603459596634,mish,1,6
stages.5.bn2,0.2620525360107422,0.07392624020576477,mish,1,6
stages.6.bn1,0.29956600069999695,0.015320820733904839,mish,1,6
stages.6.bn2,0.33434414863586426,0.05527032911777496,mish,1,6
stages.6.shortcut.1,0.32358330488204956,0.05527032911777496,mish,1,6
stages.7.bn1,0.2848242521286011,0.009577391669154167,mish,1,6
stages.7.bn2,0.24407434463500977,0.07643759995698929,mish,1,6
stem_bn,0.36060869693756104,0.14929664134979248,mish,1,12
stages.0.bn1,0.4035629630088806,0.1634729504585266,mish,1,12
stages.0.bn2,0.5816680788993835,0.15696389973163605,mish,1,12
stages.1.bn1,0.2871801257133484,0.07225137948989868,mish,1,12
stages.1.bn2,0.2426322102546692,0.08276533335447311,mish,1,12
stages.2.bn1,0.3269422650337219,0.08868032693862915,mish,1,12
stages.2.bn2,0.43454158306121826,0.15695226192474365,mish,1,12
stages.2.shortcut.1,0.283960223197937,0.15695226192474365,mish,1,12
stages.3.bn1,0.25902628898620605,0.08413612097501755,mish,1,12
stages.3.bn2,0.23588413000106812,0.16440771520137787,mish,1,12
stages.4.bn1,0.2726675271987915,0.05255759134888649,mish,1,12
stages.4.bn2,0.3643522262573242,0.12916652858257294,mish,1,12
stages.4.shortcut.1,0.22075875103473663,0.12916652858257294,mish,1,12
stages.5.bn1,0.20260405540466309,0.030659282580018044,mish,1,12
stages.5.bn2,0.19026191532611847,0.11913594603538513,mish,1,12
stages.6.bn1,0.18372099101543427,0.018146056681871414,mish,1,12
stages.6.bn2,0.27597805857658386,0.031728096306324005,mish,1,12
stages.6.shortcut.1,0.23277486860752106,0.031728096306324005,mish,1,12
stages.7.bn1,0.1461823284626007,0.009831913746893406,mish,1,12
stages.7.bn2,0.18938425183296204,0.03302115201950073,mish,1,12
stem_bn,0.33073747158050537,0.13631127774715424,mish,1,18
stages.0.bn1,0.3753374218940735,0.1567557454109192,mish,1,18
stages.0.bn2,0.5515550374984741,0.1440948247909546,mish,1,18
stages.1.bn1,0.2536412179470062,0.06749308109283447,mish,1,18
stages.1.bn2,0.23450353741645813,0.08475042879581451,mish,1,18
stages.2.bn1,0.30671119689941406,0.09506498277187347,mish,1,18
stages.2.bn2,0.42161983251571655,0.16715551912784576,mish,1,18
stages.2.shortcut.1,0.2473413348197937,0.16715551912784576,mish,1,18
stages.3.bn1,0.22695893049240112,0.08533641695976257,mish,1,18
stages.3.bn2,0.22781610488891602,0.17219612002372742,mish,1,18
stages.4.bn1,0.2468254566192627,0.05846334993839264,mish,1,18
stages.4.bn2,0.35204946994781494,0.1422562152147293,mish,1,18
stages.4.shortcut.1,0.18952302634716034,0.1422562152147293,mish,1,18
stages.5.bn1,0.17012235522270203,0.03229772299528122,mish,1,18
stages.5.bn2,0.1762138456106186,0.12746797502040863,mish,1,18
stages.6.bn1,0.15292716026306152,0.017881780862808228,mish,1,18
stages.6.bn2,0.2621958255767822,0.02288958616554737,mish,1,18
stages.6.shortcut.1,0.20953214168548584,0.02288958616554737,mish,1,18
stages.7.bn1,0.11080124974250793,0.008807888254523277,mish,1,18
stages.7.bn2,0.2012527883052826,0.01922447234392166,mish,1,18
stem_bn,0.32224947214126587,0.12984280288219452,mish,1,24
stages.0.bn1,0.36536532640457153,0.15400086343288422,mish,1,24
stages.0.bn2,0.5363629460334778,0.13492663204669952,mish,1,24
stages.1.bn1,0.24509605765342712,0.06556417047977448,mish,1,24
stages.1.bn2,0.2325368970632553,0.08223162591457367,mish,1,24
stages.2.bn1,0.2987912893295288,0.09437742829322815,mish,1,24
stages.2.bn2,0.41240739822387695,0.1645490974187851,mish,1,24
stages.2.shortcut.1,0.2342446893453598,0.1645490974187851,mish,1,24
stages.3.bn1,0.21979908645153046,0.08352205902338028,mish,1,24
stages.3.bn2,0.22697308659553528,0.16777241230010986,mish,1,24
stages.4.bn1,0.23846794664859772,0.05772240459918976,mish,1,24
stages.4.bn2,0.3452906608581543,0.14142346382141113,mish,1,24
stages.4.shortcut.1,0.17962490022182465,0.14142346382141113,mish,1,24
stages.5.bn1,0.16353195905685425,0.03206539899110794,mish,1,24
stages.5.bn2,0.17434677481651306,0.12534284591674805,mish,1,24
stages.6.bn1,0.14622914791107178,0.01747201383113861,mish,1,24
stages.6.bn2,0.2612750232219696,0.02069889008998871,mish,1,24
stages.6.shortcut.1,0.2052626758813858,0.02069889008998871,mish,1,24
stages.7.bn1,0.10462071001529694,0.008372960612177849,mish,1,24
stages.7.bn2,0.21157413721084595,0.017227141186594963,mish,1,24
stem_bn,0.889700174331665,0.05798603594303131,mish,2,0
stages.0.bn1,0.8351016640663147,0.034406621009111404,mish,2,0
stages.0.bn2,0.8172053098678589,0.03530013561248779,mish,2,0
stages.1.bn1,0.8235970139503479,0.021994002163410187,mish,2,0
stages.1.bn2,0.8007243871688843,0.02344738319516182,mish,2,0
stages.2.bn1,0.8248195648193359,0.0087624192237854,mish,2,0
stages.2.bn2,0.8279039263725281,0.014521542936563492,mish,2,0
stages.2.shortcut.1,0.8376682996749878,0.014521542936563492,mish,2,0
stages.3.bn1,0.8242366313934326,0.007004605606198311,mish,2,0
stages.3.bn2,0.8134002685546875,0.009466813877224922,mish,2,0
stages.4.bn1,0.8252066373825073,0.005932382773607969,mish,2,0
stages.4.bn2,0.8239867687225342,0.010519230738282204,mish,2,0
stages.4.shortcut.1,0.8305184841156006,0.010519230738282204,mish,2,0
stages.5.bn1,0.8227434158325195,0.007792366668581963,mish,2,0
stages.5.bn2,0.8227005004882812,0.006735984236001968,mish,2,0
stages.6.bn1,0.8247947692871094,0.004042741842567921,mish,2,0
stages.6.bn2,0.7969145774841309,0.05642455816268921,mish,2,0
stages.6.shortcut.1,0.8029202222824097,0.05642455816268921,mish,2,0
stages.7.bn1,0.8258838653564453,0.00567279476672411,mish,2,0
stages.7.bn2,0.7763541340827942,0.08349229395389557,mish,2,0
stem_bn,0.3914497494697571,0.1455705463886261,mish,2,6
stages.0.bn1,0.43614092469215393,0.1445029079914093,mish,2,6
stages.0.bn2,0.5792396068572998,0.10655735433101654,mish,2,6
stages.1.bn1,0.3672022223472595,0.05860995873808861,mish,2,6
stages.1.bn2,0.3147578239440918,0.09629775583744049,mish,2,6
stages.2.bn1,0.37350592017173767,0.04231245070695877,mish,2,6
stages.2.bn2,0.4264092743396759,0.09787783026695251,mish,2,6
stages.2.shortcut.1,0.3707008361816406,0.09787783026695251,mish,2,6
stages.3.bn1,0.3391595184803009,0.056746162474155426,mish,2,6
stages.3.bn2,0.2705353796482086,0.09181302785873413,mish,2,6
stages.4.bn1,0.33571958541870117,0.04145406186580658,mish,2,6
stages.4.bn2,0.3894920349121094,0.07192037999629974,mish,2,6
stages.4.shortcut.1,0.3137075901031494,0.07192037999629974,mish,2,6
stages.5.bn1,0.3060588538646698,0.02028471976518631,mish,2,6
stages.5.bn2,0.23953558504581451,0.06319541484117508,mish,2,6
stages.6.bn1,0.30118629336357117,0.015287663787603378,mish,2,6
stages.6.bn2,0.3226235508918762,0.05882157385349274,mish,2,6
stages.6.shortcut.1,0.3130398988723755,0.05882157385349274,mish,2,6
stages.7.bn1,0.2995101809501648,0.01756403222680092,mish,2,6
stages.7.bn2,0.2851738929748535,0.07783352583646774,mish,2,6
stem_bn,0.31215840578079224,0.12762850522994995,mish,2,12
stages.0.bn1,0.37004971504211426,0.13422822952270508,mish,2,12
stages.0.bn2,0.5461779832839966,0.10216683149337769,mish,2,12
stages.1.bn1,0.2743605971336365,0.07698817551136017,mish,2,12
stages.1.bn2,0.2740047872066498,0.12238351255655289,mish,2,12
stages.2.bn1,0.2920375466346741,0.06750984489917755,mish,2,12
stages.2.bn2,0.4136832356452942,0.1320476084947586,mish,2,12
stages.2.shortcut.1,0.29065704345703125,0.1320476084947586,mish,2,12
stages.3.bn1,0.23902839422225952,0.07249146699905396,mish,2,12
stages.3.bn2,0.20815409719944,0.14104123413562775,mish,2,12
stages.4.bn1,0.26245009899139404,0.05901363492012024,mish,2,12
stages.4.bn2,0.3532293140888214,0.11924728006124496,mish,2,12
stages.4.shortcut.1,0.21583396196365356,0.11924728006124496,mish,2,12
stages.5.bn1,0.186017706990242,0.02891920879483223,mish,2,12
stages.5.bn2,0.16017021238803864,0.10756860673427582,mish,2,12
stages.6.bn1,0.18643447756767273,0.016405969858169556,mish,2,12
stages.6.bn2,0.26570838689804077,0.03902994841337204,mish,2,12
stages.6.shortcut.1,0.22418907284736633,0.03902994841337204,mish,2,12
stages.7.bn1,0.17142990231513977,0.02010771445930004,mish,2,12
stages.7.bn2,0.2313905656337738,0.03703002631664276,mish,2,12
stem_bn,0.2810453176498413,0.11777164041996002,mish,2,18
stages.0.bn1,0.34500962495803833,0.12533169984817505,mish,2,18
stages.0.bn2,0.5123857855796814,0.09161083400249481,mish,2,18
stages.1.bn1,0.24214917421340942,0.07994683086872101,mish,2,18
stages.1.bn2,0.2662164568901062,0.12462431937456131,mish,2,18
stages.2.bn1,0.2660678029060364,0.07675395160913467,mish,2,18
stages.2.bn2,0.4021683633327484,0.14258010685443878,mish,2,18
stages.2.shortcut.1,0.25470462441444397,0.14258010685443878,mish,2,18
stages.3.bn1,0.20845383405685425,0.0752282589673996,mish,2,18
stages.3.bn2,0.19854959845542908,0.14838261902332306,mish,2,18
stages.4.bn1,0.24074120819568634,0.06484951823949814,mish,2,18
stages.4.bn2,0.34097740054130554,0.13222815096378326,mish,2,18
stages.4.shortcut.1,0.18551623821258545,0.13222815096378326,mish,2,18
stages.5.bn1,0.15526635944843292,0.03285665065050125,mish,2,18
stages.5.bn2,0.15121734142303467,0.11593590676784515,mish,2,18
stages.6.bn1,0.15528960525989532,0.01607719250023365,mish,2,18
stages.6.bn2,0.25262898206710815,0.03017011284828186,mish,2,18
stages.6.shortcut.1,0.19960269331932068,0.03017011284828186,mish,2,18
stages.7.bn1,0.1351981908082962,0.01821480318903923,mish,2,18
stages.7.bn2,0.23730358481407166,0.022133540362119675,mish,2,18
stem_bn,0.27082473039627075,0.11399169266223907,mish,2,24
stages.0.bn1,0.33511215448379517,0.11995527148246765,mish,2,24
stages.0.bn2,0.4975792169570923,0.08720675855875015,mish,2,24
stages.1.bn1,0.2346183806657791,0.07909601926803589,mish,2,24
stages.1.bn2,0.26482316851615906,0.12060949951410294,mish,2,24
stages.2.bn1,0.25824064016342163,0.07616087794303894,mish,2,24
stages.2.bn2,0.394281268119812,0.14219549298286438,mish,2,24
stages.2.shortcut.1,0.24088798463344574,0.14219549298286438,mish,2,24
stages.3.bn1,0.20263172686100006,0.07394318282604218,mish,2,24
stages.3.bn2,0.19635973870754242,0.1461661159992218,mish,2,24
stages.4.bn1,0.2337789386510849,0.06409682333469391,mish,2,24
stages.4.bn2,0.3343537151813507,0.13157176971435547,mish,2,24
stages.4.shortcut.1,0.1748320460319519,0.13157176971435547,mish,2,24
stages.5.bn1,0.149889275431633,0.03299431502819061,mish,2,24
stages.5.bn2,0.15062648057937622,0.1144096702337265,mish,2,24
stages.6.bn1,0.14874069392681122,0.015615193173289299,mish,2,24
stages.6.bn2,0.2511904239654541,0.027599217370152473,mish,2,24
stages.6.shortcut.1,0.19481110572814941,0.027599217370152473,mish,2,24
stages.7.bn1,0.12779629230499268,0.017194725573062897,mish,2,24
stages.7.bn2,0.24588117003440857,0.019338078796863556,mish,2,24
