image_h,image_w,kernel_name,target_name,alpha,c,activation,noise_std,tv_lambda,tikhonov_lambda,optimizer,init_mode,seed,time_sec,loss_init,loss_final,grad_init,grad_final,output_mse_final,output_binary_acc_final,output_iou_final,input_psnr_final,input_ssim_final,active_grad_frac_final,saturation_frac_final,rel_loss_reduction,num_iters_recorded
64,64,sobel_x,checkerboard,1.0,0.0,sigmoid,0.0,0.0,0.0,adam,random,0,51.67829895019531,1092.418871696519,634.164557106609,29.044827081467933,20.991918538576957,0.1548253313248557,1.0,1.0,4.597178517842641,0.0033627866043108795,1.0,0.0,0.4194859009330773,600
64,64,sobel_x,checkerboard,1.0,0.0,sigmoid,0.0,0.0,0.0,adam,random,1,52.38356828689575,1075.0846512993649,634.164648777713,28.663410400150564,20.991914955159878,0.15482535370549633,1.0,1.0,4.599894680816154,0.0034837233489785134,1.0,0.0,0.4101258463589344,600
64,64,sobel_x,checkerboard,1.0,0.0,sigmoid,0.0,0.0,0.0,adam,random,2,53.109474897384644,1096.0214256277793,634.1645950116758,29.433785312587247,20.99190854172278,0.15482534057902242,1.0,1.0,4.594940988128019,0.003933426815752035,1.0,0.0,0.42139397991381516,600
64,64,sobel_x,checkerboard,1.0,0.0,sigmoid,0.0,0.0,0.0,adam,random,3,53.51396322250366,1096.8077280803373,634.1647155217452,29.48593866578953,20.991914838024552,0.15482537000042607,1.0,1.0,4.592771082451216,0.003765091070927773,1.0,0.0,0.42180867321961935,600
64,64,sobel_x,checkerboard,1.0,0.0,sigmoid,0.0,0.0,0.0,adam,random,4,52.630289793014526,1085.2546729284109,634.1646105006371,29.120437805605626,20.991912155333218,0.1548253443605071,1.0,1.0,4.593097212930923,0.0020501432846784413,1.0,0.0,0.4156536467247537,600
64,64,sobel_x,checkerboard,1.0,0.0,sigmoid,0.0,0.0,0.0,adam,random,5,53.1814181804657,1093.1319615699526,634.1645481928914,29.36380113428763,20.991909334540438,0.15482532914865513,1.0,1.0,4.579363158255989,0.00038682382799064643,1.0,0.0,0.41986459962061096,600
64,64,sobel_x,checkerboard,1.0,0.0,sigmoid,0.0,0.0,0.0,adam,random,6,52.03056740760803,1076.7795879654868,634.1646830586893,29.092042930709713,20.991910766389683,0.15482536207487532,1.0,1.0,4.585054137815354,0.0010252596432568102,1.0,0.0,0.41105432333008185,600
64,64,sobel_x,checkerboard,1.0,0.0,sigmoid,0.0,0.0,0.0,adam,random,7,54.131099700927734,1105.930277998634,634.1647023145233,29.75438993554479,20.991911024135792,0.15482536677600667,1.0,1.0,4.601381747372576,0.004793069813121154,1.0,0.0,0.4265780448093432,600
64,64,sobel_x,checkerboard,1.5,0.0,sigmoid,0.0,0.0,0.0,adam,random,0,53.78637361526489,1156.0253448260773,486.09442858178915,42.77111299670488,25.380055872313264,0.11867539760297587,1.0,1.0,4.596632795144354,0.0034003623274564184,1.0,0.0,0.5795123084823703,600
64,64,sobel_x,checkerboard,1.5,0.0,sigmoid,0.0,0.0,0.0,adam,random,1,51.388580560684204,1131.1392176599334,486.0945480869837,42.04092793544508,25.380048521162028,0.11867542677904876,1.0,1.0,4.599562955004029,0.003348017048619301,1.0,0.0,0.5702610779488299,600
64,64,sobel_x,checkerboard,1.5,0.0,sigmoid,0.0,0.0,0.0,adam,random,2,52.86178255081177,1160.575528091473,486.0944391365678,43.530100870626036,25.380036255374353,0.11867540017982613,1.0,1.0,4.594544604963265,0.0038730320937141053,1.0,0.0,0.5811608746085369,600
64,64,sobel_x,checkerboard,1.5,0.0,sigmoid,0.0,0.0,0.0,adam,random,3,52.21981430053711,1162.393970358035,486.09466366902836,43.41013809260689,25.380050524042375,0.11867545499732138,1.0,1.0,4.591537685137529,0.0035813703534731153,1.0,0.0,0.581815910900412,600
64,64,sobel_x,checkerboard,1.5,0.0,sigmoid,0.0,0.0,0.0,adam,random,4,52.01433444023132,1146.7068188171845,486.0944728177803,42.84859015516436,25.380043416765126,0.11867540840277839,1.0,1.0,4.592658458901654,0.002130493923582858,1.0,0.0,0.5760952452352368,600
64,64,sobel_x,checkerboard,1.5,0.0,sigmoid,0.0,0.0,0.0,adam,random,5,52.38072848320007,1156.4435610656858,486.0943426315895,43.227793046261695,25.380035441533156,0.1186753766190404,1.0,1.0,4.580613892148815,0.000686012118797825,1.0,0.0,0.5796644479704277,600
64,64,sobel_x,checkerboard,1.5,0.0,sigmoid,0.0,0.0,0.0,adam,random,6,51.94467353820801,1133.4090665811527,486.0947141080501,42.923787195431636,25.38004544633733,0.11867546731153567,1.0,1.0,4.582892074169449,0.0009163124948134599,1.0,0.0,0.5711215584552186,600
64,64,sobel_x,checkerboard,1.5,0.0,sigmoid,0.0,0.0,0.0,adam,random,7,53.17203664779663,1174.6678906147408,486.09464571683236,44.06375557061088,25.380042581251836,0.11867545061446103,1.0,1.0,4.599957546815815,0.004749465669423349,1.0,0.0,0.5861854660363248,600
64,64,sobel_x,checkerboard,2.0,0.0,sigmoid,0.0,0.0,0.0,adam,random,0,52.706403493881226,1225.6119514101115,368.15763731086815,54.999130256166026,26.442799169361262,0.08988223567159867,1.0,1.0,4.5971259061579595,0.0035497314613706903,1.0,0.0,0.6996132120878151,600
64,64,sobel_x,checkerboard,2.0,0.0,sigmoid,0.0,0.0,0.0,adam,random,1,52.61830425262451,1193.777301478648,368.1577835759415,53.87311220802926,26.442788586465344,0.08988227138084509,1.0,1.0,4.5991819999320676,0.003349370829634941,1.0,0.0,0.6916026271232245,600
64,64,sobel_x,checkerboard,2.0,0.0,sigmoid,0.0,0.0,0.0,adam,random,2,52.31954503059387,1231.0146824497233,368.157636336711,56.088538568125564,26.442768206523837,0.08988223543376733,1.0,1.0,4.592466998224713,0.0037180932802469875,1.0,0.0,0.7009315635422999,600
64,64,sobel_x,checkerboard,2.0,0.0,sigmoid,0.0,0.0,0.0,adam,random,3,51.106451988220215,1232.7371698280344,368.1580334897473,55.66838912936799,26.44279628236406,0.08988233239495784,1.0,1.0,4.590258671552565,0.0034690881587844777,1.0,0.0,0.7013491257498912,600
64,64,sobel_x,checkerboard,2.0,0.0,sigmoid,0.0,0.0,0.0,adam,random,4,51.51822900772095,1214.4500708894752,368.1577061773091,54.97627618933145,26.442790744330466,0.0898822524846946,1.0,1.0,4.5905459281558425,0.001998111002038383,1.0,0.0,0.6968523325889662,600
64,64,sobel_x,checkerboard,2.0,0.0,sigmoid,0.0,0.0,0.0,adam,random,5,53.430054664611816,1225.0849417396776,368.1575081003245,55.48150983952397,26.4427633198071,0.08988220412605578,1.0,1.0,4.581258761508364,0.0008868078658369875,1.0,0.0,0.6994840965251571,600
64,64,sobel_x,checkerboard,2.0,0.0,sigmoid,0.0,0.0,0.0,adam,random,6,52.693681478500366,1196.7425483792085,368.1580758510032,55.29785801329862,26.44279728812583,0.08988234273706133,1.0,1.0,4.5806952083075725,0.0007178475627653823,1.0,0.0,0.6923665191401334,600
64,64,sobel_x,checkerboard,2.0,0.0,sigmoid,0.0,0.0,0.0,adam,random,7,51.70587229728699,1248.2514294485668,368.15787528745784,56.816744584322514,26.442786992724574,0.08988229377135201,1.0,1.0,4.599488939755684,0.004702489236183505,1.0,0.0,0.7050611226216685,600
64,64,sobel_x,checkerboard,3.0,0.0,sigmoid,0.0,0.0,0.0,adam,random,0,53.0842182636261,1358.8998403070514,207.63690324054053,74.77776523001766,22.73490142745856,0.05069260333021009,1.0,1.0,4.59339751089094,0.003034079000228249,1.0,0.0,0.8472022020448366,600
64,64,sobel_x,checkerboard,3.0,0.0,sigmoid,0.0,0.0,0.0,adam,random,1,54.32904386520386,1314.8181934345118,207.63688459245526,72.77575949229093,22.734882889070942,0.0506925987774549,1.0,1.0,4.597315656149968,0.00329428302567012,1.0,0.0,0.8420793949845833,600
64,64,sobel_x,checkerboard,3.0,0.0,sigmoid,0.0,0.0,0.0,adam,random,2,52.95382523536682,1365.7299724874988,207.63710725198413,76.10098777803259,22.734863855000803,0.05069265313769144,1.0,1.0,4.590638901883695,0.0039370097861459,1.0,0.0,0.8479662074972256,600
64,64,sobel_x,checkerboard,3.0,0.0,sigmoid,0.0,0.0,0.0,adam,random,3,53.17669653892517,1364.2991639088227,207.63771107420877,75.18483745244276,22.734936284357683,0.05069280055522675,1.0,1.0,4.5855538858384195,0.0028223027417589256,1.0,0.0,0.8478063194883807,600
64,64,sobel_x,checkerboard,3.0,0.0,sigmoid,0.0,0.0,0.0,adam,random,4,52.771414279937744,1344.435233048269,207.63673984936298,74.14166463567358,22.734879666127902,0.050692563439785884,1.0,1.0,4.587700866492198,0.0017468200688669933,1.0,0.0,0.8455583915496,600
64,64,sobel_x,checkerboard,3.0,0.0,sigmoid,0.0,0.0,0.0,adam,random,5,53.135443687438965,1355.2532433444967,207.6365405512995,74.97235557991125,22.734818127374123,0.050692514783032105,1.0,1.0,4.580208058890959,0.0012315224331706737,1.0,0.0,0.8467913347036945,600
64,64,sobel_x,checkerboard,3.0,0.0,sigmoid,0.0,0.0,0.0,adam,random,6,52.37587332725525,1319.5837376392183,207.63761158396483,75.26565990152139,22.73492730324156,0.05069277626561641,1.0,1.0,4.580797817817606,0.0011715146973748218,1.0,0.0,0.8426491584721741,600
64,64,sobel_x,checkerboard,3.0,0.0,sigmoid,0.0,0.0,0.0,adam,random,7,52.83828330039978,1386.5413595918071,207.63719791712168,77.23887155111682,22.7349127275696,0.050692675272734786,1.0,1.0,4.598673687232671,0.004830520631385624,1.0,0.0,0.8502481036856705,600
64,64,sobel_x,checkerboard,4.0,0.0,sigmoid,0.0,0.0,0.0,adam,random,0,53.36134481430054,1470.2408513815276,117.72802501630127,89.92309721850135,16.917702287479138,0.028742193607495428,1.0,1.0,4.588452651123719,0.0025679996973696673,1.0,0.0,0.9199260278302859,600
64,64,sobel_x,checkerboard,4.0,0.0,sigmoid,0.0,0.0,0.0,adam,random,1,51.88292980194092,1415.9934926470646,117.727703770019,87.04493422506587,16.917702185116095,0.028742115178227296,1.0,1.0,4.592133804376809,0.002985903913922952,1.0,0.0,0.9168585841803989,600
64,64,sobel_x,checkerboard,4.0,0.0,sigmoid,0.0,0.0,0.0,adam,random,2,51.69871926307678,1477.5971501089912,117.72774269017678,90.99851588709701,16.91765307231487,0.02874212468021894,1.0,1.0,4.5879780258464455,0.004113309122492086,1.0,0.0,0.9203248715784997,600
64,64,sobel_x,checkerboard,4.0,0.0,sigmoid,0.0,0.0,0.0,adam,random,3,54.19616436958313,1471.875020723465,117.72913434446204,89.8508717703506,16.917864379480022,0.028742464439565928,1.0,1.0,4.579867088680967,0.0028405414456708733,1.0,0.0,0.9200141773677258,600
64,64,sobel_x,checkerboard,4.0,0.0,sigmoid,0.0,0.0,0.0,adam,random,4,52.720091342926025,1452.8072464955817,117.72767288679182,88.2033490493962,16.91767605556737,0.02874210763837691,1.0,1.0,4.583436364529019,0.0019412606381245933,1.0,0.0,0.9189653870664735,600
64,64,sobel_x,checkerboard,4.0,0.0,sigmoid,0.0,0.0,0.0,adam,random,5,54.64484429359436,1462.9103317013007,117.72691966421226,89.47961311721204,16.91745103119944,0.02874192374614557,1.0,1.0,4.577775174590505,0.0012467270710879174,1.0,0.0,0.919525539526882,600
64,64,sobel_x,checkerboard,4.0,0.0,sigmoid,0.0,0.0,0.0,adam,random,6,51.41576933860779,1422.6652908469837,117.72895206137167,90.33389262684025,16.917814459583685,0.02874241993685832,1.0,1.0,4.577589952040435,0.0015026612063708858,1.0,0.0,0.9172476106510746,600
64,64,sobel_x,checkerboard,4.0,0.0,sigmoid,0.0,0.0,0.0,adam,random,7,53.144343852996826,1499.913105445742,117.72835758295841,92.51960822869299,16.917733685411278,0.028742274800526955,1.0,1.0,4.596032641190843,0.0047958641320765966,1.0,0.0,0.9215098813687798,600
64,64,sobel_x,checkerboard,5.0,0.0,sigmoid,0.0,0.0,0.0,adam,random,0,51.68865442276001,1558.7751884058127,68.4799917783601,102.1813505600847,12.188865238318959,0.016718747992763697,1.0,1.0,4.583122727850039,0.0026463663693503817,1.0,0.0,0.9560680768543693,600
64,64,sobel_x,checkerboard,5.0,0.0,sigmoid,0.0,0.0,0.0,adam,random,1,53.223695039749146,1496.2613733277408,68.47984878783133,98.54998910174466,12.188967859113502,0.016718713082966633,1.0,1.0,4.587299128792127,0.0026096024224600486,1.0,0.0,0.9542326962330588,600
64,64,sobel_x,checkerboard,5.0,0.0,sigmoid,0.0,0.0,0.0,adam,random,2,52.32537341117859,1565.6415903081659,68.48007382624746,102.83678423599582,12.188925657343288,0.016718768023986197,1.0,1.0,4.583026271523403,0.004060060943261357,1.0,0.0,0.9562606957747153,600
64,64,sobel_x,checkerboard,5.0,0.0,sigmoid,0.0,0.0,0.0,adam,random,3,52.463194370269775,1556.5091371600706,68.48107387668932,101.5297208412312,12.189176361778227,0.016719012176926104,1.0,1.0,4.572814194728954,0.0030587135707121713,1.0,0.0,0.95600342314621,600
64,64,sobel_x,checkerboard,5.0,0.0,sigmoid,0.0,0.0,0.0,adam,random,4,52.473318099975586,1538.6909943126348,68.4794646954032,99.16293632621984,12.18882617088514,0.01671861931040117,1.0,1.0,4.576403439332525,0.0019813085832844726,1.0,0.0,0.9554949857063442,600
64,64,sobel_x,checkerboard,5.0,0.0,sigmoid,0.0,0.0,0.0,adam,random,5,51.35478496551514,1547.8606644819909,68.47751528600956,100.9815409659775,12.188241943032406,0.01671814338037343,1.0,1.0,4.575670795029778,0.0012043940371746391,1.0,0.0,0.955759896961445,600
64,64,sobel_x,checkerboard,5.0,0.0,sigmoid,0.0,0.0,0.0,adam,random,6,52.28001260757446,1504.5544163158204,68.48131614537675,102.33436223592761,12.18915261128453,0.01671907132455487,1.0,1.0,4.569387250524558,0.0012842774722597243,1.0,0.0,0.9544839884800804,600
64,64,sobel_x,checkerboard,5.0,0.0,sigmoid,0.0,0.0,0.0,adam,random,7,51.722474575042725,1588.7617457863241,68.48057232543202,104.65141482923354,12.188945494426685,0.016718889727888677,1.0,1.0,4.593070269145216,0.005081568474494524,1.0,0.0,0.9568968899792216,600
64,64,sobel_x,checkerboard,6.0,0.0,sigmoid,0.0,0.0,0.0,adam,random,0,52.30579495429993,1628.7561823825083,41.00905605131187,112.5842608971992,8.88694827587405,0.010011976575027313,1.0,1.0,4.5750426225266585,0.002905832033073072,1.0,0.0,0.9748218570128006,600
64,64,sobel_x,checkerboard,6.0,0.0,sigmoid,0.0,0.0,0.0,adam,random,1,53.66836881637573,1559.5709085703247,41.009323489318746,108.39084245412592,8.887230213423628,0.01001204186750946,1.0,1.0,4.5790148926805445,0.002510585483228015,1.0,0.0,0.9737047393844295,600
64,64,sobel_x,checkerboard,6.0,0.0,sigmoid,0.0,0.0,0.0,adam,random,2,51.539140701293945,1634.4492896839215,41.00994846521503,112.83684083423996,8.887307001967148,0.010012194449515389,1.0,1.0,4.575071937066667,0.003937700074846249,1.0,0.0,0.9749090114180625,600
64,64,sobel_x,checkerboard,6.0,0.0,sigmoid,0.0,0.0,0.0,adam,random,3,52.24288201332092,1623.1584896282147,41.01001670974141,111.38002726228584,8.88726784734243,0.01001221111077671,1.0,1.0,4.566425815273071,0.0032315090536671094,1.0,0.0,0.9747344347629696,600
64,64,sobel_x,checkerboard,6.0,0.0,sigmoid,0.0,0.0,0.0,adam,random,4,54.27620720863342,1606.3282522171878,41.00766711071456,108.2449987571438,8.886668643693401,0.010011637478201796,1.0,1.0,4.5693501022571175,0.00196158626817407,1.0,0.0,0.9744711785688185,600
64,64,sobel_x,checkerboard,6.0,0.0,sigmoid,0.0,0.0,0.0,adam,random,5,54.25751447677612,1614.5763827143228,41.006063299417455,110.70617201358885,8.886046200954368,0.01001124592270934,1.0,1.0,4.570356343977569,0.0012611107000162663,1.0,0.0,0.9746025869457593,600
64,64,sobel_x,checkerboard,6.0,0.0,sigmoid,0.0,0.0,0.0,adam,random,6,53.576395750045776,1569.1141061859403,41.01047262431562,112.4165631806228,8.887353223709347,0.010012322418045805,1.0,1.0,4.561447870961012,0.001491987101167218,1.0,0.0,0.9738639322260635,600
64,64,sobel_x,checkerboard,6.0,0.0,sigmoid,0.0,0.0,0.0,adam,random,7,53.09319877624512,1658.2345161629619,41.01011187619847,114.86826067315276,8.8872211560813,0.010012234344775018,1.0,1.0,4.586612647615739,0.004944872542756774,1.0,0.0,0.9752688106076257,600
64,64,sobel_x,checkerboard,7.0,0.0,sigmoid,0.0,0.0,0.0,adam,random,0,52.16138553619385,1684.5672336218013,25.107528526597292,121.70671270987854,6.542353863296857,0.006129767706688792,1.0,1.0,4.5655077839331,0.00294829171873313,1.0,0.0,0.9850955616223068,600
64,64,sobel_x,checkerboard,7.0,0.0,sigmoid,0.0,0.0,0.0,adam,random,1,51.908501863479614,1609.9657609828964,25.11166380885681,117.15244730498075,6.543828915397821,0.006130777297084182,1.0,1.0,4.5690357985557934,0.002672565377840361,1.0,0.0,0.984402361579711,600
64,64,sobel_x,checkerboard,7.0,0.0,sigmoid,0.0,0.0,0.0,adam,random,2,53.33400201797485,1688.7785438326116,25.111178790616727,121.6537219143452,6.543583734199669,0.006130658884427912,1.0,1.0,4.567426819216473,0.004032648085644183,1.0,0.0,0.985130567366383,600
64,64,sobel_x,checkerboard,7.0,0.0,sigmoid,0.0,0.0,0.0,adam,random,3,54.305591344833374,1676.3134747042832,25.110345443407997,120.08173065276637,6.543150858275328,0.0061304554305195305,1.0,1.0,4.556036401093793,0.0030796831825486365,1.0,0.0,0.9850204953773114,600
64,64,sobel_x,checkerboard,7.0,0.0,sigmoid,0.0,0.0,0.0,adam,random,4,53.21253180503845,1660.0687602485677,25.108401537831583,116.1104174190401,6.542571919120205,0.006129980844197164,1.0,1.0,4.558990446116381,0.0017460822665052607,1.0,0.0,0.9848750834067428,600
64,64,sobel_x,checkerboard,7.0,0.0,sigmoid,0.0,0.0,0.0,adam,random,5,53.654093503952026,1667.4798570058606,25.10767219885187,119.3187029401467,6.542232911716189,0.00612980278292282,1.0,1.0,4.5614793860571545,0.001422190462728364,1.0,0.0,0.9849427433300841,600
64,64,sobel_x,checkerboard,7.0,0.0,sigmoid,0.0,0.0,0.0,adam,random,6,52.956748485565186,1620.4489138960116,25.111524472662744,121.22689542285705,6.543526806835009,0.006130743279458678,1.0,1.0,4.546654316084685,0.0012450875578750883,1.0,0.0,0.9845033532021151,600
64,64,sobel_x,checkerboard,7.0,0.0,sigmoid,0.0,0.0,0.0,adam,random,7,51.938961029052734,1713.2114452475043,25.110901623266457,123.85510818348,6.5432827641407165,0.006130591216617787,1.0,1.0,4.580213056100874,0.005113620193095313,1.0,0.0,0.985342789010122,600
64,64,sobel_x,checkerboard,8.0,0.0,sigmoid,0.0,0.0,0.0,adam,random,0,53.21637964248657,1729.684795475682,15.570880096940035,129.8959214912046,4.7935881497094845,0.003801484398667001,1.0,1.0,4.553560435057706,0.002668069050981067,1.0,0.0,0.9909978510895924,600
64,64,sobel_x,checkerboard,8.0,0.0,sigmoid,0.0,0.0,0.0,adam,random,1,53.297653913497925,1650.628909631314,15.576734093763903,125.15670507039086,4.795676533309083,0.003802913597110328,1.0,1.0,4.555163125974941,0.002594708606079511,1.0,0.0,0.9905631520186793,600
64,64,sobel_x,checkerboard,8.0,0.0,sigmoid,0.0,0.0,0.0,adam,random,2,52.99866223335266,1732.376733120232,15.576306718680588,129.65898729958673,4.795471053213596,0.003802809257490378,1.0,1.0,4.553880974788818,0.003954228241860846,1.0,0.0,0.9910087070434006,600
64,64,sobel_x,checkerboard,8.0,0.0,sigmoid,0.0,0.0,0.0,adam,random,3,52.77101182937622,1719.3656951042867,15.575006538807486,128.02226917889578,4.794900630185211,0.0038024918307635464,1.0,1.0,4.545458036106299,0.0034072499909587207,1.0,0.0,0.9909414230008452,600
64,64,sobel_x,checkerboard,8.0,0.0,sigmoid,0.0,0.0,0.0,adam,random,4,53.2913076877594,1703.3519158227655,15.57422651885392,123.12675807627832,4.794549679650099,0.00380230139620457,1.0,1.0,4.545565743859362,0.0016307152970144122,1.0,0.0,0.9908567182305771,600
64,64,sobel_x,checkerboard,8.0,0.0,sigmoid,0.0,0.0,0.0,adam,random,5,53.15891146659851,1710.0324299462443,15.574474724562911,127.17197484122606,4.794627072089012,0.003802361993301492,1.0,1.0,4.547967097949167,0.0015103026604077097,1.0,0.0,0.9908922927706977,600
64,64,sobel_x,checkerboard,8.0,0.0,sigmoid,0.0,0.0,0.0,adam,random,6,53.46622180938721,1661.830772304151,15.576153938124339,129.14021350430926,4.79536837838329,0.0038027719575498874,1.0,1.0,4.533663550657506,0.0012600747677535798,1.0,0.0,0.9906271118589723,600
64,64,sobel_x,checkerboard,8.0,0.0,sigmoid,0.0,0.0,0.0,adam,random,7,53.04092359542847,1757.4139033978354,15.57499969743569,131.99664593489572,4.794785576504554,0.00380249016050676,1.0,1.0,4.57265931848854,0.005511751290660422,1.0,0.0,0.991137546102644,600
64,64,sobel_x,checkerboard,9.0,0.0,sigmoid,0.0,0.0,0.0,adam,random,0,53.22732210159302,1766.6829727285885,9.71310723918214,137.38184046296,3.4641348606508107,0.002371364072065952,1.0,1.0,4.542838342231388,0.0029359397542410622,1.0,0.0,0.9945020655153649,600
64,64,sobel_x,checkerboard,9.0,0.0,sigmoid,0.0,0.0,0.0,adam,random,1,51.51440405845642,1683.9100097090277,9.717592147919515,132.60010381436354,3.465846032806192,0.0023724590204881628,1.0,1.0,4.537930699424474,0.002225088927992978,1.0,0.0,0.994229149959386,600
64,64,sobel_x,checkerboard,9.0,0.0,sigmoid,0.0,0.0,0.0,adam,random,2,52.960843324661255,1767.9777387186052,9.718156449590435,137.08063190602286,3.4657183303237025,0.0023725967894507897,1.0,1.0,4.537639927214144,0.003877408176868997,1.0,0.0,0.994503235964592,600
64,64,sobel_x,checkerboard,9.0,0.0,sigmoid,0.0,0.0,0.0,adam,random,3,52.85483002662659,1754.7729338257489,9.714302455832962,135.41990660269343,3.464600036993132,0.0023716558730060944,1.0,1.0,4.533678389217986,0.003617496006021461,1.0,0.0,0.9944640686731737,600
64,64,sobel_x,checkerboard,9.0,0.0,sigmoid,0.0,0.0,0.0,adam,random,4,52.15729236602783,1738.720312129403,9.716372493169576,129.51712931141802,3.4652845906905907,0.0023721612532152285,1.0,1.0,4.5291359217883045,0.0013736612663948992,1.0,0.0,0.9944117679966193,600
64,64,sobel_x,checkerboard,9.0,0.0,sigmoid,0.0,0.0,0.0,adam,random,5,53.43761920928955,1744.7809872138484,9.715393566785288,134.461771632679,3.4648452814813493,0.0023719222575159394,1.0,1.0,4.533051119585908,0.0016797273310040343,1.0,0.0,0.9944317403513783,600
64,64,sobel_x,checkerboard,9.0,0.0,sigmoid,0.0,0.0,0.0,adam,random,6,52.28286027908325,1695.6823778134185,9.716435920783551,136.3872693558089,3.465365693826528,0.0023721767384725467,1.0,1.0,4.519740759701158,0.0013873668890832087,1.0,0.0,0.9942698962683607,600
64,64,sobel_x,checkerboard,9.0,0.0,sigmoid,0.0,0.0,0.0,adam,random,7,54.20105338096619,1793.5297785475657,9.71495843222967,139.51451110670612,3.464772184410184,0.002371816023493572,1.0,1.0,4.556749746813161,0.005228881037727658,1.0,0.0,0.9945833302862153,600
64,64,sobel_x,checkerboard,10.0,0.0,sigmoid,0.0,0.0,0.0,adam,random,0,53.00880432128906,1797.4385376385887,6.071614503395619,144.32535533885476,2.4627356577873827,0.001482327759618071,1.0,1.0,4.530853274012637,0.002703924634597139,0.999755859375,0.0,0.996622073925614,600
64,64,sobel_x,checkerboard,10.0,0.0,sigmoid,0.0,0.0,0.0,adam,random,1,52.45029544830322,1711.5222953006808,6.076158983068312,139.61482599129573,2.4639432531863585,0.001483437251725662,1.0,1.0,4.529578430588311,0.002571178514168446,0.999755859375,0.0,0.9964498511063796,600
64,64,sobel_x,checkerboard,10.0,0.0,sigmoid,0.0,0.0,0.0,adam,random,2,52.36293029785156,1797.5357907829027,6.075277013444064,144.06601551965434,2.463540884288184,0.0014832219271103673,1.0,1.0,4.527461514247507,0.004662694730577984,1.0,0.0,0.9966202191663744,600
64,64,sobel_x,checkerboard,10.0,0.0,sigmoid,0.0,0.0,0.0,adam,random,3,52.47664713859558,1784.3104653838259,6.071738535139074,142.39927431493575,2.462580190883495,0.001482358040805438,1.0,1.0,4.5254356843357,0.004110981373504696,0.999755859375,0.0,0.9965971513069432,600
64,64,sobel_x,checkerboard,10.0,0.0,sigmoid,0.0,0.0,0.0,adam,random,4,53.008867025375366,1768.0248181502152,6.07606316436582,135.42825817119518,2.46399553907639,0.001483413858487749,1.0,1.0,4.513754603241706,0.0008936980353883802,0.999755859375,0.0,0.9965633609313681,600
64,64,sobel_x,checkerboard,10.0,0.0,sigmoid,0.0,0.0,0.0,adam,random,5,52.658562660217285,1773.572949289656,6.072691477765724,141.30740222108193,2.4627021677593195,0.0014825906928138974,1.0,1.0,4.517064536605063,0.000993816711073822,1.0,0.0,0.9965760125738284,600
64,64,sobel_x,checkerboard,10.0,0.0,sigmoid,0.0,0.0,0.0,adam,random,6,53.055579662323,1723.766352237291,6.071948340589903,143.11620930705857,2.46265362807841,0.0014824092628393318,1.0,1.0,4.510384563306884,0.0017030542236303066,1.0,0.0,0.9964775108107261,600
64,64,sobel_x,checkerboard,10.0,0.0,sigmoid,0.0,0.0,0.0,adam,random,7,52.650079011917114,1823.485080966242,6.07265455299451,146.5395718142075,2.4627063636141178,0.0014825816779771752,1.0,1.0,4.537103937420834,0.003404735776023872,1.0,0.0,0.9966697536402236,600
64,64,sobel_x,checkerboard,11.0,0.0,sigmoid,0.0,0.0,0.0,adam,random,0,52.93629026412964,1823.3253401324232,5.77644927553829,150.8422941324161,1.7196964415020801,0.0014102659364107154,0.99951171875,0.9990234375,4.511736870523332,0.0012664576866188652,0.975341796875,0.0009765625,0.9968319152109636,600
64,64,sobel_x,checkerboard,11.0,0.0,sigmoid,0.0,0.0,0.0,adam,random,1,53.50485062599182,1734.721639140509,3.794413195498931,146.29371353918881,1.722129741846126,0.0009263704090573562,1.0,1.0,4.517074442580268,0.0026150053971013953,0.978759765625,0.0,0.9978126673986848,600
64,64,sobel_x,checkerboard,11.0,0.0,sigmoid,0.0,0.0,0.0,adam,random,2,53.69817519187927,1822.4497646084694,3.7939535371511113,150.71266737812022,1.722256012495732,0.000926258187781033,1.0,1.0,4.521571019420012,0.005847837535725659,0.977783203125,0.0,0.9979182122817162,600
64,64,sobel_x,checkerboard,11.0,0.0,sigmoid,0.0,0.0,0.0,adam,random,3,51.562973737716675,1809.2724926341466,5.771809686841625,149.0340554919978,1.9238617825317277,0.0014091332243265685,0.99951171875,0.9990234375,4.513625842479338,0.003992581165143317,0.9775390625,0.000732421875,0.9968098726364659,600
64,64,sobel_x,checkerboard,11.0,0.0,sigmoid,0.0,0.0,0.0,adam,random,4,53.23118829727173,1792.6170552129583,5.780654163443674,140.96221026640262,1.7210899207158112,0.0014112925203719907,0.99951171875,0.9990234375,4.491102721294331,-0.000499994730970316,0.97021484375,0.000732421875,0.9967752989147162,600
64,64,sobel_x,checkerboard,11.0,0.0,sigmoid,0.0,0.0,0.0,adam,random,5,53.29672408103943,1797.7525179363051,4.101936204783428,147.79011208138562,5.416756218798241,0.001001449268745954,1.0,1.0,4.495636332266686,-0.0005741103100526275,0.974609375,0.00048828125,0.9977182976166863,600
64,64,sobel_x,checkerboard,11.0,0.0,sigmoid,0.0,0.0,0.0,adam,random,6,51.49121880531311,1747.3684537677973,3.7912353279120903,149.42419681555697,1.7211962283722422,0.0009255945624785377,1.0,1.0,4.499989626427133,0.0017552104164749547,0.979736328125,0.0,0.9978303171722386,600
64,64,sobel_x,checkerboard,11.0,0.0,sigmoid,0.0,0.0,0.0,adam,random,7,53.63537931442261,1848.671011647341,3.7921816876189745,153.15229749187495,1.721612638068417,0.0009258256073288512,1.0,1.0,4.517420609732676,0.0017389039374262922,0.977294921875,0.0,0.9979486984629895,600
64,64,sobel_x,checkerboard,12.0,0.0,sigmoid,0.0,0.0,0.0,adam,random,0,52.26098656654358,1845.3606364610632,4.353308094335615,157.01767571611813,1.1848295799251403,0.001062819358968656,0.99951171875,0.9990234375,4.491599537887235,-0.0003120110647034488,0.900146484375,0.002685546875,0.997640944535002,600
64,64,sobel_x,checkerboard,12.0,0.0,sigmoid,0.0,0.0,0.0,adam,random,1,52.91470408439636,1754.4392991359,2.3718198960296526,152.70182565142466,1.2211768772247873,0.0005790575918041144,1.0,1.0,4.503606670010122,0.0030063564862753025,0.90576171875,0.00048828125,0.9986481037575949,600
64,64,sobel_x,checkerboard,12.0,0.0,sigmoid,0.0,0.0,0.0,adam,random,2,53.87048125267029,1843.732030909455,4.368310939168635,157.0857651697492,1.2420720556309368,0.0010664821628829676,0.99951171875,0.9990234375,4.50901365392712,0.007013925133282485,0.896240234375,0.003173828125,0.9976307235184205,600
64,64,sobel_x,checkerboard,12.0,0.0,sigmoid,0.0,0.0,0.0,adam,random,3,53.2380633354187,1830.6151734820583,9.73260898365819,155.3701284959063,4.134160392045026,0.0023761252401509254,0.998291015625,0.9965853658536585,4.501046095395206,0.005078045819546364,0.901123046875,0.0068359375,0.9946834216581164,600
64,64,sobel_x,checkerboard,12.0,0.0,sigmoid,0.0,0.0,0.0,adam,random,4,52.37346267700195,1813.4943934728472,9.331361850928594,146.19314806320685,1.1835433800461042,0.002278164514386864,0.998291015625,0.9965853658536585,4.467129358881325,-0.0018200923509986305,0.89306640625,0.005126953125,0.9948544854152767,600
64,64,sobel_x,checkerboard,12.0,0.0,sigmoid,0.0,0.0,0.0,adam,random,5,51.59231495857239,1818.307802910891,7.342003492519534,153.97051837824617,1.1818162704213417,0.0017924813214159018,0.998779296875,0.99755859375,4.478661823840041,-0.0005287793889131275,0.89794921875,0.0048828125,0.9959621778662744,600
64,64,sobel_x,checkerboard,12.0,0.0,sigmoid,0.0,0.0,0.0,adam,random,6,53.191478967666626,1767.4365596562939,2.3596323928551923,155.37604945096413,1.1843166321097627,0.0005760821271619122,1.0,1.0,4.481522356669442,0.0011952085300201275,0.906494140625,0.001708984375,0.9986649408263264,600
64,64,sobel_x,checkerboard,12.0,0.0,sigmoid,0.0,0.0,0.0,adam,random,7,53.256295680999756,1870.106166147855,2.3614394206770397,159.40585455825718,1.1846211401288083,0.0005765232960637304,1.0,1.0,4.491755492596967,-0.00022198926181861252,0.8974609375,0.0009765625,0.9987372698601699,600
64,64,sobel_x,checkerboard,13.0,0.0,sigmoid,0.0,0.0,0.0,adam,random,0,52.84618067741394,1864.308172839763,10.495485920255309,162.91490287642708,1.579415345892542,0.0025623744922498312,0.997802734375,0.99560546875,4.464958185254539,-0.0024071880647142424,0.82373046875,0.032470703125,0.9943703052568459,600
64,64,sobel_x,checkerboard,13.0,0.0,sigmoid,0.0,0.0,0.0,adam,random,1,53.181140422821045,1771.3750148138158,9.920172148454373,158.88376587557764,6.538236779858359,0.0024219170284312435,0.997802734375,0.9956161714564052,4.480558458710235,0.0024101872706719075,0.82666015625,0.028564453125,0.9943997335033559,600
64,64,sobel_x,checkerboard,13.0,0.0,sigmoid,0.0,0.0,0.0,adam,random,2,52.19212341308594,1862.1264113873267,8.44027988879349,163.22920327162507,0.8030026117917736,0.0020606152072249733,0.998291015625,0.9965870307167235,4.487124656687888,0.0062116128490218355,0.818603515625,0.0302734375,0.9954673969301014,600
64,64,sobel_x,checkerboard,13.0,0.0,sigmoid,0.0,0.0,0.0,adam,random,3,52.75869703292847,1849.0551084622864,14.477943531281252,161.43811822719456,1.1891331820514865,0.003534654182441712,0.996826171875,0.9936616284739151,4.482352341583834,0.0054075167046665484,0.8193359375,0.031005859375,0.9921700854317309,600
64,64,sobel_x,checkerboard,13.0,0.0,sigmoid,0.0,0.0,0.0,adam,random,4,53.675726890563965,1831.4025061760474,18.412604409679467,151.17711981399736,1.5280225018315066,0.004495264748456901,0.995849609375,0.9917475728155339,4.447194984829419,-0.0016854045150020175,0.810546875,0.0400390625,0.9899461727568972,600
64,64,sobel_x,checkerboard,13.0,0.0,sigmoid,0.0,0.0,0.0,adam,random,5,53.538724184036255,1835.9747818918104,13.4539925525881,159.89634739292785,1.024786429739329,0.003284666150534204,0.9970703125,0.9941463414634146,4.454850998002606,-0.001731301378523366,0.809814453125,0.03125,0.9926720166936471,600
64,64,sobel_x,checkerboard,13.0,0.0,sigmoid,0.0,0.0,0.0,adam,random,6,52.56010389328003,1784.6789899358753,1.4638938742229373,161.01629570403776,0.8037423505781413,0.0003573959653864593,1.0,1.0,4.462834893597366,0.0003188971919100642,0.8310546875,0.025146484375,0.9991797438741207,600
64,64,sobel_x,checkerboard,13.0,0.0,sigmoid,0.0,0.0,0.0,adam,random,7,52.468695878982544,1888.5476611847648,7.96962080128613,165.3389989108995,6.574896860628359,0.0019457082034389965,0.998291015625,0.9965936739659368,4.471197820572119,-0.0006548082670011435,0.81640625,0.032958984375,0.9957800266495332,600
64,64,sobel_x,checkerboard,14.0,0.0,sigmoid,0.0,0.0,0.0,adam,random,0,52.37045216560364,1880.7495632839643,25.233834494887816,168.58183301990104,5.54586840470069,0.006160604124728471,0.994140625,0.988309790550414,4.4595422346713764,0.002021897112942645,0.7470703125,0.07763671875,0.9865830969803193,600
64,64,sobel_x,checkerboard,14.0,0.0,sigmoid,0.0,0.0,0.0,adam,random,1,52.89207744598389,1786.06154077352,14.881548964400446,164.8694428474102,0.5318733084903766,0.0036331906651368277,0.99658203125,0.9931807111544082,4.4659973352027755,0.0032918898949858113,0.7548828125,0.070556640625,0.9916679528534299,600
64,64,sobel_x,checkerboard,14.0,0.0,sigmoid,0.0,0.0,0.0,adam,random,2,54.5862250328064,1878.188564246487,11.882294010526879,169.17292431009002,0.5334406782586714,0.0029009506861637888,0.997314453125,0.9946367625548513,4.466993477905886,0.005148336219857626,0.748046875,0.06982421875,0.9936735351089234,600
64,64,sobel_x,checkerboard,14.0,0.0,sigmoid,0.0,0.0,0.0,adam,random,3,53.614319801330566,1865.1370002132785,18.922543365554425,167.2603562008771,0.8159357882416338,0.004619761563856061,0.99560546875,0.991236611489776,4.4754147534769775,0.0069365196789547955,0.744384765625,0.072265625,0.9898546094129328,600
64,64,sobel_x,checkerboard,14.0,0.0,sigmoid,0.0,0.0,0.0,adam,random,4,52.96021318435669,1846.906656908027,35.857271639148806,155.95791997024963,0.5259666316219579,0.008754216708776564,0.991455078125,0.9830999517141478,4.426469957825857,-0.001370740795269363,0.73876953125,0.09033203125,0.9805852280054159,600
64,64,sobel_x,checkerboard,14.0,0.0,sigmoid,0.0,0.0,0.0,adam,random,5,52.915616035461426,1851.3094435786606,17.448291264862213,165.60595435459732,6.450229239535995,0.004259836734585501,0.995849609375,0.9917234664070107,4.435771821770133,-0.0025890158962259334,0.73681640625,0.073974609375,0.9905751621775698,600
64,64,sobel_x,checkerboard,14.0,0.0,sigmoid,0.0,0.0,0.0,adam,random,6,53.33045411109924,1799.6326846835555,0.9808586895597936,166.3771080956483,1.4279596684657998,0.00023946745350580899,1.0,1.0,4.449862580180256,0.0008557174517479786,0.7529296875,0.06005859375,0.9994549672842088,600
64,64,sobel_x,checkerboard,14.0,0.0,sigmoid,0.0,0.0,0.0,adam,random,7,54.585570335388184,1904.5668140223945,15.023887716677418,170.98290261884304,2.4709909284235927,0.0036679413370794478,0.99658203125,0.9932104752667313,4.449846808350882,-0.0011899618862217364,0.7431640625,0.074951171875,0.9921116510032287,600
64,64,sobel_x,checkerboard,15.0,0.0,sigmoid,0.0,0.0,0.0,adam,random,0,54.39091181755066,1895.1338051747325,28.547525935201257,174.05485781063646,0.3595863266187369,0.006969610824023744,0.9931640625,0.9863746958637469,4.434473536943544,-1.2998575966853275e-05,0.68017578125,0.1201171875,0.9849364061486048,600
64,64,sobel_x,checkerboard,15.0,0.0,sigmoid,0.0,0.0,0.0,adam,random,1,53.54851007461548,1798.909599208483,16.545188225129834,170.67870942190544,0.36270212111252387,0.0040393525940258385,0.99609375,0.9922065270336093,4.455204759140934,0.003793624687496097,0.699462890625,0.115478515625,0.990802657213898,600
64,64,sobel_x,checkerboard,15.0,0.0,sigmoid,0.0,0.0,0.0,adam,random,2,52.11460089683533,1892.3405522051974,13.566624768513142,174.93780896078192,0.5324529393721344,0.003312164250125279,0.996826171875,0.9936616284739151,4.446536327665016,0.0033049712545700806,0.691650390625,0.111572265625,0.9928307699411169,600
64,64,sobel_x,checkerboard,15.0,0.0,sigmoid,0.0,0.0,0.0,adam,random,3,52.24370741844177,1879.2805118911415,36.52907117301924,172.8547968511998,0.40550784089788594,0.0089182302668504,0.9912109375,0.9825750242013552,4.458116290679576,0.00591707644147105,0.678466796875,0.125,0.980562204023358,600
64,64,sobel_x,checkerboard,15.0,0.0,sigmoid,0.0,0.0,0.0,adam,random,4,53.256991386413574,1860.4412600550518,37.541085099595826,160.5705490602544,0.369508746254641,0.009165303979393512,0.990966796875,0.9821514712976362,4.408802867987617,-0.0025900727580435074,0.683349609375,0.1357421875,0.9798214080145239,600
64,64,sobel_x,checkerboard,15.0,0.0,sigmoid,0.0,0.0,0.0,adam,random,5,53.818228244781494,1864.7377720736158,22.54310189354836,171.13014239878638,0.44751197226939576,0.00550368698572958,0.99462890625,0.9893152015541525,4.43572799612954,1.1303791326076733e-05,0.67626953125,0.118896484375,0.9879108461086836,600
64,64,sobel_x,checkerboard,15.0,0.0,sigmoid,0.0,0.0,0.0,adam,random,6,53.13412690162659,1812.7104411363187,18.547487752469245,171.48335685947495,0.3589437666475583,0.004528195252067687,0.99560546875,0.9912280701754386,4.4371027974152195,0.0012067033799188392,0.68359375,0.10595703125,0.9897680912893939,600
64,64,sobel_x,checkerboard,15.0,0.0,sigmoid,0.0,0.0,0.0,adam,random,7,51.71177077293396,1918.6010520070922,34.54188494582358,176.36453493360014,0.36064523647112046,0.00843307737935146,0.99169921875,0.9836065573770492,4.4243039071467685,-0.0022469091853821034,0.673583984375,0.125244140625,0.981996317103189,600
64,64,sobel_x,checkerboard,16.0,0.0,sigmoid,0.0,0.0,0.0,adam,random,0,40.42289876937866,1907.811967803077,44.33530173716129,179.36172872736083,0.2646978189537328,0.010824048275674143,0.9892578125,0.9786821705426356,4.416117523533776,-0.000751005001224529,0.619384765625,0.17041015625,0.9767611785200115,600
64,64,sobel_x,checkerboard,16.0,0.0,sigmoid,0.0,0.0,0.0,adam,random,1,41.099369287490845,1810.2395470554106,34.31697328469953,176.32489495015892,0.6166364585717792,0.008378167305834846,0.99169921875,0.9835191468734852,4.4440621080781995,0.004794815494960871,0.64111328125,0.160888671875,0.9810428551621687,600
64,64,sobel_x,checkerboard,16.0,0.0,sigmoid,0.0,0.0,0.0,adam,random,2,40.93496608734131,1904.9081169587762,22.526522550421344,180.53891404880463,3.641925238455979,0.005499639294536461,0.99462890625,0.9892839746712129,4.429317926670829,0.002356273320900914,0.638671875,0.161865234375,0.9881744834042782,600
64,64,sobel_x,checkerboard,16.0,0.0,sigmoid,0.0,0.0,0.0,adam,random,3,39.59268832206726,1891.8131101983604,54.36733693543317,178.23718005225282,1.3916985964275352,0.01327327561900224,0.98681640625,0.974000962927299,4.430774409242822,0.002729013176166156,0.6162109375,0.1787109375,0.9712617823386726,600
64,64,sobel_x,checkerboard,16.0,0.0,sigmoid,0.0,0.0,0.0,adam,random,4,40.795843839645386,1872.3445963760846,52.402064247640524,165.0432515134544,1.9037279640365712,0.012793472716709112,0.9873046875,0.974987974987975,4.3828342117266725,-0.006111084974681035,0.626220703125,0.177978515625,0.9720125962127567,600
64,64,sobel_x,checkerboard,16.0,0.0,sigmoid,0.0,0.0,0.0,adam,random,5,39.85822415351868,1876.5905919866887,32.27956374642588,176.49336676697948,1.3591808954872193,0.007880752867779756,0.9921875,0.9845261121856866,4.424519523605065,0.0007838792181373305,0.61962890625,0.1650390625,0.9827988246960928,600
64,64,sobel_x,checkerboard,16.0,0.0,sigmoid,0.0,0.0,0.0,adam,random,6,40.9550986289978,1824.2338931092381,27.397857758370233,176.3556558886489,1.8101563363214757,0.0066889301167896075,0.993408203125,0.9868868382710053,4.404137942709127,-0.0018353792425385017,0.63330078125,0.1611328125,0.9849811705276054,600
64,64,sobel_x,checkerboard,16.0,0.0,sigmoid,0.0,0.0,0.0,adam,random,7,39.652753591537476,1930.9899452319532,47.370993764298454,181.5082155191673,1.0697623389294857,0.011565184024486927,0.988525390625,0.9773603082851637,4.418608930619355,-0.0006690060413376098,0.6162109375,0.177490234375,0.9754680267076128,600
64,64,sobel_x,checkerboard,17.0,0.0,sigmoid,0.0,0.0,0.0,adam,random,0,39.465102672576904,1919.0618104291862,70.19810073822998,184.52359117862574,1.0192436027430567,0.01713820818804443,0.98291015625,0.9663137632338787,4.409612169430385,-0.0007965943277134863,0.571533203125,0.22216796875,0.9634206150334831,600
64,64,sobel_x,checkerboard,17.0,0.0,sigmoid,0.0,0.0,0.0,adam,random,1,40.12720251083374,1820.3039821821408,42.21361568872766,181.8173175659318,0.165907673589686,0.010306058517755776,0.98974609375,0.9797003383276945,4.4227603573716054,0.0023641963596579526,0.598876953125,0.208984375,0.9768095790033251,600
64,64,sobel_x,checkerboard,17.0,0.0,sigmoid,0.0,0.0,0.0,adam,random,2,40.57638359069824,1916.146434802577,43.25501031388553,185.98759233366275,2.155777194157408,0.010560305252413459,0.989501953125,0.9791868344627299,4.428566425393494,0.002435625403558289,0.585693359375,0.21044921875,0.977426041387937,600
64,64,sobel_x,checkerboard,17.0,0.0,sigmoid,0.0,0.0,0.0,adam,random,3,40.77628970146179,1902.9933898338354,76.2464461717727,183.42214250241926,1.272198186154117,0.018614855022405445,0.9814453125,0.9637404580152672,4.416689729774358,0.0015211458107601049,0.563720703125,0.22607421875,0.9599334151242478,600
64,64,sobel_x,checkerboard,17.0,0.0,sigmoid,0.0,0.0,0.0,adam,random,4,39.46798038482666,1882.8833903480008,69.25606091524088,169.3987762998799,1.094574832985675,0.01690821799688498,0.983154296875,0.9670014347202296,4.372739055485152,-0.006718679123229503,0.58203125,0.2255859375,0.9632180828243215,600
64,64,sobel_x,checkerboard,17.0,0.0,sigmoid,0.0,0.0,0.0,adam,random,5,39.756948471069336,1887.1281065557723,41.758584420481114,181.71474422406718,11.763349294986151,0.010194966899531522,0.989990234375,0.9802123552123552,4.409165146851528,-0.0004325406050800528,0.578125,0.21240234375,0.9778718867704772,600
64,64,sobel_x,checkerboard,17.0,0.0,sigmoid,0.0,0.0,0.0,adam,random,6,40.53708791732788,1834.4567993574974,37.27896317582245,181.0120804811821,2.219174709387863,0.009101309369097277,0.990966796875,0.9820996613449444,4.379407755275462,-0.005207360544521381,0.590576171875,0.20849609375,0.9796784731104712,600
64,64,sobel_x,checkerboard,17.0,0.0,sigmoid,0.0,0.0,0.0,adam,random,7,39.383400440216064,1942.0005535458351,68.31003474336211,186.43627410477552,1.5292356903325817,0.01667725457601614,0.9833984375,0.9673704414587332,4.4085040772510515,-0.0006976960645477504,0.56494140625,0.2275390625,0.9648249148958082,600
64,64,sobel_x,checkerboard,18.0,0.0,sigmoid,0.0,0.0,0.0,adam,random,0,40.52536082267761,1929.1054966665386,96.14126490282433,189.55650494467545,0.1330397533435417,0.023471988501666097,0.9765625,0.9539568345323741,4.412181345469623,0.0013352327163746991,0.52783203125,0.2705078125,0.9501627748876592,600
64,64,sobel_x,checkerboard,18.0,0.0,sigmoid,0.0,0.0,0.0,adam,random,1,40.413758277893066,1829.3040985206185,53.13444959981596,187.16296466398273,0.44445180548397206,0.012972277734330068,0.987060546875,0.9745192307692307,4.410545716044218,0.0001246264304425383,0.559326171875,0.25244140625,0.9709537360995438,600
64,64,sobel_x,checkerboard,18.0,0.0,sigmoid,0.0,0.0,0.0,adam,random,2,40.55470156669617,1926.2581655732547,75.15791221385669,191.29286048769833,1.2446606984271518,0.018349099661586106,0.981689453125,0.9640115163147792,4.4137270008592475,-0.00011053475767574672,0.54443359375,0.259033203125,0.9609824303112092,600
64,64,sobel_x,checkerboard,18.0,0.0,sigmoid,0.0,0.0,0.0,adam,random,3,40.014519453048706,1913.027857835867,83.16431218624042,188.4237026492116,0.9520320254454193,0.020303787154843853,0.979736328125,0.9605513307984791,4.414934201857218,0.0011253162612482076,0.52685546875,0.263916015625,0.9565273909391361,600
64,64,sobel_x,checkerboard,18.0,0.0,sigmoid,0.0,0.0,0.0,adam,random,4,39.50728225708008,1892.2704176505858,86.16883182769955,173.65525108158496,0.6782438779781016,0.02103731245793446,0.97900390625,0.9590085795996187,4.355732160428417,-0.008846552931047883,0.5439453125,0.266357421875,0.954462728464209,600
64,64,sobel_x,checkerboard,18.0,0.0,sigmoid,0.0,0.0,0.0,adam,random,5,40.750014305114746,1896.557389364249,54.378025011278936,186.80899381510625,5.733823387896646,0.013275885012519271,0.98681640625,0.9739382239382239,4.420529358717981,0.00411689635594126,0.541748046875,0.261962890625,0.971328036095176,600
64,64,sobel_x,checkerboard,18.0,0.0,sigmoid,0.0,0.0,0.0,adam,random,6,39.971468925476074,1843.5817016486799,44.154840719415226,185.4690669540276,0.3891089288517983,0.010779990410013483,0.9892578125,0.9787542250120714,4.373783505638718,-0.006862472295017195,0.55224609375,0.248779296875,0.9760494255937079,600
64,64,sobel_x,checkerboard,18.0,0.0,sigmoid,0.0,0.0,0.0,adam,random,7,39.63487219810486,1951.8454963993493,106.1424284476247,191.1693143275158,0.1817553263493363,0.025913678820220873,0.97412109375,0.9496915045087803,4.423973123947057,0.0025471204007924374,0.523681640625,0.28369140625,0.9456194516197978,600
64,64,sobel_x,checkerboard,19.0,0.0,sigmoid,0.0,0.0,0.0,adam,random,0,39.44116425514221,1938.1225164228913,105.11590809047723,194.47261568458586,0.21749831822328716,0.02566306349865167,0.974365234375,0.9497847919655668,4.417914245173032,0.002183152087753708,0.4970703125,0.310546875,0.9457640540266334,600
64,64,sobel_x,checkerboard,19.0,0.0,sigmoid,0.0,0.0,0.0,adam,random,1,40.292399644851685,1837.4016698959604,62.1768223986778,192.36755864029828,3.423145033112566,0.015179888280927197,0.98486328125,0.9702637889688249,4.408220249070337,-0.0005774335567563207,0.52294921875,0.29052734375,0.9661604626699841,600
64,64,sobel_x,checkerboard,19.0,0.0,sigmoid,0.0,0.0,0.0,adam,random,2,38.94585132598877,1935.4062940531758,95.75176694738413,196.4622662416392,8.881385383318776,0.023376896227388703,0.9765625,0.9540669856459331,4.422496766688591,0.001603615686799769,0.505126953125,0.304443359375,0.9505262707672308,600
64,64,sobel_x,checkerboard,19.0,0.0,sigmoid,0.0,0.0,0.0,adam,random,3,39.34256029129028,1922.0831662204037,104.23767106109847,193.2553939273212,3.5737367737617673,0.025448650161400993,0.974609375,0.950734249171009,4.4094637812881485,0.0013625582420746254,0.487548828125,0.311279296875,0.945768386668683,600
64,64,sobel_x,checkerboard,19.0,0.0,sigmoid,0.0,0.0,0.0,adam,random,4,40.48226547241211,1900.6772742773412,97.3916234426554,177.82687888791583,8.476442101522377,0.02377725181705454,0.976318359375,0.9536992840095465,4.356071808643954,-0.00759133020456857,0.512939453125,0.306396484375,0.9487595160100577,600
64,64,sobel_x,checkerboard,19.0,0.0,sigmoid,0.0,0.0,0.0,adam,random,5,39.839502573013306,1905.0450181806114,87.560151492945,191.78731946321767,11.899741353485918,0.021376990110582274,0.978759765625,0.9583732057416268,4.404735589052913,0.0002342846141523351,0.49951171875,0.308349609375,0.9540377520440079,600
64,64,sobel_x,checkerboard,19.0,0.0,sigmoid,0.0,0.0,0.0,adam,random,6,39.17706227302551,1851.7719992802427,54.128460169159965,189.74184788784706,0.7029556014410038,0.01321495609598632,0.98681640625,0.973963355834137,4.3878238989308205,-0.003961344283975909,0.518310546875,0.292724609375,0.9707693710725732,600
64,64,sobel_x,checkerboard,19.0,0.0,sigmoid,0.0,0.0,0.0,adam,random,7,40.01635146141052,1960.6960022154121,116.10257355661443,195.72632434245406,0.11437614764269055,0.02834535487222032,0.9716796875,0.9451017510648367,4.435068286448141,0.004991486333807624,0.48583984375,0.32177734375,0.9407850205103551,600
64,64,sobel_x,checkerboard,20.0,0.0,sigmoid,0.0,0.0,0.0,adam,random,0,40.27486848831177,1946.2592354275516,125.99694808783745,199.2810772189056,5.726042758711958,0.03076097365425719,0.96923828125,0.9400570884871551,4.414295178482907,0.002180755150937358,0.4658203125,0.3583984375,0.9352619909032013,600
64,64,sobel_x,checkerboard,20.0,0.0,sigmoid,0.0,0.0,0.0,adam,random,1,39.55327248573303,1844.7279349725663,80.13867819726732,197.43619960348948,1.6825696937438603,0.019565106981754718,0.98046875,0.9618138424821002,4.425178512633475,0.004219189818093906,0.48876953125,0.328857421875,0.956557996071947,600
64,64,sobel_x,checkerboard,20.0,0.0,sigmoid,0.0,0.0,0.0,adam,random,2,40.50092434883118,1943.7234070133861,110.10108925833197,201.5024259138177,1.0630049941626427,0.026880148744709953,0.97314453125,0.9476190476190476,4.4064765830574455,-0.0025636739636798345,0.47314453125,0.341064453125,0.9433555778249813,600
64,64,sobel_x,checkerboard,20.0,0.0,sigmoid,0.0,0.0,0.0,adam,random,3,40.162964820861816,1930.2951355096159,128.06785892604404,197.9302250616206,0.3762479438440279,0.03126656712061622,0.96875,0.9398213446168312,4.4009906815707565,-0.0012441850748644214,0.457275390625,0.362060546875,0.9336537420780305,600
64,64,sobel_x,checkerboard,20.0,0.0,sigmoid,0.0,0.0,0.0,adam,random,4,39.687063694000244,1908.2437499010603,126.08784255805504,181.9245521303222,0.2579500203961104,0.030783164687025157,0.96923828125,0.9403973509933775,4.3630260353642685,-0.005478696455032737,0.47021484375,0.353759765625,0.9339246662987407,600
64,64,sobel_x,checkerboard,20.0,0.0,sigmoid,0.0,0.0,0.0,adam,random,5,39.901482343673706,1912.7263232550704,101.05714401531124,196.65821106160942,0.5739864817479952,0.024672154300613095,0.975341796875,0.9518129770992366,4.406478777316396,-0.0007470365653944282,0.469970703125,0.343505859375,0.9471659155904057,600
64,64,sobel_x,checkerboard,20.0,0.0,sigmoid,0.0,0.0,0.0,adam,random,6,40.0042986869812,1859.1608165069683,75.65361534629308,193.84464789923757,10.610547113962014,0.018470120934153584,0.9814453125,0.9635141622659625,4.396484949465154,-0.0015350050449842625,0.484130859375,0.33203125,0.9593076539293505,600
64,64,sobel_x,checkerboard,20.0,0.0,sigmoid,0.0,0.0,0.0,adam,random,7,40.149946451187134,1968.6914493915397,139.88785646144058,200.1247404943791,5.759840958322073,0.03415230870640639,0.9658203125,0.9340245051837889,4.443163077677475,0.005922784699526317,0.452880859375,0.362548828125,0.9289437374736018,600
64,64,sobel_x,checkerboard,22.0,0.0,sigmoid,0.0,0.0,0.0,adam,random,0,39.88279700279236,1960.3527382684338,151.14111920717335,208.60097855710325,3.5319108347792314,0.036899687306438805,0.963134765625,0.9285376242309512,4.426383400347645,0.0050480382292037735,0.412109375,0.424072265625,0.9229010594589854,600
64,64,sobel_x,checkerboard,22.0,0.0,sigmoid,0.0,0.0,0.0,adam,random,1,39.478224754333496,1857.4771640005872,101.05512507606257,207.18493241719452,0.2339903608884674,0.024671661395523087,0.975341796875,0.9520417853751187,4.428316469796087,0.005473617410777235,0.437744140625,0.388671875,0.9455954953123555,600
64,64,sobel_x,checkerboard,22.0,0.0,sigmoid,0.0,0.0,0.0,adam,random,2,39.82968306541443,1958.2820132893512,129.08155838362623,211.21862601586892,0.8279116259323481,0.0315140523397525,0.968505859375,0.9388915206063477,4.413904862737661,-2.402686043116582e-05,0.431396484375,0.41259765625,0.9340842853543825,600
64,64,sobel_x,checkerboard,22.0,0.0,sigmoid,0.0,0.0,0.0,adam,random,3,39.35066795349121,1944.6169208352958,181.5239252747063,206.85810752769325,11.835468179719804,0.04431736456902009,0.95556640625,0.9151910531220876,4.398667436859103,-0.002627288282275557,0.398193359375,0.43505859375,0.9066531184986635,600
64,64,sobel_x,checkerboard,22.0,0.0,sigmoid,0.0,0.0,0.0,adam,random,4,38.658589363098145,1921.295731456104,173.10118947170162,189.92838780485798,1.8188310184701917,0.04226103258586465,0.957763671875,0.919234360410831,4.400032989027479,0.0019095326718149314,0.421142578125,0.425537109375,0.909903932727466,600
64,64,sobel_x,checkerboard,22.0,0.0,sigmoid,0.0,0.0,0.0,adam,random,5,40.223146200180054,1926.0944981202088,136.12303254190562,206.10214248446064,3.4797710021014314,0.033233162241676176,0.966796875,0.9356365357311879,4.399803592991606,-0.003319546579374706,0.41357421875,0.413818359375,0.9293269189674981,600
64,64,sobel_x,checkerboard,22.0,0.0,sigmoid,0.0,0.0,0.0,adam,random,6,39.1227343082428,1871.953070340613,102.0484680850765,201.592642585427,0.10300309550381942,0.024914176778583128,0.97509765625,0.9511494252873564,4.380051820189074,-0.005752010913361097,0.4326171875,0.39306640625,0.9454855628049968,600
64,64,sobel_x,checkerboard,22.0,0.0,sigmoid,0.0,0.0,0.0,adam,random,7,39.6780800819397,1982.5560083685195,179.9654334178001,208.5081241824217,2.9414869024397134,0.043936873393017606,0.9560546875,0.9158878504672897,4.432544292955482,0.0020144385616551073,0.403076171875,0.427490234375,0.9092255489085038,600
64,64,sobel_x,checkerboard,25.0,0.0,sigmoid,0.0,0.0,0.0,adam,random,0,40.16443371772766,1977.3121440786035,237.02608987186142,221.9010727900665,0.5199370576483001,0.057867697722622416,0.942138671875,0.8898698884758365,4.414686155399684,-0.0019051561778360843,0.33349609375,0.513916015625,0.8801271258148714,600
64,64,sobel_x,checkerboard,25.0,0.0,sigmoid,0.0,0.0,0.0,adam,random,1,40.156996965408325,1872.9631382908224,168.0225946204535,220.90871763655701,0.06364092563549159,0.041021141264759156,0.958984375,0.9216783216783216,4.402080503631636,-0.0030652754936676477,0.36474609375,0.484375,0.9102904957468715,600
64,64,sobel_x,checkerboard,25.0,0.0,sigmoid,0.0,0.0,0.0,adam,random,2,39.9267954826355,1976.0835812027253,173.05452151634236,224.96215761185738,2.132028925356034,0.04224963904207577,0.957763671875,0.9188935771214253,4.39842374244758,-0.005029649070996305,0.35205078125,0.49462890625,0.9124255050937601,600
64,64,sobel_x,checkerboard,25.0,0.0,sigmoid,0.0,0.0,0.0,adam,random,3,39.44918608665466,1962.0245793990614,228.01912469784742,219.35813163508985,0.04721119188409219,0.055668731615685405,0.9443359375,0.8951241950321988,4.38935834168412,-0.004587227824357331,0.33984375,0.507568359375,0.8837837573025277,600
64,64,sobel_x,checkerboard,25.0,0.0,sigmoid,0.0,0.0,0.0,adam,random,4,39.99869513511658,1936.884389326443,222.02273308234396,201.52002835869098,0.07672805185457388,0.05420476881893163,0.94580078125,0.8979310344827586,4.435851083097549,0.008757879351203889,0.358154296875,0.5048828125,0.8853712001057775,600
64,64,sobel_x,checkerboard,25.0,0.0,sigmoid,0.0,0.0,0.0,adam,random,5,40.209959983825684,1942.3239339249808,196.02498549557302,219.58629663068925,0.225948323710143,0.04785766247450513,0.9521484375,0.9083255378858747,4.4086365248006665,-0.0023727405892701317,0.357421875,0.498779296875,0.8990770890108672,600
64,64,sobel_x,checkerboard,25.0,0.0,sigmoid,0.0,0.0,0.0,adam,random,6,40.0391845703125,1887.331680797814,134.0229915486533,212.2446351761129,0.06043766315195148,0.03272045692105793,0.96728515625,0.9363117870722434,4.401170756639189,-0.0001336033928411171,0.3642578125,0.477783203125,0.9289881090259667,600
64,64,sobel_x,checkerboard,25.0,0.0,sigmoid,0.0,0.0,0.0,adam,random,7,39.44010925292969,1999.248140318934,230.17250092915023,220.24717409991038,5.969341175953547,0.05619445823465582,0.94384765625,0.8938134810710988,4.470747035976337,0.011167536284829794,0.33642578125,0.516357421875,0.8848704689091613,600
64,64,sobel_x,checkerboard,28.0,0.0,sigmoid,0.0,0.0,0.0,adam,random,0,39.92351770401001,1990.6574002068776,284.98557960521595,234.45226597058954,1.3394009889476588,0.06957655752080467,0.930419921875,0.8690257352941176,4.405431721488833,-0.00640027329839521,0.28857421875,0.5859375,0.8568384597090394,600
64,64,sobel_x,checkerboard,28.0,0.0,sigmoid,0.0,0.0,0.0,adam,random,1,39.7335467338562,1885.309107820508,206.01371263611816,233.66944010237103,0.03321366413169205,0.050296316561552284,0.94970703125,0.9048498845265589,4.3945402849257285,-0.00494139306297723,0.315673828125,0.552001953125,0.8907268246986414,600
64,64,sobel_x,checkerboard,28.0,0.0,sigmoid,0.0,0.0,0.0,adam,random,2,39.62526774406433,1990.3264334608002,218.16668396741966,237.8231273306097,9.057931297184162,0.053263350577983315,0.94677734375,0.899260628465804,4.403563609776299,-0.004938624692472293,0.303955078125,0.56689453125,0.890386481182351,600
64,64,sobel_x,checkerboard,28.0,0.0,sigmoid,0.0,0.0,0.0,adam,random,3,39.77857780456543,1975.8544029233658,278.06069254984686,231.00439572666198,2.1065608067184787,0.06788591126705246,0.93212890625,0.8733485193621868,4.405337865449277,-0.0010552848593903118,0.299072265625,0.580322265625,0.8592706567151691,600
64,64,sobel_x,checkerboard,28.0,0.0,sigmoid,0.0,0.0,0.0,adam,random,4,39.98126816749573,1949.0307396768574,267.025468797595,212.65779590012252,0.8572019393918311,0.06519176484316284,0.934814453125,0.8786363636363637,4.438467464623387,0.007798387592717767,0.307861328125,0.564208984375,0.8629957632982911,600
64,64,sobel_x,checkerboard,28.0,0.0,sigmoid,0.0,0.0,0.0,adam,random,5,40.068994760513306,1955.2451472925493,236.17187770021093,232.32765526194342,4.293506275175468,0.05765914982915306,0.9423828125,0.8908418131359852,4.431009357718851,-0.0016829248717555592,0.30517578125,0.556396484375,0.8792111168120065,600
64,64,sobel_x,checkerboard,28.0,0.0,sigmoid,0.0,0.0,0.0,adam,random,6,39.68520665168762,1899.414737818229,198.00241881169606,221.96920005636713,1.0478038416021227,0.04834043428019923,0.95166015625,0.9075198505371321,4.4004514021436005,-0.0002494905353411206,0.304443359375,0.555419921875,0.8957560900895544,600
64,64,sobel_x,checkerboard,28.0,0.0,sigmoid,0.0,0.0,0.0,adam,random,7,39.66435694694519,2012.3626282747168,277.008924337238,231.2327419384354,0.19632485538744515,0.067629131918271,0.932373046875,0.8738041002277904,4.505592349481348,0.015096290545927786,0.288330078125,0.578369140625,0.8623464178646919,600
64,64,sobel_x,checkerboard,30.0,0.0,sigmoid,0.0,0.0,0.0,adam,random,0,39.82695245742798,1998.0736429284643,314.0062250490479,242.4351411413594,0.1185203858453114,0.0766616760373652,0.92333984375,0.8570127504553734,4.405251633400323,-0.007497083704249925,0.260986328125,0.6171875,0.8428455196532063,600
64,64,sobel_x,checkerboard,30.0,0.0,sigmoid,0.0,0.0,0.0,adam,random,1,39.8652081489563,1892.250977694161,223.0453951209178,241.70443585288524,2.8754880518320816,0.05445444216819282,0.945556640625,0.8975183823529411,4.409445007043566,-0.0010861915919852239,0.29638671875,0.589111328125,0.8821269494637999,600
64,64,sobel_x,checkerboard,30.0,0.0,sigmoid,0.0,0.0,0.0,adam,random,2,39.45085048675537,1998.3341744450208,255.06289224197187,245.96369815113312,4.829516011655319,0.06227121392626266,0.937744140625,0.8829201101928374,4.442015754296396,0.0038024647789769157,0.273193359375,0.6015625,0.8723622427601189,600
64,64,sobel_x,checkerboard,30.0,0.0,sigmoid,0.0,0.0,0.0,adam,random,3,39.91290616989136,1983.5847246104115,331.4507381096578,238.38990308018353,15.51586883889868,0.08092059035880317,0.9189453125,0.8504504504504504,4.402221818822256,-0.0043124999191284,0.268310546875,0.61962890625,0.8329031606276577,600
64,64,sobel_x,checkerboard,30.0,0.0,sigmoid,0.0,0.0,0.0,adam,random,4,38.91733431816101,1955.7234045400746,293.85636565363274,219.83679800070894,7.2315045229867145,0.07174227677090643,0.92822265625,0.8668478260869565,4.4285286889406485,0.00324428377634994,0.289306640625,0.59423828125,0.8497454369204429,600
64,64,sobel_x,checkerboard,30.0,0.0,sigmoid,0.0,0.0,0.0,adam,random,5,39.62325191497803,1962.499565403335,259.0084381929315,240.44722914145322,0.031551941108773476,0.06323448198069617,0.936767578125,0.8806451612903226,4.433747726391846,-9.650219091163916e-05,0.2744140625,0.602294921875,0.8680211487640764,600
64,64,sobel_x,checkerboard,30.0,0.0,sigmoid,0.0,0.0,0.0,adam,random,6,39.28670120239258,1906.1193040871665,233.0132287811178,228.0453049512353,0.10034407262335235,0.056887995307890085,0.943115234375,0.8921296296296296,4.3765659417795755,-0.0072396489022251,0.290283203125,0.59326171875,0.8777551707904732,600
64,64,sobel_x,checkerboard,30.0,0.0,sigmoid,0.0,0.0,0.0,adam,random,7,39.705883741378784,2019.6302428075328,289.0096439899948,238.24133492038044,0.0287406011264209,0.07055899511474482,0.929443359375,0.868755676657584,4.517809149294748,0.018211148783807685,0.262451171875,0.61376953125,0.8568997245811509,600
64,64,sobel_x,checkerboard,35.0,0.0,sigmoid,0.0,0.0,0.0,adam,random,0,39.58518052101135,2012.898525600066,358.00559840153875,261.2001443486873,0.1377488953481182,0.08740371054725067,0.91259765625,0.8381555153707052,4.38638943337163,-0.01376686440760679,0.2216796875,0.68017578125,0.8221442393402253,600
64,64,sobel_x,checkerboard,35.0,0.0,sigmoid,0.0,0.0,0.0,adam,random,1,39.79991269111633,1906.350292518519,296.0070203653153,260.386903592181,0.1000117046712969,0.07226733895637581,0.927734375,0.8658812868146806,4.46201619530448,0.007934577611701346,0.23193359375,0.664306640625,0.8447257980199147,600
64,64,sobel_x,checkerboard,35.0,0.0,sigmoid,0.0,0.0,0.0,adam,random,2,39.73209857940674,2014.5379842447796,303.0163174651002,265.01397514884036,1.1328724029409725,0.07397859313112798,0.926025390625,0.8623978201634878,4.468613596153102,0.007194680852446959,0.220703125,0.673583984375,0.8495852052257548,600
64,64,sobel_x,checkerboard,35.0,0.0,sigmoid,0.0,0.0,0.0,adam,random,3,39.61489677429199,1999.1062414289254,385.06703554535517,255.8397604575899,4.7595439877125925,0.09401050672494023,0.906005859375,0.8282016956715752,4.424233662468833,-0.005819491413545387,0.214599609375,0.685791015625,0.807380404520114,600
64,64,sobel_x,checkerboard,35.0,0.0,sigmoid,0.0,0.0,0.0,adam,random,4,39.44832968711853,1968.9553688440894,343.9853271129389,236.92854973164745,1.146738977074472,0.08398079275218234,0.916015625,0.8456014362657092,4.471536872771677,0.0074868069298074805,0.232666015625,0.6630859375,0.8252955183464206,600
64,64,sobel_x,checkerboard,35.0,0.0,sigmoid,0.0,0.0,0.0,adam,random,5,39.77940273284912,1977.1998418525095,339.0394345984454,259.6049005442388,1.998418879990005,0.08277329946251108,0.917236328125,0.8461887477313974,4.454059895764194,0.0014932260699981926,0.22021484375,0.67578125,0.8285254593785587,600
64,64,sobel_x,checkerboard,35.0,0.0,sigmoid,0.0,0.0,0.0,adam,random,6,39.773518562316895,1919.4888977637495,280.01312678369385,242.17269855686763,0.6607333256665361,0.06836257978117526,0.931640625,0.8715596330275229,4.407723638644301,-0.005370918401864594,0.2392578125,0.66064453125,0.8541209969435531,600
64,64,sobel_x,checkerboard,35.0,0.0,sigmoid,0.0,0.0,0.0,adam,random,7,39.17069697380066,2034.0821453347905,330.8526597726127,254.95656790761333,10.773787606928328,0.08077457513979802,0.919189453125,0.8511690647482014,4.533937886846734,0.015614399710644766,0.22705078125,0.671875,0.8373454776487615,600
64,64,sobel_x,checkerboard,40.0,0.0,sigmoid,0.0,0.0,0.0,adam,random,0,39.391972064971924,2023.997283340559,404.0098861140144,278.5623917364961,1.0062965328924294,0.0986352261020543,0.9013671875,0.8198840838163174,4.4305160863196305,-0.003797515495195754,0.18701171875,0.731689453125,0.8003901045523115,600
64,64,sobel_x,checkerboard,40.0,0.0,sigmoid,0.0,0.0,0.0,adam,random,1,39.72861695289612,1917.1470389378533,359.04266291033343,277.4125032145822,4.109447755646849,0.08765690012459312,0.912353515625,0.8406569019085663,4.424327315326348,-0.0018142657168960903,0.196044921875,0.712158203125,0.8127203309824101,600
64,64,sobel_x,checkerboard,40.0,0.0,sigmoid,0.0,0.0,0.0,adam,random,2,39.45300364494324,2026.8303777733208,371.0048113380343,282.5185389372402,0.19049405206314457,0.09057734651807478,0.909423828125,0.832807570977918,4.431112452976835,-0.004619191016148205,0.185302734375,0.725830078125,0.8169532017052059,600
64,64,sobel_x,checkerboard,40.0,0.0,sigmoid,0.0,0.0,0.0,adam,random,3,39.13675403594971,2010.747956288003,437.19025231871154,272.2294379460852,14.466693508891202,0.10673590144499794,0.893310546875,0.8072342302602559,4.476637642785301,0.002620144450764671,0.181884765625,0.734619140625,0.7825733200665295,600
64,64,sobel_x,checkerboard,40.0,0.0,sigmoid,0.0,0.0,0.0,adam,random,4,39.49720501899719,1978.719791007578,381.9803498899332,252.83914714600817,1.6186618082478954,0.09325692135984698,0.90673828125,0.8297682709447415,4.489945274414232,0.008428802897924493,0.194580078125,0.720458984375,0.8069558147516045,600
64,64,sobel_x,checkerboard,40.0,0.0,sigmoid,0.0,0.0,0.0,adam,random,5,39.333221197128296,1988.4164599192975,369.9465266101304,277.41755011232897,20.254219295351945,0.09031897622317636,0.90966796875,0.8331830477908025,4.461032854032977,-0.0013219143897800103,0.192626953125,0.723876953125,0.8139491730896529,600
64,64,sobel_x,checkerboard,40.0,0.0,sigmoid,0.0,0.0,0.0,adam,random,6,39.53598403930664,1929.4545341425978,324.00564278512473,255.2210667659165,0.3397260707582603,0.0791029401330871,0.9208984375,0.8531943815133666,4.440204076944959,0.0002139081376581447,0.19580078125,0.709228515625,0.8320739685482639,600
64,64,sobel_x,checkerboard,40.0,0.0,sigmoid,0.0,0.0,0.0,adam,random,7,39.637897968292236,2044.8092346616475,408.02074135253173,270.81556828212325,5.836127930006699,0.09961443880677044,0.900390625,0.8204225352112676,4.543826541034351,0.01566110058732484,0.188720703125,0.724365234375,0.8004602412605758,600
64,64,sobel_x,checkerboard,50.0,0.0,sigmoid,0.0,0.0,0.0,adam,random,0,39.64259624481201,2039.4688595403582,492.9830474124935,310.480795281843,1.5198054922877537,0.12035718930969079,0.879638671875,0.7839614373356705,4.422228113224353,-0.010290767723394063,0.133544921875,0.802978515625,0.7582787081516906,600
64,64,sobel_x,checkerboard,50.0,0.0,sigmoid,0.0,0.0,0.0,adam,random,1,39.57510042190552,1932.634305211599,459.00358392673076,307.76738854653877,0.17644073452398443,0.112061421857112,0.887939453125,0.8003479773814702,4.411722294389463,-0.006739120722838037,0.140869140625,0.78759765625,0.762498480602891,600
64,64,sobel_x,checkerboard,50.0,0.0,sigmoid,0.0,0.0,0.0,adam,random,2,39.32015013694763,2044.1579577269856,457.00157617808605,314.09766942784756,0.08022788805757329,0.11157265043410304,0.888427734375,0.7972493345164152,4.446988122779692,-0.006130511219565432,0.141845703125,0.791748046875,0.7764352923654433,600
64,64,sobel_x,checkerboard,50.0,0.0,sigmoid,0.0,0.0,0.0,adam,random,3,38.93790030479431,2026.903121324964,479.00117486200065,303.0746844847763,0.07138013585097971,0.11694364620654313,0.883056640625,0.7911944202266783,4.464481532821799,-0.000391939977759419,0.1357421875,0.799072265625,0.7636783081428762,600
64,64,sobel_x,checkerboard,50.0,0.0,sigmoid,0.0,0.0,0.0,adam,random,4,39.05184292793274,1992.1351245502794,432.00156603066233,281.5978924737798,0.05149522157340495,0.10546913233170467,0.89453125,0.8096077567210225,4.492480496307932,0.006957738199024497,0.142578125,0.793212890625,0.7831464539192913,600
64,64,sobel_x,checkerboard,50.0,0.0,sigmoid,0.0,0.0,0.0,adam,random,5,39.47004008293152,2004.421906996313,485.0234232256753,310.17338583112416,2.5728693935081703,0.11841392168595588,0.881591796875,0.7872807017543859,4.5467417770563054,0.017050549063298354,0.12939453125,0.807373046875,0.7580232876458143,600
64,64,sobel_x,checkerboard,50.0,0.0,sigmoid,0.0,0.0,0.0,adam,random,6,39.231192111968994,1943.228245243306,414.0020700196147,279.37385276781663,0.11135428679521947,0.10107472412588249,0.89892578125,0.8155080213903744,4.485003908312891,0.0065445230034236294,0.1435546875,0.786376953125,0.7869513933666713,600
64,64,sobel_x,checkerboard,50.0,0.0,sigmoid,0.0,0.0,0.0,adam,random,7,39.587912797927856,2059.6088877927164,449.9998922245357,300.5893267142352,0.10890838122329895,0.10986325493763079,0.89013671875,0.8028045574057844,4.560238550463012,0.01915376160030215,0.141357421875,0.7890625,0.7815119681743068,600
64,64,sobel_x,checkerboard,60.0,0.0,sigmoid,0.0,0.0,0.0,adam,random,0,39.43574023246765,2049.7040183058084,547.9969107428856,340.14012115349857,0.37998809676836276,0.1337883082868373,0.8662109375,0.7636912462268219,4.431951115338435,-0.011546201445020185,0.103515625,0.837158203125,0.7326458328379359,600
64,64,sobel_x,checkerboard,60.0,0.0,sigmoid,0.0,0.0,0.0,adam,random,1,39.51012420654297,1943.2071188670202,517.0459762100561,334.6392730796223,4.291659633132028,0.12623192778565823,0.873779296875,0.7776344086021505,4.478418619093022,0.004278622287153246,0.11669921875,0.82861328125,0.7339213246030521,600
64,64,sobel_x,checkerboard,60.0,0.0,sigmoid,0.0,0.0,0.0,adam,random,2,39.43661570549011,2055.7036309004366,493.8731949055051,342.4101621486111,12.258480039632575,0.12057451047497683,0.87939453125,0.7830478700043917,4.463535657631711,-0.004798813587917371,0.114501953125,0.84228515625,0.7597546711102615,600
64,64,sobel_x,checkerboard,60.0,0.0,sigmoid,0.0,0.0,0.0,adam,random,3,39.37056303024292,2037.4652038368513,550.0252199354491,332.406239095607,4.155756775902093,0.134283500960803,0.86572265625,0.7632371932845459,4.451094888214452,-0.0030948465459043817,0.1083984375,0.837646484375,0.7300443615431226,600
64,64,sobel_x,checkerboard,60.0,0.0,sigmoid,0.0,0.0,0.0,adam,random,4,39.405733585357666,2000.920640752839,502.99941777648223,307.32855362871453,0.0893985291419185,0.12280259223058648,0.877197265625,0.782439446366782,4.447210383514103,-0.005837047370297692,0.10693359375,0.845703125,0.7486160082854507,600
64,64,sobel_x,checkerboard,60.0,0.0,sigmoid,0.0,0.0,0.0,adam,random,5,39.386752128601074,2015.2745056226654,565.0861618748405,340.32369513500083,10.125079629736442,0.13796048873897473,0.862060546875,0.7563605002156102,4.477182982935519,-0.0013582624239213633,0.115966796875,0.833251953125,0.7195984168418564,600
64,64,sobel_x,checkerboard,60.0,0.0,sigmoid,0.0,0.0,0.0,adam,random,6,39.05649185180664,1952.1872872144509,478.01403513799085,301.99936878324974,1.2003033113392985,0.11670264529736105,0.88330078125,0.7894273127753304,4.4806593938100905,0.002194006962675762,0.114501953125,0.83349609375,0.7551392541747044,600
64,64,sobel_x,checkerboard,60.0,0.0,sigmoid,0.0,0.0,0.0,adam,random,7,39.42453908920288,2069.3276958560987,577.2138039990934,328.02642420238027,20.5018493758436,0.14092133886696617,0.859130859375,0.7539445628997867,4.682683562902704,0.03678376311761137,0.10888671875,0.83935546875,0.7210621569725354,600
