alpha,optimizer,seed,frac_active_sp_gt_0.0001,frac_active_sp_gt_0.001,frac_active_sp_gt_0.01,frac_active_sp_gt_0.05,frac_active_sp_gt_0.1
1.0,pgd,0,1.0,1.0,1.0,1.0,1.0
1.0,pgd,1,1.0,1.0,1.0,1.0,1.0
1.0,pgd,2,1.0,1.0,1.0,1.0,1.0
1.0,pgd,3,1.0,1.0,1.0,1.0,1.0
1.0,pgd,4,1.0,1.0,1.0,1.0,1.0
1.0,pgd,5,1.0,1.0,1.0,1.0,1.0
1.0,pgd,6,1.0,1.0,1.0,1.0,1.0
1.0,pgd,7,1.0,1.0,1.0,1.0,1.0
1.0,momentum,0,1.0,1.0,1.0,1.0,1.0
1.0,momentum,1,1.0,1.0,1.0,1.0,1.0
1.0,momentum,2,1.0,1.0,1.0,1.0,1.0
1.0,momentum,3,1.0,1.0,1.0,1.0,1.0
1.0,momentum,4,1.0,1.0,1.0,1.0,1.0
1.0,momentum,5,1.0,1.0,1.0,1.0,1.0
1.0,momentum,6,1.0,1.0,1.0,1.0,1.0
1.0,momentum,7,1.0,1.0,1.0,1.0,1.0
1.0,nesterov,0,1.0,1.0,1.0,1.0,1.0
1.0,nesterov,1,1.0,1.0,1.0,1.0,1.0
1.0,nesterov,2,1.0,1.0,1.0,1.0,1.0
1.0,nesterov,3,1.0,1.0,1.0,1.0,1.0
1.0,nesterov,4,1.0,1.0,1.0,1.0,1.0
1.0,nesterov,5,1.0,1.0,1.0,1.0,1.0
1.0,nesterov,6,1.0,1.0,1.0,1.0,1.0
1.0,nesterov,7,1.0,1.0,1.0,1.0,1.0
1.0,adam,0,1.0,1.0,1.0,1.0,1.0
1.0,adam,1,1.0,1.0,1.0,1.0,1.0
1.0,adam,2,1.0,1.0,1.0,1.0,1.0
1.0,adam,3,1.0,1.0,1.0,1.0,1.0
1.0,adam,4,1.0,1.0,1.0,1.0,1.0
1.0,adam,5,1.0,1.0,1.0,1.0,1.0
1.0,adam,6,1.0,1.0,1.0,1.0,1.0
1.0,adam,7,1.0,1.0,1.0,1.0,1.0
1.0,lbfgsb,0,1.0,1.0,1.0,1.0,1.0
1.0,lbfgsb,1,1.0,1.0,1.0,1.0,1.0
1.0,lbfgsb,2,1.0,1.0,1.0,1.0,1.0
1.0,lbfgsb,3,1.0,1.0,1.0,1.0,1.0
1.0,lbfgsb,4,1.0,1.0,1.0,1.0,1.0
1.0,lbfgsb,5,1.0,1.0,1.0,1.0,1.0
1.0,lbfgsb,6,1.0,1.0,1.0,1.0,1.0
1.0,lbfgsb,7,1.0,1.0,1.0,1.0,1.0
1.5,pgd,0,1.0,1.0,1.0,1.0,1.0
1.5,pgd,1,1.0,1.0,1.0,1.0,1.0
1.5,pgd,2,1.0,1.0,1.0,1.0,1.0
1.5,pgd,3,1.0,1.0,1.0,1.0,1.0
1.5,pgd,4,1.0,1.0,1.0,1.0,1.0
1.5,pgd,5,1.0,1.0,1.0,1.0,1.0
1.5,pgd,6,1.0,1.0,1.0,1.0,1.0
1.5,pgd,7,1.0,1.0,1.0,1.0,1.0
1.5,momentum,0,1.0,1.0,1.0,1.0,1.0
1.5,momentum,1,1.0,1.0,1.0,1.0,1.0
1.5,momentum,2,1.0,1.0,1.0,1.0,1.0
1.5,momentum,3,1.0,1.0,1.0,1.0,1.0
1.5,momentum,4,1.0,1.0,1.0,1.0,1.0
1.5,momentum,5,1.0,1.0,1.0,1.0,1.0
1.5,momentum,6,1.0,1.0,1.0,1.0,1.0
1.5,momentum,7,1.0,1.0,1.0,1.0,1.0
1.5,nesterov,0,1.0,1.0,1.0,1.0,1.0
1.5,nesterov,1,1.0,1.0,1.0,1.0,1.0
1.5,nesterov,2,1.0,1.0,1.0,1.0,1.0
1.5,nesterov,3,1.0,1.0,1.0,1.0,1.0
1.5,nesterov,4,1.0,1.0,1.0,1.0,1.0
1.5,nesterov,5,1.0,1.0,1.0,1.0,1.0
1.5,nesterov,6,1.0,1.0,1.0,1.0,1.0
1.5,nesterov,7,1.0,1.0,1.0,1.0,1.0
1.5,adam,0,1.0,1.0,1.0,1.0,1.0
1.5,adam,1,1.0,1.0,1.0,1.0,1.0
1.5,adam,2,1.0,1.0,1.0,1.0,1.0
1.5,adam,3,1.0,1.0,1.0,1.0,1.0
1.5,adam,4,1.0,1.0,1.0,1.0,1.0
1.5,adam,5,1.0,1.0,1.0,1.0,1.0
1.5,adam,6,1.0,1.0,1.0,1.0,1.0
1.5,adam,7,1.0,1.0,1.0,1.0,1.0
1.5,lbfgsb,0,1.0,1.0,1.0,1.0,1.0
1.5,lbfgsb,1,1.0,1.0,1.0,1.0,1.0
1.5,lbfgsb,2,1.0,1.0,1.0,1.0,1.0
1.5,lbfgsb,3,1.0,1.0,1.0,1.0,1.0
1.5,lbfgsb,4,1.0,1.0,1.0,1.0,1.0
1.5,lbfgsb,5,1.0,1.0,1.0,1.0,1.0
1.5,lbfgsb,6,1.0,1.0,1.0,1.0,1.0
1.5,lbfgsb,7,1.0,1.0,1.0,1.0,1.0
2.0,pgd,0,1.0,1.0,1.0,1.0,1.0
2.0,pgd,1,1.0,1.0,1.0,1.0,1.0
2.0,pgd,2,1.0,1.0,1.0,1.0,1.0
2.0,pgd,3,1.0,1.0,1.0,1.0,1.0
2.0,pgd,4,1.0,1.0,1.0,1.0,1.0
2.0,pgd,5,1.0,1.0,1.0,1.0,1.0
2.0,pgd,6,1.0,1.0,1.0,1.0,1.0
2.0,pgd,7,1.0,1.0,1.0,1.0,1.0
2.0,momentum,0,1.0,1.0,1.0,1.0,1.0
2.0,momentum,1,1.0,1.0,1.0,1.0,1.0
2.0,momentum,2,1.0,1.0,1.0,1.0,1.0
2.0,momentum,3,1.0,1.0,1.0,1.0,1.0
2.0,momentum,4,1.0,1.0,1.0,1.0,1.0
2.0,momentum,5,1.0,1.0,1.0,1.0,1.0
2.0,momentum,6,1.0,1.0,1.0,1.0,1.0
2.0,momentum,7,1.0,1.0,1.0,1.0,1.0
2.0,nesterov,0,1.0,1.0,1.0,1.0,1.0
2.0,nesterov,1,1.0,1.0,1.0,1.0,1.0
2.0,nesterov,2,1.0,1.0,1.0,1.0,1.0
2.0,nesterov,3,1.0,1.0,1.0,1.0,1.0
2.0,nesterov,4,1.0,1.0,1.0,1.0,1.0
2.0,nesterov,5,1.0,1.0,1.0,1.0,1.0
2.0,nesterov,6,1.0,1.0,1.0,1.0,1.0
2.0,nesterov,7,1.0,1.0,1.0,1.0,1.0
2.0,adam,0,1.0,1.0,1.0,1.0,1.0
2.0,adam,1,1.0,1.0,1.0,1.0,1.0
2.0,adam,2,1.0,1.0,1.0,1.0,1.0
2.0,adam,3,1.0,1.0,1.0,1.0,1.0
2.0,adam,4,1.0,1.0,1.0,1.0,1.0
2.0,adam,5,1.0,1.0,1.0,1.0,1.0
2.0,adam,6,1.0,1.0,1.0,1.0,1.0
2.0,adam,7,1.0,1.0,1.0,1.0,1.0
2.0,lbfgsb,0,1.0,1.0,1.0,1.0,1.0
2.0,lbfgsb,1,1.0,1.0,1.0,1.0,1.0
2.0,lbfgsb,2,1.0,1.0,1.0,1.0,1.0
2.0,lbfgsb,3,1.0,1.0,1.0,1.0,1.0
2.0,lbfgsb,4,1.0,1.0,1.0,1.0,1.0
2.0,lbfgsb,5,1.0,1.0,1.0,1.0,1.0
2.0,lbfgsb,6,1.0,1.0,1.0,1.0,1.0
2.0,lbfgsb,7,1.0,1.0,1.0,1.0,1.0
3.0,pgd,0,1.0,1.0,1.0,1.0,1.0
3.0,pgd,1,1.0,1.0,1.0,1.0,1.0
3.0,pgd,2,1.0,1.0,1.0,1.0,1.0
3.0,pgd,3,1.0,1.0,1.0,1.0,1.0
3.0,pgd,4,1.0,1.0,1.0,1.0,1.0
3.0,pgd,5,1.0,1.0,1.0,1.0,1.0
3.0,pgd,6,1.0,1.0,1.0,1.0,1.0
3.0,pgd,7,1.0,1.0,1.0,1.0,1.0
3.0,momentum,0,1.0,1.0,1.0,1.0,1.0
3.0,momentum,1,1.0,1.0,1.0,1.0,1.0
3.0,momentum,2,1.0,1.0,1.0,1.0,1.0
3.0,momentum,3,1.0,1.0,1.0,1.0,1.0
3.0,momentum,4,1.0,1.0,1.0,1.0,1.0
3.0,momentum,5,1.0,1.0,1.0,1.0,1.0
3.0,momentum,6,1.0,1.0,1.0,1.0,1.0
3.0,momentum,7,1.0,1.0,1.0,1.0,1.0
3.0,nesterov,0,1.0,1.0,1.0,1.0,1.0
3.0,nesterov,1,1.0,1.0,1.0,1.0,1.0
3.0,nesterov,2,1.0,1.0,1.0,1.0,1.0
3.0,nesterov,3,1.0,1.0,1.0,1.0,1.0
3.0,nesterov,4,1.0,1.0,1.0,1.0,1.0
3.0,nesterov,5,1.0,1.0,1.0,1.0,1.0
3.0,nesterov,6,1.0,1.0,1.0,1.0,1.0
3.0,nesterov,7,1.0,1.0,1.0,1.0,1.0
3.0,adam,0,1.0,1.0,1.0,1.0,1.0
3.0,adam,1,1.0,1.0,1.0,1.0,1.0
3.0,adam,2,1.0,1.0,1.0,1.0,1.0
3.0,adam,3,1.0,1.0,1.0,1.0,1.0
3.0,adam,4,1.0,1.0,1.0,1.0,1.0
3.0,adam,5,1.0,1.0,1.0,1.0,1.0
3.0,adam,6,1.0,1.0,1.0,1.0,1.0
3.0,adam,7,1.0,1.0,1.0,1.0,1.0
3.0,lbfgsb,0,1.0,1.0,1.0,1.0,1.0
3.0,lbfgsb,1,1.0,1.0,1.0,1.0,1.0
3.0,lbfgsb,2,1.0,1.0,1.0,1.0,1.0
3.0,lbfgsb,3,1.0,1.0,1.0,1.0,1.0
3.0,lbfgsb,4,1.0,1.0,1.0,1.0,1.0
3.0,lbfgsb,5,1.0,1.0,1.0,1.0,1.0
3.0,lbfgsb,6,1.0,1.0,1.0,1.0,1.0
3.0,lbfgsb,7,1.0,1.0,1.0,1.0,1.0
5.0,pgd,0,1.0,1.0,1.0,1.0,1.0
5.0,pgd,1,1.0,1.0,1.0,1.0,1.0
5.0,pgd,2,1.0,1.0,1.0,1.0,1.0
5.0,pgd,3,1.0,1.0,1.0,1.0,1.0
5.0,pgd,4,1.0,1.0,1.0,1.0,1.0
5.0,pgd,5,1.0,1.0,1.0,1.0,1.0
5.0,pgd,6,1.0,1.0,1.0,1.0,1.0
5.0,pgd,7,1.0,1.0,1.0,1.0,1.0
5.0,momentum,0,1.0,1.0,1.0,1.0,1.0
5.0,momentum,1,1.0,1.0,1.0,1.0,1.0
5.0,momentum,2,1.0,1.0,1.0,1.0,1.0
5.0,momentum,3,1.0,1.0,1.0,1.0,1.0
5.0,momentum,4,1.0,1.0,1.0,1.0,1.0
5.0,momentum,5,1.0,1.0,1.0,1.0,1.0
5.0,momentum,6,1.0,1.0,1.0,1.0,1.0
5.0,momentum,7,1.0,1.0,1.0,1.0,1.0
5.0,nesterov,0,1.0,1.0,1.0,1.0,1.0
5.0,nesterov,1,1.0,1.0,1.0,1.0,1.0
5.0,nesterov,2,1.0,1.0,1.0,1.0,1.0
5.0,nesterov,3,1.0,1.0,1.0,1.0,1.0
5.0,nesterov,4,1.0,1.0,1.0,1.0,1.0
5.0,nesterov,5,1.0,1.0,1.0,1.0,1.0
5.0,nesterov,6,1.0,1.0,1.0,1.0,1.0
5.0,nesterov,7,1.0,1.0,1.0,1.0,1.0
5.0,adam,0,1.0,1.0,1.0,1.0,1.0
5.0,adam,1,1.0,1.0,1.0,1.0,1.0
5.0,adam,2,1.0,1.0,1.0,1.0,1.0
5.0,adam,3,1.0,1.0,1.0,1.0,1.0
5.0,adam,4,1.0,1.0,1.0,1.0,1.0
5.0,adam,5,1.0,1.0,1.0,1.0,1.0
5.0,adam,6,1.0,1.0,1.0,1.0,1.0
5.0,adam,7,1.0,1.0,1.0,1.0,1.0
5.0,lbfgsb,0,1.0,1.0,1.0,1.0,1.0
5.0,lbfgsb,1,1.0,1.0,1.0,1.0,1.0
5.0,lbfgsb,2,1.0,1.0,1.0,1.0,1.0
5.0,lbfgsb,3,1.0,1.0,1.0,1.0,1.0
5.0,lbfgsb,4,1.0,1.0,1.0,1.0,1.0
5.0,lbfgsb,5,1.0,1.0,1.0,1.0,1.0
5.0,lbfgsb,6,1.0,1.0,1.0,1.0,1.0
5.0,lbfgsb,7,1.0,1.0,1.0,1.0,1.0
7.0,pgd,0,0.99658203125,0.99658203125,0.99658203125,0.99658203125,0.99658203125
7.0,pgd,1,0.99560546875,0.99560546875,0.99560546875,0.99560546875,0.99560546875
7.0,pgd,2,0.996826171875,0.996826171875,0.996826171875,0.996826171875,0.996826171875
7.0,pgd,3,0.99853515625,0.99853515625,0.99853515625,0.99853515625,0.99853515625
7.0,pgd,4,0.998779296875,0.998779296875,0.998779296875,0.998779296875,0.998779296875
7.0,pgd,5,0.99755859375,0.99755859375,0.99755859375,0.99755859375,0.99755859375
7.0,pgd,6,0.99755859375,0.99755859375,0.99755859375,0.99755859375,0.99755859375
7.0,pgd,7,0.99951171875,0.99951171875,0.99951171875,0.99951171875,0.99951171875
7.0,momentum,0,1.0,1.0,1.0,1.0,1.0
7.0,momentum,1,1.0,1.0,1.0,1.0,1.0
7.0,momentum,2,1.0,1.0,1.0,1.0,1.0
7.0,momentum,3,1.0,1.0,1.0,1.0,1.0
7.0,momentum,4,1.0,1.0,1.0,1.0,1.0
7.0,momentum,5,1.0,1.0,1.0,1.0,1.0
7.0,momentum,6,1.0,1.0,1.0,1.0,1.0
7.0,momentum,7,1.0,1.0,1.0,1.0,1.0
7.0,nesterov,0,1.0,1.0,1.0,1.0,1.0
7.0,nesterov,1,1.0,1.0,1.0,1.0,1.0
7.0,nesterov,2,1.0,1.0,1.0,1.0,1.0
7.0,nesterov,3,1.0,1.0,1.0,1.0,1.0
7.0,nesterov,4,1.0,1.0,1.0,1.0,1.0
7.0,nesterov,5,1.0,1.0,1.0,1.0,1.0
7.0,nesterov,6,1.0,1.0,1.0,1.0,1.0
7.0,nesterov,7,1.0,1.0,1.0,1.0,1.0
7.0,adam,0,1.0,1.0,1.0,1.0,1.0
7.0,adam,1,1.0,1.0,1.0,1.0,1.0
7.0,adam,2,1.0,1.0,1.0,1.0,1.0
7.0,adam,3,1.0,1.0,1.0,1.0,1.0
7.0,adam,4,1.0,1.0,1.0,1.0,1.0
7.0,adam,5,1.0,1.0,1.0,1.0,1.0
7.0,adam,6,1.0,1.0,1.0,1.0,1.0
7.0,adam,7,1.0,1.0,1.0,1.0,1.0
7.0,lbfgsb,0,1.0,1.0,1.0,1.0,1.0
7.0,lbfgsb,1,1.0,1.0,1.0,1.0,1.0
7.0,lbfgsb,2,1.0,1.0,1.0,1.0,1.0
7.0,lbfgsb,3,1.0,1.0,1.0,1.0,1.0
7.0,lbfgsb,4,1.0,1.0,1.0,1.0,1.0
7.0,lbfgsb,5,1.0,1.0,1.0,1.0,1.0
7.0,lbfgsb,6,1.0,1.0,1.0,1.0,1.0
7.0,lbfgsb,7,1.0,1.0,1.0,1.0,1.0
10.0,pgd,0,0.893310546875,0.893310546875,0.893310546875,0.893310546875,0.893310546875
10.0,pgd,1,0.90966796875,0.90966796875,0.90966796875,0.90966796875,0.90966796875
10.0,pgd,2,0.9033203125,0.9033203125,0.9033203125,0.9033203125,0.9033203125
10.0,pgd,3,0.888916015625,0.888916015625,0.888916015625,0.888916015625,0.888916015625
10.0,pgd,4,0.89111328125,0.89111328125,0.89111328125,0.89111328125,0.89111328125
10.0,pgd,5,0.904052734375,0.904052734375,0.904052734375,0.904052734375,0.904052734375
10.0,pgd,6,0.887939453125,0.887939453125,0.887939453125,0.887939453125,0.887939453125
10.0,pgd,7,0.8896484375,0.8896484375,0.8896484375,0.8896484375,0.8896484375
10.0,momentum,0,1.0,1.0,1.0,1.0,1.0
10.0,momentum,1,1.0,1.0,1.0,1.0,1.0
10.0,momentum,2,1.0,1.0,1.0,1.0,1.0
10.0,momentum,3,1.0,1.0,1.0,1.0,1.0
10.0,momentum,4,1.0,1.0,1.0,1.0,1.0
10.0,momentum,5,1.0,1.0,1.0,1.0,1.0
10.0,momentum,6,1.0,1.0,1.0,1.0,1.0
10.0,momentum,7,1.0,1.0,1.0,1.0,1.0
10.0,nesterov,0,1.0,1.0,1.0,1.0,1.0
10.0,nesterov,1,1.0,1.0,1.0,1.0,1.0
10.0,nesterov,2,1.0,1.0,1.0,1.0,1.0
10.0,nesterov,3,1.0,1.0,1.0,1.0,1.0
10.0,nesterov,4,1.0,1.0,1.0,1.0,1.0
10.0,nesterov,5,0.998291015625,0.998291015625,0.998291015625,0.998291015625,0.998291015625
10.0,nesterov,6,1.0,1.0,1.0,1.0,1.0
10.0,nesterov,7,1.0,1.0,1.0,1.0,1.0
10.0,adam,0,0.999755859375,0.999755859375,0.999755859375,0.999755859375,0.999755859375
10.0,adam,1,0.999755859375,0.999755859375,0.999755859375,0.999755859375,0.999755859375
10.0,adam,2,1.0,1.0,1.0,1.0,1.0
10.0,adam,3,0.999755859375,0.999755859375,0.999755859375,0.999755859375,0.999755859375
10.0,adam,4,0.999755859375,0.999755859375,0.999755859375,0.999755859375,0.999755859375
10.0,adam,5,1.0,1.0,1.0,1.0,1.0
10.0,adam,6,1.0,1.0,1.0,1.0,1.0
10.0,adam,7,1.0,1.0,1.0,1.0,1.0
10.0,lbfgsb,0,0.9873046875,0.9873046875,0.9873046875,0.9873046875,0.9873046875
10.0,lbfgsb,1,1.0,1.0,1.0,1.0,1.0
10.0,lbfgsb,2,1.0,1.0,1.0,1.0,1.0
10.0,lbfgsb,3,1.0,1.0,1.0,1.0,1.0
10.0,lbfgsb,4,1.0,1.0,1.0,1.0,1.0
10.0,lbfgsb,5,1.0,1.0,1.0,1.0,1.0
10.0,lbfgsb,6,1.0,1.0,1.0,1.0,1.0
10.0,lbfgsb,7,1.0,1.0,1.0,1.0,1.0
13.0,pgd,0,0.682373046875,0.682373046875,0.682373046875,0.682373046875,0.682373046875
13.0,pgd,1,0.67041015625,0.67041015625,0.67041015625,0.67041015625,0.67041015625
13.0,pgd,2,0.67529296875,0.67529296875,0.67529296875,0.67529296875,0.67529296875
13.0,pgd,3,0.673828125,0.673828125,0.673828125,0.673828125,0.673828125
13.0,pgd,4,0.67431640625,0.67431640625,0.67431640625,0.67431640625,0.67431640625
13.0,pgd,5,0.673828125,0.673828125,0.673828125,0.673828125,0.673828125
13.0,pgd,6,0.669921875,0.669921875,0.669921875,0.669921875,0.669921875
13.0,pgd,7,0.651123046875,0.651123046875,0.651123046875,0.651123046875,0.651123046875
13.0,momentum,0,0.869384765625,0.869384765625,0.869384765625,0.869384765625,0.869384765625
13.0,momentum,1,0.872314453125,0.872314453125,0.872314453125,0.872314453125,0.872314453125
13.0,momentum,2,0.866455078125,0.866455078125,0.866455078125,0.866455078125,0.866455078125
13.0,momentum,3,0.87158203125,0.87158203125,0.87158203125,0.87158203125,0.87158203125
13.0,momentum,4,0.858154296875,0.858154296875,0.858154296875,0.858154296875,0.858154296875
13.0,momentum,5,0.868896484375,0.868896484375,0.868896484375,0.868896484375,0.868896484375
13.0,momentum,6,0.8759765625,0.8759765625,0.8759765625,0.8759765625,0.8759765625
13.0,momentum,7,0.869384765625,0.869384765625,0.869384765625,0.869384765625,0.869384765625
13.0,nesterov,0,0.65478515625,0.65478515625,0.65478515625,0.65478515625,0.65478515625
13.0,nesterov,1,0.6611328125,0.6611328125,0.6611328125,0.6611328125,0.6611328125
13.0,nesterov,2,0.66796875,0.66796875,0.66796875,0.66796875,0.66796875
13.0,nesterov,3,0.657470703125,0.657470703125,0.657470703125,0.657470703125,0.657470703125
13.0,nesterov,4,0.6611328125,0.6611328125,0.6611328125,0.6611328125,0.6611328125
13.0,nesterov,5,0.674560546875,0.674560546875,0.674560546875,0.674560546875,0.674560546875
13.0,nesterov,6,0.65185546875,0.65185546875,0.65185546875,0.65185546875,0.65185546875
13.0,nesterov,7,0.66162109375,0.66162109375,0.66162109375,0.66162109375,0.66162109375
13.0,adam,0,0.82373046875,0.82373046875,0.82373046875,0.82373046875,0.82373046875
13.0,adam,1,0.82666015625,0.82666015625,0.82666015625,0.82666015625,0.82666015625
13.0,adam,2,0.818603515625,0.818603515625,0.818603515625,0.818603515625,0.818603515625
13.0,adam,3,0.8193359375,0.8193359375,0.8193359375,0.8193359375,0.8193359375
13.0,adam,4,0.810546875,0.810546875,0.810546875,0.810546875,0.810546875
13.0,adam,5,0.809814453125,0.809814453125,0.809814453125,0.809814453125,0.809814453125
13.0,adam,6,0.8310546875,0.8310546875,0.8310546875,0.8310546875,0.8310546875
13.0,adam,7,0.81640625,0.81640625,0.81640625,0.81640625,0.81640625
13.0,lbfgsb,0,0.9853515625,0.9853515625,0.9853515625,0.9853515625,0.9853515625
13.0,lbfgsb,1,0.980224609375,0.980224609375,0.980224609375,0.980224609375,0.980224609375
13.0,lbfgsb,2,0.9345703125,0.9345703125,0.9345703125,0.9345703125,0.9345703125
13.0,lbfgsb,3,0.8876953125,0.8876953125,0.8876953125,0.8876953125,0.8876953125
13.0,lbfgsb,4,0.931640625,0.931640625,0.931640625,0.931640625,0.931640625
13.0,lbfgsb,5,0.873291015625,0.873291015625,0.873291015625,0.873291015625,0.873291015625
13.0,lbfgsb,6,0.986572265625,0.986572265625,0.986572265625,0.986572265625,0.986572265625
13.0,lbfgsb,7,0.825927734375,0.825927734375,0.825927734375,0.825927734375,0.825927734375
16.0,pgd,0,0.4560546875,0.4560546875,0.4560546875,0.4560546875,0.4560546875
16.0,pgd,1,0.458740234375,0.458740234375,0.458740234375,0.458740234375,0.458740234375
16.0,pgd,2,0.450439453125,0.450439453125,0.450439453125,0.450439453125,0.450439453125
16.0,pgd,3,0.454833984375,0.454833984375,0.454833984375,0.454833984375,0.454833984375
16.0,pgd,4,0.460205078125,0.460205078125,0.460205078125,0.460205078125,0.460205078125
16.0,pgd,5,0.452392578125,0.452392578125,0.452392578125,0.452392578125,0.452392578125
16.0,pgd,6,0.46142578125,0.46142578125,0.46142578125,0.46142578125,0.46142578125
16.0,pgd,7,0.442626953125,0.442626953125,0.442626953125,0.442626953125,0.442626953125
16.0,momentum,0,0.4951171875,0.4951171875,0.4951171875,0.4951171875,0.4951171875
16.0,momentum,1,0.49169921875,0.49169921875,0.49169921875,0.49169921875,0.49169921875
16.0,momentum,2,0.49853515625,0.49853515625,0.49853515625,0.49853515625,0.49853515625
16.0,momentum,3,0.482421875,0.482421875,0.482421875,0.482421875,0.482421875
16.0,momentum,4,0.503173828125,0.503173828125,0.503173828125,0.503173828125,0.503173828125
16.0,momentum,5,0.4873046875,0.4873046875,0.4873046875,0.4873046875,0.4873046875
16.0,momentum,6,0.49658203125,0.49658203125,0.49658203125,0.49658203125,0.49658203125
16.0,momentum,7,0.4853515625,0.4853515625,0.4853515625,0.4853515625,0.4853515625
16.0,nesterov,0,0.459716796875,0.459716796875,0.459716796875,0.459716796875,0.459716796875
16.0,nesterov,1,0.453857421875,0.453857421875,0.453857421875,0.453857421875,0.453857421875
16.0,nesterov,2,0.461669921875,0.461669921875,0.461669921875,0.461669921875,0.461669921875
16.0,nesterov,3,0.461181640625,0.461181640625,0.461181640625,0.461181640625,0.461181640625
16.0,nesterov,4,0.460693359375,0.460693359375,0.460693359375,0.460693359375,0.460693359375
16.0,nesterov,5,0.466552734375,0.466552734375,0.466552734375,0.466552734375,0.466552734375
16.0,nesterov,6,0.46435546875,0.46435546875,0.46435546875,0.46435546875,0.46435546875
16.0,nesterov,7,0.453125,0.453125,0.453125,0.453125,0.453125
16.0,adam,0,0.619384765625,0.619384765625,0.619384765625,0.619384765625,0.619384765625
16.0,adam,1,0.64111328125,0.64111328125,0.64111328125,0.64111328125,0.64111328125
16.0,adam,2,0.638671875,0.638671875,0.638671875,0.638671875,0.638671875
16.0,adam,3,0.6162109375,0.6162109375,0.6162109375,0.6162109375,0.6162109375
16.0,adam,4,0.626220703125,0.626220703125,0.626220703125,0.626220703125,0.626220703125
16.0,adam,5,0.61962890625,0.61962890625,0.61962890625,0.61962890625,0.61962890625
16.0,adam,6,0.63330078125,0.63330078125,0.63330078125,0.63330078125,0.63330078125
16.0,adam,7,0.6162109375,0.6162109375,0.6162109375,0.6162109375,0.6162109375
16.0,lbfgsb,0,0.558837890625,0.558837890625,0.558837890625,0.558837890625,0.558837890625
16.0,lbfgsb,1,0.52685546875,0.52685546875,0.52685546875,0.52685546875,0.52685546875
16.0,lbfgsb,2,0.492431640625,0.492431640625,0.492431640625,0.492431640625,0.492431640625
16.0,lbfgsb,3,0.568115234375,0.568115234375,0.568115234375,0.568115234375,0.568115234375
16.0,lbfgsb,4,0.5517578125,0.5517578125,0.5517578125,0.5517578125,0.5517578125
16.0,lbfgsb,5,0.561279296875,0.561279296875,0.561279296875,0.561279296875,0.561279296875
16.0,lbfgsb,6,0.5439453125,0.5439453125,0.5439453125,0.5439453125,0.5439453125
16.0,lbfgsb,7,0.504150390625,0.504150390625,0.504150390625,0.504150390625,0.504150390625
20.0,pgd,0,0.26904296875,0.26904296875,0.26904296875,0.26904296875,0.26904296875
20.0,pgd,1,0.263671875,0.263671875,0.263671875,0.263671875,0.263671875
20.0,pgd,2,0.280517578125,0.280517578125,0.280517578125,0.280517578125,0.280517578125
20.0,pgd,3,0.267822265625,0.267822265625,0.267822265625,0.267822265625,0.267822265625
20.0,pgd,4,0.267578125,0.267578125,0.267578125,0.267578125,0.267578125
20.0,pgd,5,0.273681640625,0.273681640625,0.273681640625,0.273681640625,0.273681640625
20.0,pgd,6,0.266845703125,0.266845703125,0.266845703125,0.266845703125,0.266845703125
20.0,pgd,7,0.2685546875,0.2685546875,0.2685546875,0.2685546875,0.2685546875
20.0,momentum,0,0.31396484375,0.31396484375,0.31396484375,0.31396484375,0.31396484375
20.0,momentum,1,0.309814453125,0.309814453125,0.309814453125,0.309814453125,0.309814453125
20.0,momentum,2,0.345458984375,0.345458984375,0.345458984375,0.345458984375,0.345458984375
20.0,momentum,3,0.325439453125,0.325439453125,0.325439453125,0.325439453125,0.325439453125
20.0,momentum,4,0.32666015625,0.32666015625,0.32666015625,0.32666015625,0.32666015625
20.0,momentum,5,0.342529296875,0.342529296875,0.342529296875,0.342529296875,0.342529296875
20.0,momentum,6,0.321533203125,0.321533203125,0.321533203125,0.321533203125,0.321533203125
20.0,momentum,7,0.339599609375,0.339599609375,0.339599609375,0.339599609375,0.339599609375
20.0,nesterov,0,0.28173828125,0.28173828125,0.28173828125,0.28173828125,0.28173828125
20.0,nesterov,1,0.27294921875,0.27294921875,0.27294921875,0.27294921875,0.27294921875
20.0,nesterov,2,0.270751953125,0.270751953125,0.270751953125,0.270751953125,0.270751953125
20.0,nesterov,3,0.27001953125,0.27001953125,0.27001953125,0.27001953125,0.27001953125
20.0,nesterov,4,0.283203125,0.283203125,0.283203125,0.283203125,0.283203125
20.0,nesterov,5,0.28076171875,0.28076171875,0.28076171875,0.28076171875,0.28076171875
20.0,nesterov,6,0.2822265625,0.2822265625,0.2822265625,0.2822265625,0.2822265625
20.0,nesterov,7,0.285400390625,0.285400390625,0.285400390625,0.285400390625,0.285400390625
20.0,adam,0,0.4658203125,0.4658203125,0.4658203125,0.4658203125,0.4658203125
20.0,adam,1,0.48876953125,0.48876953125,0.48876953125,0.48876953125,0.48876953125
20.0,adam,2,0.47314453125,0.47314453125,0.47314453125,0.47314453125,0.47314453125
20.0,adam,3,0.457275390625,0.457275390625,0.457275390625,0.457275390625,0.457275390625
20.0,adam,4,0.47021484375,0.47021484375,0.47021484375,0.47021484375,0.47021484375
20.0,adam,5,0.469970703125,0.469970703125,0.469970703125,0.469970703125,0.469970703125
20.0,adam,6,0.484130859375,0.484130859375,0.484130859375,0.484130859375,0.484130859375
20.0,adam,7,0.452880859375,0.452880859375,0.452880859375,0.452880859375,0.452880859375
20.0,lbfgsb,0,0.388916015625,0.388916015625,0.388916015625,0.388916015625,0.388916015625
20.0,lbfgsb,1,0.345703125,0.345703125,0.345703125,0.345703125,0.345703125
20.0,lbfgsb,2,0.330078125,0.330078125,0.330078125,0.330078125,0.330078125
20.0,lbfgsb,3,0.3388671875,0.3388671875,0.3388671875,0.3388671875,0.3388671875
20.0,lbfgsb,4,0.40966796875,0.40966796875,0.40966796875,0.40966796875,0.40966796875
20.0,lbfgsb,5,0.344482421875,0.344482421875,0.344482421875,0.344482421875,0.344482421875
20.0,lbfgsb,6,0.333251953125,0.333251953125,0.333251953125,0.333251953125,0.333251953125
20.0,lbfgsb,7,0.384033203125,0.384033203125,0.384033203125,0.384033203125,0.384033203125
25.0,pgd,0,0.143798828125,0.143798828125,0.143798828125,0.143798828125,0.143798828125
25.0,pgd,1,0.143798828125,0.143798828125,0.143798828125,0.143798828125,0.143798828125
25.0,pgd,2,0.1591796875,0.1591796875,0.1591796875,0.1591796875,0.1591796875
25.0,pgd,3,0.1376953125,0.1376953125,0.1376953125,0.1376953125,0.1376953125
25.0,pgd,4,0.14697265625,0.14697265625,0.14697265625,0.14697265625,0.14697265625
25.0,pgd,5,0.14404296875,0.14404296875,0.14404296875,0.14404296875,0.14404296875
25.0,pgd,6,0.1455078125,0.1455078125,0.1455078125,0.1455078125,0.1455078125
25.0,pgd,7,0.1357421875,0.1357421875,0.1357421875,0.1357421875,0.1357421875
25.0,momentum,0,0.1767578125,0.1767578125,0.1767578125,0.1767578125,0.1767578125
25.0,momentum,1,0.1767578125,0.1767578125,0.1767578125,0.1767578125,0.1767578125
25.0,momentum,2,0.177001953125,0.177001953125,0.177001953125,0.177001953125,0.177001953125
25.0,momentum,3,0.17822265625,0.17822265625,0.17822265625,0.17822265625,0.17822265625
25.0,momentum,4,0.173095703125,0.173095703125,0.173095703125,0.173095703125,0.173095703125
25.0,momentum,5,0.192626953125,0.192626953125,0.192626953125,0.192626953125,0.192626953125
25.0,momentum,6,0.162841796875,0.162841796875,0.162841796875,0.162841796875,0.162841796875
25.0,momentum,7,0.1796875,0.1796875,0.1796875,0.1796875,0.1796875
25.0,nesterov,0,0.147216796875,0.147216796875,0.147216796875,0.147216796875,0.147216796875
25.0,nesterov,1,0.14404296875,0.14404296875,0.14404296875,0.14404296875,0.14404296875
25.0,nesterov,2,0.1552734375,0.1552734375,0.1552734375,0.1552734375,0.1552734375
25.0,nesterov,3,0.153076171875,0.153076171875,0.153076171875,0.153076171875,0.153076171875
25.0,nesterov,4,0.145263671875,0.145263671875,0.145263671875,0.145263671875,0.145263671875
25.0,nesterov,5,0.1416015625,0.1416015625,0.1416015625,0.1416015625,0.1416015625
25.0,nesterov,6,0.150146484375,0.150146484375,0.150146484375,0.150146484375,0.150146484375
25.0,nesterov,7,0.145751953125,0.145751953125,0.145751953125,0.145751953125,0.145751953125
25.0,adam,0,0.33349609375,0.33349609375,0.33349609375,0.33349609375,0.33349609375
25.0,adam,1,0.36474609375,0.36474609375,0.36474609375,0.36474609375,0.36474609375
25.0,adam,2,0.35205078125,0.35205078125,0.35205078125,0.35205078125,0.35205078125
25.0,adam,3,0.33984375,0.33984375,0.33984375,0.33984375,0.33984375
25.0,adam,4,0.358154296875,0.358154296875,0.358154296875,0.358154296875,0.358154296875
25.0,adam,5,0.357421875,0.357421875,0.357421875,0.357421875,0.357421875
25.0,adam,6,0.3642578125,0.3642578125,0.3642578125,0.3642578125,0.3642578125
25.0,adam,7,0.33642578125,0.33642578125,0.33642578125,0.33642578125,0.33642578125
25.0,lbfgsb,0,0.2529296875,0.2529296875,0.2529296875,0.2529296875,0.2529296875
25.0,lbfgsb,1,0.270263671875,0.270263671875,0.270263671875,0.270263671875,0.270263671875
25.0,lbfgsb,2,0.265625,0.265625,0.265625,0.265625,0.265625
25.0,lbfgsb,3,0.21484375,0.21484375,0.21484375,0.21484375,0.21484375
25.0,lbfgsb,4,0.24560546875,0.24560546875,0.24560546875,0.24560546875,0.24560546875
25.0,lbfgsb,5,0.323486328125,0.323486328125,0.323486328125,0.323486328125,0.323486328125
25.0,lbfgsb,6,0.21240234375,0.21240234375,0.21240234375,0.21240234375,0.21240234375
25.0,lbfgsb,7,0.328857421875,0.328857421875,0.328857421875,0.328857421875,0.328857421875
30.0,pgd,0,0.102783203125,0.102783203125,0.102783203125,0.102783203125,0.102783203125
30.0,pgd,1,0.09326171875,0.09326171875,0.09326171875,0.09326171875,0.09326171875
30.0,pgd,2,0.096435546875,0.096435546875,0.096435546875,0.096435546875,0.096435546875
30.0,pgd,3,0.096923828125,0.096923828125,0.096923828125,0.096923828125,0.096923828125
30.0,pgd,4,0.1015625,0.1015625,0.1015625,0.1015625,0.1015625
30.0,pgd,5,0.097900390625,0.097900390625,0.097900390625,0.097900390625,0.097900390625
30.0,pgd,6,0.096923828125,0.096923828125,0.096923828125,0.096923828125,0.096923828125
30.0,pgd,7,0.089111328125,0.089111328125,0.089111328125,0.089111328125,0.089111328125
30.0,momentum,0,0.076904296875,0.076904296875,0.076904296875,0.076904296875,0.076904296875
30.0,momentum,1,0.08642578125,0.08642578125,0.08642578125,0.08642578125,0.08642578125
30.0,momentum,2,0.0859375,0.0859375,0.0859375,0.0859375,0.0859375
30.0,momentum,3,0.0869140625,0.0869140625,0.0869140625,0.0869140625,0.0869140625
30.0,momentum,4,0.08837890625,0.08837890625,0.08837890625,0.08837890625,0.08837890625
30.0,momentum,5,0.083740234375,0.083740234375,0.083740234375,0.083740234375,0.083740234375
30.0,momentum,6,0.08251953125,0.08251953125,0.08251953125,0.08251953125,0.08251953125
30.0,momentum,7,0.091552734375,0.091552734375,0.091552734375,0.091552734375,0.091552734375
30.0,nesterov,0,0.091552734375,0.091552734375,0.091552734375,0.091552734375,0.091552734375
30.0,nesterov,1,0.100341796875,0.100341796875,0.100341796875,0.100341796875,0.100341796875
30.0,nesterov,2,0.09619140625,0.09619140625,0.09619140625,0.09619140625,0.09619140625
30.0,nesterov,3,0.086181640625,0.086181640625,0.086181640625,0.086181640625,0.086181640625
30.0,nesterov,4,0.090087890625,0.090087890625,0.090087890625,0.090087890625,0.090087890625
30.0,nesterov,5,0.085205078125,0.085205078125,0.085205078125,0.085205078125,0.085205078125
30.0,nesterov,6,0.101806640625,0.101806640625,0.101806640625,0.101806640625,0.101806640625
30.0,nesterov,7,0.093017578125,0.093017578125,0.093017578125,0.093017578125,0.093017578125
30.0,adam,0,0.260986328125,0.260986328125,0.260986328125,0.260986328125,0.260986328125
30.0,adam,1,0.29638671875,0.29638671875,0.29638671875,0.29638671875,0.29638671875
30.0,adam,2,0.273193359375,0.273193359375,0.273193359375,0.273193359375,0.273193359375
30.0,adam,3,0.268310546875,0.268310546875,0.268310546875,0.268310546875,0.268310546875
30.0,adam,4,0.289306640625,0.289306640625,0.289306640625,0.289306640625,0.289306640625
30.0,adam,5,0.2744140625,0.2744140625,0.2744140625,0.2744140625,0.2744140625
30.0,adam,6,0.290283203125,0.290283203125,0.290283203125,0.290283203125,0.290283203125
30.0,adam,7,0.262451171875,0.262451171875,0.262451171875,0.262451171875,0.262451171875
30.0,lbfgsb,0,0.19677734375,0.19677734375,0.19677734375,0.19677734375,0.19677734375
30.0,lbfgsb,1,0.15234375,0.15234375,0.15234375,0.15234375,0.15234375
30.0,lbfgsb,2,0.17529296875,0.17529296875,0.17529296875,0.17529296875,0.17529296875
30.0,lbfgsb,3,0.23974609375,0.23974609375,0.23974609375,0.23974609375,0.23974609375
30.0,lbfgsb,4,0.142333984375,0.142333984375,0.142333984375,0.142333984375,0.142333984375
30.0,lbfgsb,5,0.126953125,0.126953125,0.126953125,0.126953125,0.126953125
30.0,lbfgsb,6,0.1689453125,0.1689453125,0.1689453125,0.1689453125,0.1689453125
30.0,lbfgsb,7,0.168701171875,0.168701171875,0.168701171875,0.168701171875,0.168701171875
40.0,pgd,0,0.05029296875,0.05029296875,0.05029296875,0.05029296875,0.05029296875
40.0,pgd,1,0.063232421875,0.063232421875,0.063232421875,0.063232421875,0.063232421875
40.0,pgd,2,0.05859375,0.05859375,0.05859375,0.05859375,0.05859375
40.0,pgd,3,0.058837890625,0.058837890625,0.058837890625,0.058837890625,0.058837890625
40.0,pgd,4,0.056884765625,0.056884765625,0.056884765625,0.056884765625,0.056884765625
40.0,pgd,5,0.052490234375,0.052490234375,0.052490234375,0.052490234375,0.052490234375
40.0,pgd,6,0.055419921875,0.055419921875,0.055419921875,0.055419921875,0.055419921875
40.0,pgd,7,0.064697265625,0.064697265625,0.064697265625,0.064697265625,0.064697265625
40.0,momentum,0,0.039794921875,0.039794921875,0.039794921875,0.039794921875,0.039794921875
40.0,momentum,1,0.03662109375,0.03662109375,0.03662109375,0.03662109375,0.03662109375
40.0,momentum,2,0.03466796875,0.03466796875,0.03466796875,0.03466796875,0.03466796875
40.0,momentum,3,0.0361328125,0.0361328125,0.0361328125,0.0361328125,0.0361328125
40.0,momentum,4,0.0380859375,0.0380859375,0.0380859375,0.0380859375,0.0380859375
40.0,momentum,5,0.036865234375,0.036865234375,0.036865234375,0.036865234375,0.036865234375
40.0,momentum,6,0.03466796875,0.03466796875,0.03466796875,0.03466796875,0.03466796875
40.0,momentum,7,0.04296875,0.04296875,0.04296875,0.04296875,0.04296875
40.0,nesterov,0,0.057861328125,0.057861328125,0.057861328125,0.057861328125,0.057861328125
40.0,nesterov,1,0.0556640625,0.0556640625,0.0556640625,0.0556640625,0.0556640625
40.0,nesterov,2,0.064208984375,0.064208984375,0.064208984375,0.064208984375,0.064208984375
40.0,nesterov,3,0.05810546875,0.05810546875,0.05810546875,0.05810546875,0.05810546875
40.0,nesterov,4,0.052490234375,0.052490234375,0.052490234375,0.052490234375,0.052490234375
40.0,nesterov,5,0.063720703125,0.063720703125,0.063720703125,0.063720703125,0.063720703125
40.0,nesterov,6,0.057373046875,0.057373046875,0.057373046875,0.057373046875,0.057373046875
40.0,nesterov,7,0.055419921875,0.055419921875,0.055419921875,0.055419921875,0.055419921875
40.0,adam,0,0.18701171875,0.18701171875,0.18701171875,0.18701171875,0.18701171875
40.0,adam,1,0.196044921875,0.196044921875,0.196044921875,0.196044921875,0.196044921875
40.0,adam,2,0.185302734375,0.185302734375,0.185302734375,0.185302734375,0.185302734375
40.0,adam,3,0.181884765625,0.181884765625,0.181884765625,0.181884765625,0.181884765625
40.0,adam,4,0.194580078125,0.194580078125,0.194580078125,0.194580078125,0.194580078125
40.0,adam,5,0.192626953125,0.192626953125,0.192626953125,0.192626953125,0.192626953125
40.0,adam,6,0.19580078125,0.19580078125,0.19580078125,0.19580078125,0.19580078125
40.0,adam,7,0.188720703125,0.188720703125,0.188720703125,0.188720703125,0.188720703125
40.0,lbfgsb,0,0.107177734375,0.107177734375,0.107177734375,0.107177734375,0.107177734375
40.0,lbfgsb,1,0.118408203125,0.118408203125,0.118408203125,0.118408203125,0.118408203125
40.0,lbfgsb,2,0.103515625,0.103515625,0.103515625,0.103515625,0.103515625
40.0,lbfgsb,3,0.148681640625,0.148681640625,0.148681640625,0.148681640625,0.148681640625
40.0,lbfgsb,4,0.1376953125,0.1376953125,0.1376953125,0.1376953125,0.1376953125
40.0,lbfgsb,5,0.177490234375,0.177490234375,0.177490234375,0.177490234375,0.177490234375
40.0,lbfgsb,6,0.203125,0.203125,0.203125,0.203125,0.203125
40.0,lbfgsb,7,0.21875,0.21875,0.21875,0.21875,0.21875
60.0,pgd,0,0.033447265625,0.033447265625,0.033447265625,0.033447265625,0.033447265625
60.0,pgd,1,0.035888671875,0.035888671875,0.035888671875,0.035888671875,0.035888671875
60.0,pgd,2,0.036376953125,0.036376953125,0.036376953125,0.036376953125,0.036376953125
60.0,pgd,3,0.0400390625,0.0400390625,0.0400390625,0.0400390625,0.0400390625
60.0,pgd,4,0.040283203125,0.040283203125,0.040283203125,0.040283203125,0.040283203125
60.0,pgd,5,0.04296875,0.04296875,0.04296875,0.04296875,0.04296875
60.0,pgd,6,0.039794921875,0.039794921875,0.039794921875,0.039794921875,0.039794921875
60.0,pgd,7,0.04150390625,0.04150390625,0.04150390625,0.04150390625,0.04150390625
60.0,momentum,0,0.016357421875,0.016357421875,0.016357421875,0.016357421875,0.016357421875
60.0,momentum,1,0.0146484375,0.0146484375,0.0146484375,0.0146484375,0.0146484375
60.0,momentum,2,0.021240234375,0.021240234375,0.021240234375,0.021240234375,0.021240234375
60.0,momentum,3,0.018310546875,0.018310546875,0.018310546875,0.018310546875,0.018310546875
60.0,momentum,4,0.01953125,0.01953125,0.01953125,0.01953125,0.01953125
60.0,momentum,5,0.019775390625,0.019775390625,0.019775390625,0.019775390625,0.019775390625
60.0,momentum,6,0.020751953125,0.020751953125,0.020751953125,0.020751953125,0.020751953125
60.0,momentum,7,0.021728515625,0.021728515625,0.021728515625,0.021728515625,0.021728515625
60.0,nesterov,0,0.03076171875,0.03076171875,0.03076171875,0.03076171875,0.03076171875
60.0,nesterov,1,0.040771484375,0.040771484375,0.040771484375,0.040771484375,0.040771484375
60.0,nesterov,2,0.034423828125,0.034423828125,0.034423828125,0.034423828125,0.034423828125
60.0,nesterov,3,0.03515625,0.03515625,0.03515625,0.03515625,0.03515625
60.0,nesterov,4,0.02880859375,0.02880859375,0.02880859375,0.02880859375,0.02880859375
60.0,nesterov,5,0.035400390625,0.035400390625,0.035400390625,0.035400390625,0.035400390625
60.0,nesterov,6,0.029541015625,0.029541015625,0.029541015625,0.029541015625,0.029541015625
60.0,nesterov,7,0.03125,0.03125,0.03125,0.03125,0.03125
60.0,adam,0,0.103515625,0.103515625,0.103515625,0.103515625,0.103515625
60.0,adam,1,0.11669921875,0.11669921875,0.11669921875,0.11669921875,0.11669921875
60.0,adam,2,0.114501953125,0.114501953125,0.114501953125,0.114501953125,0.114501953125
60.0,adam,3,0.1083984375,0.1083984375,0.1083984375,0.1083984375,0.1083984375
60.0,adam,4,0.10693359375,0.10693359375,0.10693359375,0.10693359375,0.10693359375
60.0,adam,5,0.115966796875,0.115966796875,0.115966796875,0.115966796875,0.115966796875
60.0,adam,6,0.114501953125,0.114501953125,0.114501953125,0.114501953125,0.114501953125
60.0,adam,7,0.10888671875,0.10888671875,0.10888671875,0.10888671875,0.10888671875
60.0,lbfgsb,0,0.02587890625,0.02587890625,0.02587890625,0.02587890625,0.02587890625
60.0,lbfgsb,1,0.09228515625,0.09228515625,0.09228515625,0.09228515625,0.09228515625
60.0,lbfgsb,2,0.115478515625,0.115478515625,0.115478515625,0.115478515625,0.115478515625
60.0,lbfgsb,3,0.044921875,0.044921875,0.044921875,0.044921875,0.044921875
60.0,lbfgsb,4,0.064453125,0.064453125,0.064453125,0.064453125,0.064453125
60.0,lbfgsb,5,0.102783203125,0.102783203125,0.102783203125,0.102783203125,0.102783203125
60.0,lbfgsb,6,0.10986328125,0.10986328125,0.10986328125,0.10986328125,0.10986328125
60.0,lbfgsb,7,0.088623046875,0.088623046875,0.088623046875,0.088623046875,0.088623046875
