image_h,image_w,kernel_name,target_name,alpha,c,activation,noise_std,tv_lambda,tikhonov_lambda,optimizer,init_mode,seed,time_sec,loss_init,loss_final,grad_init,grad_final,output_mse_final,output_binary_acc_final,output_iou_final,input_psnr_final,input_ssim_final,active_grad_frac_final,saturation_frac_final,rel_loss_reduction,num_iters_recorded,scipy_message,scipy_success,scipy_nit
64,64,identity_like,checkerboard,10.0,0.5,sigmoid,0.0,0.0,0.0,pgd,random,0,40.006208658218384,1686.7914395226917,0.18347726231429043,90.85632948322402,0.05695289885925769,4.479425349469981e-05,1.0,1.0,100.0,0.9999999999960081,1.0,0.0,0.9998912270610253,600,,,
64,64,identity_like,checkerboard,10.0,0.5,sigmoid,0.0,0.0,0.0,pgd,random,1,38.89614152908325,1631.6323909521104,0.18347726231429043,90.45505502182269,0.05695289885925769,4.479425349469981e-05,1.0,1.0,100.0,0.9999999999960081,1.0,0.0,0.999887549877453,600,,,
64,64,identity_like,checkerboard,10.0,0.5,sigmoid,0.0,0.0,0.0,pgd,random,2,41.13246393203735,1636.8626146024437,0.18347726231429043,89.86568916675462,0.05695289885925769,4.479425349469981e-05,1.0,1.0,100.0,0.9999999999960081,1.0,0.0,0.9998879091863437,600,,,
64,64,identity_like,checkerboard,10.0,0.5,sigmoid,0.0,0.0,0.0,pgd,random,3,39.67357611656189,1673.8145944622584,0.18347726231429043,89.32129266983597,0.05695289885925769,4.479425349469981e-05,1.0,1.0,100.0,0.9999999999960081,1.0,0.0,0.9998903837599927,600,,,
64,64,identity_like,checkerboard,10.0,0.5,sigmoid,0.0,0.0,0.0,pgd,random,4,38.94325518608093,1646.5957133773934,0.18347726231429043,91.08036005930171,0.05695289885925769,4.479425349469981e-05,1.0,1.0,100.0,0.9999999999960081,1.0,0.0,0.9998885717600116,600,,,
64,64,identity_like,checkerboard,10.0,0.5,sigmoid,0.0,0.0,0.0,pgd,random,5,38.30298686027527,1648.1911316542469,0.18347726231429043,91.26140772733609,0.05695289885925769,4.479425349469981e-05,1.0,1.0,100.0,0.9999999999960081,1.0,0.0,0.9998886796204697,600,,,
64,64,identity_like,checkerboard,10.0,0.5,sigmoid,0.0,0.0,0.0,pgd,random,6,39.258498668670654,1622.2110427860198,0.18347726231429043,90.99361662840445,0.05695289885925769,4.479425349469981e-05,1.0,1.0,100.0,0.9999999999960081,1.0,0.0,0.9998868967985823,600,,,
64,64,identity_like,checkerboard,10.0,0.5,sigmoid,0.0,0.0,0.0,pgd,random,7,40.322553873062134,1591.8022944545778,0.18347726231429043,88.91827014866082,0.05695289885925769,4.479425349469981e-05,1.0,1.0,100.0,0.9999999999960081,1.0,0.0,0.9998847361491101,600,,,
64,64,identity_like,checkerboard,10.0,0.5,sigmoid,0.0,0.0,0.0,momentum,random,0,42.280070543289185,1686.7914395226917,0.18347726231429043,90.85632948322402,0.05695289885925769,4.479425349469981e-05,1.0,1.0,100.0,0.9999999999960081,1.0,0.0,0.9998912270610253,600,,,
64,64,identity_like,checkerboard,10.0,0.5,sigmoid,0.0,0.0,0.0,momentum,random,1,43.591941356658936,1631.6323909521104,0.18347726231429043,90.45505502182269,0.05695289885925769,4.479425349469981e-05,1.0,1.0,100.0,0.9999999999960081,1.0,0.0,0.999887549877453,600,,,
64,64,identity_like,checkerboard,10.0,0.5,sigmoid,0.0,0.0,0.0,momentum,random,2,41.66695952415466,1636.8626146024437,0.18347726231429043,89.86568916675462,0.05695289885925769,4.479425349469981e-05,1.0,1.0,100.0,0.9999999999960081,1.0,0.0,0.9998879091863437,600,,,
64,64,identity_like,checkerboard,10.0,0.5,sigmoid,0.0,0.0,0.0,momentum,random,3,42.94347143173218,1673.8145944622584,0.18347726231429043,89.32129266983597,0.05695289885925769,4.479425349469981e-05,1.0,1.0,100.0,0.9999999999960081,1.0,0.0,0.9998903837599927,600,,,
64,64,identity_like,checkerboard,10.0,0.5,sigmoid,0.0,0.0,0.0,momentum,random,4,42.48549723625183,1646.5957133773934,0.18347726231429043,91.08036005930171,0.05695289885925769,4.479425349469981e-05,1.0,1.0,100.0,0.9999999999960081,1.0,0.0,0.9998885717600116,600,,,
64,64,identity_like,checkerboard,10.0,0.5,sigmoid,0.0,0.0,0.0,momentum,random,5,43.757994174957275,1648.1911316542469,0.18347726231429043,91.26140772733609,0.05695289885925769,4.479425349469981e-05,1.0,1.0,100.0,0.9999999999960081,1.0,0.0,0.9998886796204697,600,,,
64,64,identity_like,checkerboard,10.0,0.5,sigmoid,0.0,0.0,0.0,momentum,random,6,42.22221040725708,1622.2110427860198,0.18347726231429043,90.99361662840445,0.05695289885925769,4.479425349469981e-05,1.0,1.0,100.0,0.9999999999960081,1.0,0.0,0.9998868967985823,600,,,
64,64,identity_like,checkerboard,10.0,0.5,sigmoid,0.0,0.0,0.0,momentum,random,7,42.52913784980774,1591.8022944545778,0.18347726231429043,88.91827014866082,0.05695289885925769,4.479425349469981e-05,1.0,1.0,100.0,0.9999999999960081,1.0,0.0,0.9998847361491101,600,,,
64,64,identity_like,checkerboard,10.0,0.5,sigmoid,0.0,0.0,0.0,nesterov,random,0,45.118409633636475,1686.7914395226917,0.18347726231429043,90.85632948322402,0.05695289885925769,4.479425349469981e-05,1.0,1.0,100.0,0.9999999999960081,1.0,0.0,0.9998912270610253,600,,,
64,64,identity_like,checkerboard,10.0,0.5,sigmoid,0.0,0.0,0.0,nesterov,random,1,46.33896493911743,1631.6323909521104,0.18347726231429043,90.45505502182269,0.05695289885925769,4.479425349469981e-05,1.0,1.0,100.0,0.9999999999960081,1.0,0.0,0.999887549877453,600,,,
64,64,identity_like,checkerboard,10.0,0.5,sigmoid,0.0,0.0,0.0,nesterov,random,2,45.490559339523315,1636.8626146024437,0.18347726231429043,89.86568916675462,0.05695289885925769,4.479425349469981e-05,1.0,1.0,100.0,0.9999999999960081,1.0,0.0,0.9998879091863437,600,,,
64,64,identity_like,checkerboard,10.0,0.5,sigmoid,0.0,0.0,0.0,nesterov,random,3,45.94400691986084,1673.8145944622584,0.18347726231429043,89.32129266983597,0.05695289885925769,4.479425349469981e-05,1.0,1.0,100.0,0.9999999999960081,1.0,0.0,0.9998903837599927,600,,,
64,64,identity_like,checkerboard,10.0,0.5,sigmoid,0.0,0.0,0.0,nesterov,random,4,46.24781250953674,1646.5957133773934,0.18347726231429043,91.08036005930171,0.05695289885925769,4.479425349469981e-05,1.0,1.0,100.0,0.9999999999960081,1.0,0.0,0.9998885717600116,600,,,
64,64,identity_like,checkerboard,10.0,0.5,sigmoid,0.0,0.0,0.0,nesterov,random,5,46.693058013916016,1648.1911316542469,0.18347726231429043,91.26140772733609,0.05695289885925769,4.479425349469981e-05,1.0,1.0,100.0,0.9999999999960081,1.0,0.0,0.9998886796204697,600,,,
64,64,identity_like,checkerboard,10.0,0.5,sigmoid,0.0,0.0,0.0,nesterov,random,6,46.50862169265747,1622.2110427860198,0.18347726231429043,90.99361662840445,0.05695289885925769,4.479425349469981e-05,1.0,1.0,100.0,0.9999999999960081,1.0,0.0,0.9998868967985823,600,,,
64,64,identity_like,checkerboard,10.0,0.5,sigmoid,0.0,0.0,0.0,nesterov,random,7,46.442009925842285,1591.8022944545778,0.18347726231429043,88.91827014866082,0.05695289885925769,4.479425349469981e-05,1.0,1.0,100.0,0.9999999999960081,1.0,0.0,0.9998847361491101,600,,,
64,64,identity_like,checkerboard,10.0,0.5,sigmoid,0.0,0.0,0.0,adam,random,0,53.96090888977051,1686.7914395226917,0.18347726231429043,90.85632948322402,0.05695289885925769,4.479425349469981e-05,1.0,1.0,100.0,0.9999999999960081,1.0,0.0,0.9998912270610253,600,,,
64,64,identity_like,checkerboard,10.0,0.5,sigmoid,0.0,0.0,0.0,adam,random,1,52.88933253288269,1631.6323909521104,0.18347726231429043,90.45505502182269,0.05695289885925769,4.479425349469981e-05,1.0,1.0,100.0,0.9999999999960081,1.0,0.0,0.999887549877453,600,,,
64,64,identity_like,checkerboard,10.0,0.5,sigmoid,0.0,0.0,0.0,adam,random,2,52.50096869468689,1636.8626146024437,0.18347726231429043,89.86568916675462,0.05695289885925769,4.479425349469981e-05,1.0,1.0,100.0,0.9999999999960081,1.0,0.0,0.9998879091863437,600,,,
64,64,identity_like,checkerboard,10.0,0.5,sigmoid,0.0,0.0,0.0,adam,random,3,53.41976523399353,1673.8145944622584,0.18347726231429043,89.32129266983597,0.05695289885925769,4.479425349469981e-05,1.0,1.0,100.0,0.9999999999960081,1.0,0.0,0.9998903837599927,600,,,
64,64,identity_like,checkerboard,10.0,0.5,sigmoid,0.0,0.0,0.0,adam,random,4,52.81517243385315,1646.5957133773934,0.18347726231429043,91.08036005930171,0.05695289885925769,4.479425349469981e-05,1.0,1.0,100.0,0.9999999999960081,1.0,0.0,0.9998885717600116,600,,,
64,64,identity_like,checkerboard,10.0,0.5,sigmoid,0.0,0.0,0.0,adam,random,5,54.12650775909424,1648.1911316542469,0.18347726231429043,91.26140772733609,0.05695289885925769,4.479425349469981e-05,1.0,1.0,100.0,0.9999999999960081,1.0,0.0,0.9998886796204697,600,,,
64,64,identity_like,checkerboard,10.0,0.5,sigmoid,0.0,0.0,0.0,adam,random,6,54.040915966033936,1622.2110427860198,0.18347726231429043,90.99361662840445,0.05695289885925769,4.479425349469981e-05,1.0,1.0,100.0,0.9999999999960081,1.0,0.0,0.9998868967985823,600,,,
64,64,identity_like,checkerboard,10.0,0.5,sigmoid,0.0,0.0,0.0,adam,random,7,53.826194047927856,1591.8022944545778,0.18347726231429043,88.91827014866082,0.05695289885925769,4.479425349469981e-05,1.0,1.0,100.0,0.9999999999960081,1.0,0.0,0.9998847361491101,600,,,
64,64,identity_like,checkerboard,10.0,0.5,sigmoid,0.0,0.0,0.0,lbfgsb,random,0,1.4670307636260986,1686.7914395226917,0.18347726231429043,90.85632948322402,0.05695289885925769,4.479425349469981e-05,1.0,1.0,100.0,0.9999999999960081,1.0,0.0,0.9998912270610253,10,CONVERGENCE: NORM_OF_PROJECTED_GRADIENT_<=_PGTOL,True,10.0
64,64,identity_like,checkerboard,10.0,0.5,sigmoid,0.0,0.0,0.0,lbfgsb,random,1,1.463148593902588,1631.6323909521104,0.18347726231429043,90.45505502182269,0.05695289885925769,4.479425349469981e-05,1.0,1.0,100.0,0.9999999999960081,1.0,0.0,0.999887549877453,10,CONVERGENCE: NORM_OF_PROJECTED_GRADIENT_<=_PGTOL,True,10.0
64,64,identity_like,checkerboard,10.0,0.5,sigmoid,0.0,0.0,0.0,lbfgsb,random,2,1.6163561344146729,1636.8626146024437,0.18347726231429043,89.86568916675462,0.05695289885925769,4.479425349469981e-05,1.0,1.0,100.0,0.9999999999960081,1.0,0.0,0.9998879091863437,10,CONVERGENCE: NORM_OF_PROJECTED_GRADIENT_<=_PGTOL,True,10.0
64,64,identity_like,checkerboard,10.0,0.5,sigmoid,0.0,0.0,0.0,lbfgsb,random,3,1.7468080520629883,1673.8145944622584,0.18347726231429043,89.32129266983597,0.05695289885925769,4.479425349469981e-05,1.0,1.0,100.0,0.9999999999960081,1.0,0.0,0.9998903837599927,11,CONVERGENCE: NORM_OF_PROJECTED_GRADIENT_<=_PGTOL,True,11.0
64,64,identity_like,checkerboard,10.0,0.5,sigmoid,0.0,0.0,0.0,lbfgsb,random,4,1.5880353450775146,1646.5957133773934,0.18347726231429043,91.08036005930171,0.05695289885925769,4.479425349469981e-05,1.0,1.0,100.0,0.9999999999960081,1.0,0.0,0.9998885717600116,11,CONVERGENCE: NORM_OF_PROJECTED_GRADIENT_<=_PGTOL,True,11.0
64,64,identity_like,checkerboard,10.0,0.5,sigmoid,0.0,0.0,0.0,lbfgsb,random,5,1.376621961593628,1648.1911316542469,0.18347726231429043,91.26140772733609,0.05695289885925769,4.479425349469981e-05,1.0,1.0,100.0,0.9999999999960081,1.0,0.0,0.9998886796204697,10,CONVERGENCE: NORM_OF_PROJECTED_GRADIENT_<=_PGTOL,True,10.0
64,64,identity_like,checkerboard,10.0,0.5,sigmoid,0.0,0.0,0.0,lbfgsb,random,6,1.3679213523864746,1622.2110427860198,0.18347726231429043,90.99361662840445,0.05695289885925769,4.479425349469981e-05,1.0,1.0,100.0,0.9999999999960081,1.0,0.0,0.9998868967985823,10,CONVERGENCE: NORM_OF_PROJECTED_GRADIENT_<=_PGTOL,True,10.0
64,64,identity_like,checkerboard,10.0,0.5,sigmoid,0.0,0.0,0.0,lbfgsb,random,7,1.4381487369537354,1591.8022944545778,0.18347726231429043,88.91827014866082,0.05695289885925769,4.479425349469981e-05,1.0,1.0,100.0,0.9999999999960081,1.0,0.0,0.9998847361491101,11,CONVERGENCE: NORM_OF_PROJECTED_GRADIENT_<=_PGTOL,True,11.0
64,64,avg_blur,checkerboard,10.0,0.5,sigmoid,0.0,0.0,0.0,pgd,random,0,39.646249294281006,1246.7039532219371,73.13359146099558,111.44756474393192,7.667321316824908,0.017854880727782123,1.0,1.0,15.434770074401706,0.9355532454559823,1.0,0.0,0.9413384458499616,600,,,
64,64,avg_blur,checkerboard,10.0,0.5,sigmoid,0.0,0.0,0.0,pgd,random,1,39.70198702812195,1186.627027453138,73.13369363353019,107.9531831171494,7.667371607993475,0.01785490567224858,1.0,1.0,15.461326170818001,0.9359798099264404,1.0,0.0,0.9383684241623105,600,,,
64,64,avg_blur,checkerboard,10.0,0.5,sigmoid,0.0,0.0,0.0,pgd,random,2,39.31743049621582,1176.1210052025895,73.13364694612375,107.07019602724333,7.666948030618815,0.017854894273955993,1.0,1.0,15.523901092513002,0.9368488184109917,1.0,0.0,0.9378179229665861,600,,,
64,64,avg_blur,checkerboard,10.0,0.5,sigmoid,0.0,0.0,0.0,pgd,random,3,41.119290828704834,1215.713113323876,73.13327686149125,107.8976196368408,7.66730007651389,0.017854803921262513,1.0,1.0,15.60578944432099,0.9379603369723931,1.0,0.0,0.9398433100211134,600,,,
64,64,avg_blur,checkerboard,10.0,0.5,sigmoid,0.0,0.0,0.0,pgd,random,4,39.683785915374756,1194.206361585867,73.12738534567097,108.70234121444102,7.665827841537676,0.017853365562907952,1.0,1.0,15.433095744258152,0.9356532630299845,1.0,0.0,0.9387648670297148,600,,,
64,64,avg_blur,checkerboard,10.0,0.5,sigmoid,0.0,0.0,0.0,pgd,random,5,41.80507040023804,1187.2823479119234,73.12910592208604,106.83669592617021,7.666464778018689,0.017853785625509287,1.0,1.0,15.76108742016604,0.9402462213993859,1.0,0.0,0.9384063057530516,600,,,
64,64,avg_blur,checkerboard,10.0,0.5,sigmoid,0.0,0.0,0.0,pgd,random,6,40.16812872886658,1172.9087025157319,73.13094036567327,109.5931772292904,7.666395862314977,0.0178542334877132,1.0,1.0,15.712126160079102,0.9395164849498164,1.0,0.0,0.9376499294371189,600,,,
64,64,avg_blur,checkerboard,10.0,0.5,sigmoid,0.0,0.0,0.0,pgd,random,7,40.64625334739685,1140.5280309023253,73.12684210039514,107.68575909188702,7.665796388425087,0.01785323293466678,1.0,1.0,15.661394942611155,0.9388399288706135,1.0,0.0,0.9358833451532611,600,,,
64,64,avg_blur,checkerboard,10.0,0.5,sigmoid,0.0,0.0,0.0,momentum,random,0,43.830241441726685,1246.7039532219371,72.90629408874771,111.44756474393192,7.629333559624254,0.017799388205260672,1.0,1.0,24.286940560453793,0.9923986917990714,1.0,0.0,0.9415207644923791,600,,,
64,64,avg_blur,checkerboard,10.0,0.5,sigmoid,0.0,0.0,0.0,momentum,random,1,43.90690302848816,1186.627027453138,72.90666360910605,107.9531831171494,7.629409413109237,0.017799478420191906,1.0,1.0,24.388054689921177,0.99257066418321,1.0,0.0,0.9385597479895718,600,,,
64,64,avg_blur,checkerboard,10.0,0.5,sigmoid,0.0,0.0,0.0,momentum,random,2,42.29047632217407,1176.1210052025895,72.90652317599259,107.07019602724333,7.6293570178753285,0.017799444134763816,1.0,1.0,24.4930057706849,0.9927508539107407,1.0,0.0,0.9380110355537488,600,,,
64,64,avg_blur,checkerboard,10.0,0.5,sigmoid,0.0,0.0,0.0,momentum,random,3,42.011680603027344,1215.713113323876,72.90698486965398,107.8976196368408,7.629441672900158,0.017799556852942867,1.0,1.0,24.717478994578457,0.9931088348779327,1.0,0.0,0.9400294493243398,600,,,
64,64,avg_blur,checkerboard,10.0,0.5,sigmoid,0.0,0.0,0.0,momentum,random,4,43.4235565662384,1194.206361585867,72.9068102615197,108.70234121444102,7.629441082135888,0.017799514224003832,1.0,1.0,24.20900930983244,0.9922578332703537,1.0,0.0,0.9389495713582519,600,,,
64,64,avg_blur,checkerboard,10.0,0.5,sigmoid,0.0,0.0,0.0,momentum,random,5,44.26739311218262,1187.2823479119234,72.90481673587703,106.83669592617021,7.628997390125364,0.01779902752340748,1.0,1.0,26.036457364711016,0.9949305699193143,1.0,0.0,0.9385952154817303,600,,,
64,64,avg_blur,checkerboard,10.0,0.5,sigmoid,0.0,0.0,0.0,momentum,random,6,43.77991318702698,1172.9087025157319,72.90510076981644,109.5931772292904,7.629063356584196,0.017799096867630967,1.0,1.0,25.819799560585682,0.9946723108602861,1.0,0.0,0.937842476048268,600,,,
64,64,avg_blur,checkerboard,10.0,0.5,sigmoid,0.0,0.0,0.0,momentum,random,7,42.6965754032135,1140.5280309023253,72.90692600118587,107.68575909188702,7.629425752914249,0.017799542480758268,1.0,1.0,24.64326007402324,0.9929928410604956,1.0,0.0,0.936076164701094,600,,,
64,64,avg_blur,checkerboard,10.0,0.5,sigmoid,0.0,0.0,0.0,nesterov,random,0,46.586424827575684,1246.7039532219371,72.91158128806225,111.44756474393192,7.630329246581656,0.017800679025405823,1.0,1.0,22.78194647549006,0.9891796469284997,1.0,0.0,0.9415165235502525,600,,,
64,64,avg_blur,checkerboard,10.0,0.5,sigmoid,0.0,0.0,0.0,nesterov,random,1,46.301778078079224,1186.627027453138,72.91279593233446,107.9531831171494,7.6305787399857685,0.017800975569417593,1.0,1.0,22.903807708189667,0.9894647009530596,1.0,0.0,0.9385545801288315,600,,,
64,64,avg_blur,checkerboard,10.0,0.5,sigmoid,0.0,0.0,0.0,nesterov,random,2,45.68037700653076,1176.1210052025895,72.9125241414713,107.07019602724333,7.630481349495596,0.01780090921422639,1.0,1.0,23.030779560697468,0.989772680268089,1.0,0.0,0.938005933216955,600,,,
64,64,avg_blur,checkerboard,10.0,0.5,sigmoid,0.0,0.0,0.0,nesterov,random,3,46.24564480781555,1215.713113323876,72.91230187657004,107.8976196368408,7.630458961508374,0.017800854950334483,1.0,1.0,23.203104916113276,0.9901690917467093,1.0,0.0,0.9400250757539163,600,,,
64,64,avg_blur,checkerboard,10.0,0.5,sigmoid,0.0,0.0,0.0,nesterov,random,4,45.71433162689209,1194.206361585867,72.91293618363417,108.70234121444102,7.630584788006025,0.017801009810457562,1.0,1.0,22.773071653347614,0.9891411808540271,1.0,0.0,0.9389444416567936,600,,,
64,64,avg_blur,checkerboard,10.0,0.5,sigmoid,0.0,0.0,0.0,nesterov,random,5,46.16982364654541,1187.2823479119234,72.91072360317449,106.83669592617021,7.630096628888291,0.01780046962968127,1.0,1.0,24.197294253092842,0.9921949649855281,1.0,0.0,0.9385902403658213,600,,,
64,64,avg_blur,checkerboard,10.0,0.5,sigmoid,0.0,0.0,0.0,nesterov,random,6,47.13741397857666,1172.9087025157319,72.91126199580913,109.5931772292904,7.630219379448117,0.017800601073195588,1.0,1.0,24.046157598873513,0.9919199823861438,1.0,0.0,0.9378372231023402,600,,,
64,64,avg_blur,checkerboard,10.0,0.5,sigmoid,0.0,0.0,0.0,nesterov,random,7,45.98708772659302,1140.5280309023253,72.91281539483892,107.68575909188702,7.630523314777623,0.017800980321005595,1.0,1.0,23.153581587298543,0.9900531713985489,1.0,0.0,0.9360710009580789,600,,,
64,64,avg_blur,checkerboard,10.0,0.5,sigmoid,0.0,0.0,0.0,adam,random,0,53.198527812957764,1246.7039532219371,72.97354260409256,111.44756474393192,7.639221340766381,0.017815806299827285,1.0,1.0,21.071092263296908,0.9834685291211154,1.0,0.0,0.9414668234463345,600,,,
64,64,avg_blur,checkerboard,10.0,0.5,sigmoid,0.0,0.0,0.0,adam,random,1,53.57841897010803,1186.627027453138,72.97238355955261,107.9531831171494,7.639105160785453,0.0178155233299689,1.0,1.0,21.05724266686884,0.9833993167455889,1.0,0.0,0.9385043641588263,600,,,
64,64,avg_blur,checkerboard,10.0,0.5,sigmoid,0.0,0.0,0.0,adam,random,2,53.71203064918518,1176.1210052025895,72.96851690827268,107.07019602724333,7.638436029691326,0.01781457932330876,1.0,1.0,21.4612844444816,0.9849289414302583,1.0,0.0,0.9379583252186677,600,,,
64,64,avg_blur,checkerboard,10.0,0.5,sigmoid,0.0,0.0,0.0,adam,random,3,54.11927366256714,1215.713113323876,72.96994019811004,107.8976196368408,7.638770914927652,0.01781492680617921,1.0,1.0,21.273812197930443,0.984236108427344,1.0,0.0,0.9399776646328976,600,,,
64,64,avg_blur,checkerboard,10.0,0.5,sigmoid,0.0,0.0,0.0,adam,random,4,53.446094274520874,1194.206361585867,72.97060180631729,108.70234121444102,7.638931292363153,0.017815088331620432,1.0,1.0,20.92449847816486,0.9828978180826093,1.0,0.0,0.9388961538360802,600,,,
64,64,avg_blur,checkerboard,10.0,0.5,sigmoid,0.0,0.0,0.0,adam,random,5,53.21572208404541,1187.2823479119234,72.96843040616824,106.83669592617021,7.638682137829018,0.017814558204630918,1.0,1.0,21.90342518028032,0.9863797253373783,1.0,0.0,0.9385416362548488,600,,,
64,64,avg_blur,checkerboard,10.0,0.5,sigmoid,0.0,0.0,0.0,adam,random,6,53.21685218811035,1172.9087025157319,72.97104972670884,109.5931772292904,7.638821594215096,0.017815197687184776,1.0,1.0,21.425526067707594,0.9847796046143226,1.0,0.0,0.93778624920235,600,,,
64,64,avg_blur,checkerboard,10.0,0.5,sigmoid,0.0,0.0,0.0,adam,random,7,53.8191978931427,1140.5280309023253,72.96794932247917,107.68575909188702,7.638408400651787,0.01781444075255839,1.0,1.0,21.372802269262067,0.9846091365091476,1.0,0.0,0.9360226602543466,600,,,
64,64,avg_blur,checkerboard,10.0,0.5,sigmoid,0.0,0.0,0.0,lbfgsb,random,0,14.792819023132324,1246.7039532219371,72.89740399085403,111.44756474393192,7.627458612562373,0.017797217771204597,1.0,1.0,100.0,0.9999999999960081,1.0,0.0,0.9415278953736687,111,CONVERGENCE: NORM_OF_PROJECTED_GRADIENT_<=_PGTOL,True,111.0
64,64,avg_blur,checkerboard,10.0,0.5,sigmoid,0.0,0.0,0.0,lbfgsb,random,1,14.736604452133179,1186.627027453138,72.8974040722023,107.9531831171494,7.627458647791902,0.017797217791065016,1.0,1.0,105.11743034129326,0.9999999999345605,1.0,0.0,0.9385675512307668,114,CONVERGENCE: REL_REDUCTION_OF_F_<=_FACTR*EPSMCH,True,114.0
64,64,avg_blur,checkerboard,10.0,0.5,sigmoid,0.0,0.0,0.0,lbfgsb,random,2,15.636197090148926,1176.1210052025895,72.89740416176001,107.07019602724333,7.627458651155799,0.01779721781292969,1.0,1.0,99.80124816493473,0.9999999997870186,1.0,0.0,0.9380187890197546,115,CONVERGENCE: REL_REDUCTION_OF_F_<=_FACTR*EPSMCH,True,115.0
64,64,avg_blur,checkerboard,10.0,0.5,sigmoid,0.0,0.0,0.0,lbfgsb,random,3,16.347954750061035,1215.713113323876,72.89740409722259,107.8976196368408,7.627458636906997,0.017797217797173484,1.0,1.0,101.28515663636745,0.9999999998475056,1.0,0.0,0.940037330108323,124,CONVERGENCE: REL_REDUCTION_OF_F_<=_FACTR*EPSMCH,True,124.0
64,64,avg_blur,checkerboard,10.0,0.5,sigmoid,0.0,0.0,0.0,lbfgsb,random,4,15.655178546905518,1194.206361585867,72.897405398659,108.70234121444102,7.627458964725693,0.017797218114906983,1.0,1.0,83.21480424165483,0.9999999904730648,1.0,0.0,0.9389574467666931,114,CONVERGENCE: REL_REDUCTION_OF_F_<=_FACTR*EPSMCH,True,114.0
64,64,avg_blur,checkerboard,10.0,0.5,sigmoid,0.0,0.0,0.0,lbfgsb,random,5,15.837196111679077,1187.2823479119234,72.89740399085403,106.83669592617021,7.627458612562373,0.017797217771204597,1.0,1.0,100.0,0.9999999999960081,1.0,0.0,0.9386014589376666,121,CONVERGENCE: NORM_OF_PROJECTED_GRADIENT_<=_PGTOL,True,121.0
64,64,avg_blur,checkerboard,10.0,0.5,sigmoid,0.0,0.0,0.0,lbfgsb,random,6,13.635468482971191,1172.9087025157319,72.89741132793863,109.5931772292904,7.627460218430957,0.017797219562485016,1.0,1.0,65.85472603184927,0.999999481444929,1.0,0.0,0.9378490319224476,101,CONVERGENCE: REL_REDUCTION_OF_F_<=_FACTR*EPSMCH,True,101.0
64,64,avg_blur,checkerboard,10.0,0.5,sigmoid,0.0,0.0,0.0,lbfgsb,random,7,16.4492506980896,1140.5280309023253,72.89740507477111,107.68575909188702,7.627458874391263,0.01779721803583279,1.0,1.0,85.88337651086151,0.9999999948447603,1.0,0.0,0.936084512524345,123,CONVERGENCE: REL_REDUCTION_OF_F_<=_FACTR*EPSMCH,True,123.0
64,64,sobel_x,checkerboard,10.0,0.0,sigmoid,0.0,0.0,0.0,pgd,random,0,40.146355628967285,1797.4385376385887,251.03150852532636,144.32535533885476,79.34898881572605,0.061286989386066006,0.923583984375,0.8583710407239818,4.550575749510913,0.0037487794913597474,0.893310546875,0.02978515625,0.8603393088171333,600,,,
64,64,sobel_x,checkerboard,10.0,0.0,sigmoid,0.0,0.0,0.0,pgd,random,1,40.34971070289612,1711.5222953006808,225.36473641708983,139.61482599129573,82.32175784422103,0.05502068760182857,0.928466796875,0.8665148063781322,4.56318686202628,0.002696940575419683,0.90966796875,0.02392578125,0.868324977690403,600,,,
64,64,sobel_x,checkerboard,10.0,0.0,sigmoid,0.0,0.0,0.0,pgd,random,2,39.71307682991028,1797.5357907829027,234.61740629017274,144.06601551965434,80.31617171244015,0.057279640207561704,0.927734375,0.8652094717668488,4.559553123197221,0.003437396806125346,0.9033203125,0.02294921875,0.869478311645752,600,,,
64,64,sobel_x,checkerboard,10.0,0.0,sigmoid,0.0,0.0,0.0,pgd,random,3,40.13841462135315,1784.3104653838259,252.36275999792014,142.39927431493575,81.7950780482133,0.06161200195261722,0.92138671875,0.8540344514959202,4.548491978794803,0.0032728285684743706,0.888916015625,0.029296875,0.8585656673018314,600,,,
64,64,sobel_x,checkerboard,10.0,0.0,sigmoid,0.0,0.0,0.0,pgd,random,4,40.83856129646301,1768.0248181502152,256.13946346242614,135.42825817119518,79.17169120333722,0.06253404869688138,0.922607421875,0.8564961521050249,4.550882211564053,0.0033655770578788656,0.89111328125,0.033203125,0.85512677150629,600,,,
64,64,sobel_x,checkerboard,10.0,0.0,sigmoid,0.0,0.0,0.0,pgd,random,5,40.1682550907135,1773.572949289656,238.2590121823723,141.30740222108193,80.51505857427641,0.058168704146086984,0.927001953125,0.8641526578827805,4.557802782512889,0.000937344019184705,0.904052734375,0.0234375,0.8656615662311501,600,,,
64,64,sobel_x,checkerboard,10.0,0.0,sigmoid,0.0,0.0,0.0,pgd,random,6,41.18168520927429,1723.766352237291,262.6713755577845,143.11620930705857,82.3630888055625,0.06412875379828722,0.91796875,0.8483754512635379,4.541992609701406,0.003093613732915971,0.887939453125,0.0283203125,0.8476177614113067,600,,,
64,64,sobel_x,checkerboard,10.0,0.0,sigmoid,0.0,0.0,0.0,pgd,random,7,39.313498973846436,1823.485080966242,256.90190904270867,146.5395718142075,80.65286332639548,0.06272019263738005,0.919677734375,0.8512658227848101,4.546497651846621,0.0021671211830024237,0.8896484375,0.028564453125,0.8591148829654369,600,,,
64,64,sobel_x,checkerboard,10.0,0.0,sigmoid,0.0,0.0,0.0,momentum,random,0,43.36882472038269,1797.4385376385887,6.035614907267192,144.32535533885476,2.450497120094193,0.0014735387957195293,1.0,1.0,4.600856081420567,0.0028506685416907194,1.0,0.0,0.9966421022021723,600,,,
64,64,sobel_x,checkerboard,10.0,0.0,sigmoid,0.0,0.0,0.0,momentum,random,1,41.77265024185181,1711.5222953006808,6.035256352175709,139.61482599129573,2.450388504125388,0.0014734512578553978,1.0,1.0,4.5998302082052,0.002614581349225392,1.0,0.0,0.9964737494984747,600,,,
64,64,sobel_x,checkerboard,10.0,0.0,sigmoid,0.0,0.0,0.0,momentum,random,2,43.42617464065552,1797.5357907829027,6.035267286543258,144.06601551965434,2.45038763753405,0.001473453927378725,1.0,1.0,4.605375773530209,0.0030118332800282564,1.0,0.0,0.9966424772638799,600,,,
64,64,sobel_x,checkerboard,10.0,0.0,sigmoid,0.0,0.0,0.0,momentum,random,3,43.26002264022827,1784.3104653838259,6.035341825445853,142.39927431493575,2.450369578521608,0.0014734721253529914,1.0,1.0,4.602869343833231,0.003090122018311338,1.0,0.0,0.9966175495001944,600,,,
64,64,sobel_x,checkerboard,10.0,0.0,sigmoid,0.0,0.0,0.0,momentum,random,4,42.26523685455322,1768.0248181502152,6.035375193665505,135.42825817119518,2.45043878437029,0.0014734802718909925,1.0,1.0,4.599614813449122,0.002215175494866121,1.0,0.0,0.9965863741664102,600,,,
64,64,sobel_x,checkerboard,10.0,0.0,sigmoid,0.0,0.0,0.0,momentum,random,5,42.06752276420593,1773.572949289656,6.03513833024768,141.30740222108193,2.4503179012163536,0.001473422443908125,1.0,1.0,4.60353332024797,0.0023595954453080026,1.0,0.0,0.9965971862997431,600,,,
64,64,sobel_x,checkerboard,10.0,0.0,sigmoid,0.0,0.0,0.0,momentum,random,6,45.12774085998535,1723.766352237291,6.0349756768511655,143.11620930705857,2.4502414054021138,0.0014733827336062416,1.0,1.0,4.599805712193895,0.002932526818262486,1.0,0.0,0.9964989595782408,600,,,
64,64,sobel_x,checkerboard,10.0,0.0,sigmoid,0.0,0.0,0.0,momentum,random,7,42.18195581436157,1823.485080966242,6.035818128194667,146.5395718142075,2.4505909534266928,0.0014735884102037762,1.0,1.0,4.600659576127124,0.001984300006133275,1.0,0.0,0.9966899547513729,600,,,
64,64,sobel_x,checkerboard,10.0,0.0,sigmoid,0.0,0.0,0.0,nesterov,random,0,45.1821653842926,1797.4385376385887,6.034427902010656,144.32535533885476,2.4500450313496698,0.0014732489995143204,1.0,1.0,4.61127515378683,0.003860273824252018,1.0,0.0,0.9966427625892907,600,,,
64,64,sobel_x,checkerboard,10.0,0.0,sigmoid,0.0,0.0,0.0,nesterov,random,1,46.47616958618164,1711.5222953006808,6.03447687249526,139.61482599129573,2.450109384803879,0.001473260955199038,1.0,1.0,4.600406915695422,0.0017720755697623652,1.0,0.0,0.9964742049291065,600,,,
64,64,sobel_x,checkerboard,10.0,0.0,sigmoid,0.0,0.0,0.0,nesterov,random,2,45.3973913192749,1797.5357907829027,6.034724002584366,144.06601551965434,2.450159023351056,0.0014733212896934488,1.0,1.0,4.6059567281092,0.002981753152631262,1.0,0.0,0.996642779502067,600,,,
64,64,sobel_x,checkerboard,10.0,0.0,sigmoid,0.0,0.0,0.0,nesterov,random,3,45.25791692733765,1784.3104653838259,6.033976081066701,142.39927431493575,2.4498375975424165,0.001473138691666675,1.0,1.0,4.604405887409552,0.0025752145344182737,1.0,0.0,0.9966183149187725,600,,,
64,64,sobel_x,checkerboard,10.0,0.0,sigmoid,0.0,0.0,0.0,nesterov,random,4,45.27128195762634,1768.0248181502152,6.033977736013714,135.42825817119518,2.4499103311790003,0.0014731390957064732,1.0,1.0,4.604366436981221,0.0022103957462537172,1.0,0.0,0.9965871645725388,600,,,
64,64,sobel_x,checkerboard,10.0,0.0,sigmoid,0.0,0.0,0.0,nesterov,random,5,45.7581205368042,1773.572949289656,6.189329962421355,141.30740222108193,3.4258727262681234,0.001511066885356776,1.0,1.0,4.603408218866291,0.0027115956274040027,0.998291015625,0.00048828125,0.9965102478784984,600,,,
64,64,sobel_x,checkerboard,10.0,0.0,sigmoid,0.0,0.0,0.0,nesterov,random,6,45.945000648498535,1723.766352237291,6.0351061463054645,143.11620930705857,2.4503378401034115,0.0014734145865003575,1.0,1.0,4.597713665853799,0.0025789919673378995,1.0,0.0,0.9964988838896452,600,,,
64,64,sobel_x,checkerboard,10.0,0.0,sigmoid,0.0,0.0,0.0,nesterov,random,7,45.51205515861511,1823.485080966242,6.03511325105352,146.5395718142075,2.4503565213070146,0.0014734163210579883,1.0,1.0,4.61587719042936,0.004420931226374552,1.0,0.0,0.9966903413062993,600,,,
64,64,sobel_x,checkerboard,10.0,0.0,sigmoid,0.0,0.0,0.0,adam,random,0,53.00035524368286,1797.4385376385887,6.071614503395619,144.32535533885476,2.4627356577873827,0.001482327759618071,1.0,1.0,4.530853274012637,0.002703924634597139,0.999755859375,0.0,0.996622073925614,600,,,
64,64,sobel_x,checkerboard,10.0,0.0,sigmoid,0.0,0.0,0.0,adam,random,1,53.0577929019928,1711.5222953006808,6.076158983068312,139.61482599129573,2.4639432531863585,0.001483437251725662,1.0,1.0,4.529578430588311,0.002571178514168446,0.999755859375,0.0,0.9964498511063796,600,,,
64,64,sobel_x,checkerboard,10.0,0.0,sigmoid,0.0,0.0,0.0,adam,random,2,53.48793339729309,1797.5357907829027,6.075277013444064,144.06601551965434,2.463540884288184,0.0014832219271103673,1.0,1.0,4.527461514247507,0.004662694730577984,1.0,0.0,0.9966202191663744,600,,,
64,64,sobel_x,checkerboard,10.0,0.0,sigmoid,0.0,0.0,0.0,adam,random,3,53.766698360443115,1784.3104653838259,6.071738535139074,142.39927431493575,2.462580190883495,0.001482358040805438,1.0,1.0,4.5254356843357,0.004110981373504696,0.999755859375,0.0,0.9965971513069432,600,,,
64,64,sobel_x,checkerboard,10.0,0.0,sigmoid,0.0,0.0,0.0,adam,random,4,52.774152994155884,1768.0248181502152,6.07606316436582,135.42825817119518,2.46399553907639,0.001483413858487749,1.0,1.0,4.513754603241706,0.0008936980353883802,0.999755859375,0.0,0.9965633609313681,600,,,
64,64,sobel_x,checkerboard,10.0,0.0,sigmoid,0.0,0.0,0.0,adam,random,5,52.964274644851685,1773.572949289656,6.072691477765724,141.30740222108193,2.4627021677593195,0.0014825906928138974,1.0,1.0,4.517064536605063,0.000993816711073822,1.0,0.0,0.9965760125738284,600,,,
64,64,sobel_x,checkerboard,10.0,0.0,sigmoid,0.0,0.0,0.0,adam,random,6,53.367690563201904,1723.766352237291,6.071948340589903,143.11620930705857,2.46265362807841,0.0014824092628393318,1.0,1.0,4.510384563306884,0.0017030542236303066,1.0,0.0,0.9964775108107261,600,,,
64,64,sobel_x,checkerboard,10.0,0.0,sigmoid,0.0,0.0,0.0,adam,random,7,53.589171409606934,1823.485080966242,6.07265455299451,146.5395718142075,2.4627063636141178,0.0014825816779771752,1.0,1.0,4.537103937420834,0.003404735776023872,1.0,0.0,0.9966697536402236,600,,,
64,64,sobel_x,checkerboard,10.0,0.0,sigmoid,0.0,0.0,0.0,lbfgsb,random,0,66.61565017700195,1797.4385376385887,21.854996272811274,144.32535533885476,2.4019160065275305,0.005335692449416815,0.99609375,0.9922178988326849,4.592254745794527,0.0036050728853613714,0.9873046875,0.0107421875,0.9878410327723786,600,STOP: TOTAL NO. of ITERATIONS REACHED LIMIT,False,600.0
64,64,sobel_x,checkerboard,10.0,0.0,sigmoid,0.0,0.0,0.0,lbfgsb,random,1,66.33211326599121,1711.5222953006808,6.030238175207523,139.61482599129573,2.448300962501128,0.0014722261169940242,1.0,1.0,4.624558958124298,0.002287561947033993,1.0,0.0,0.9964766814947343,600,STOP: TOTAL NO. of ITERATIONS REACHED LIMIT,False,600.0
64,64,sobel_x,checkerboard,10.0,0.0,sigmoid,0.0,0.0,0.0,lbfgsb,random,2,67.76328086853027,1797.5357907829027,6.030311652373074,144.06601551965434,2.448353159909484,0.001472244055755145,1.0,1.0,4.631106695053298,0.0036728792021971045,1.0,0.0,0.9966452341681906,600,STOP: TOTAL NO. of ITERATIONS REACHED LIMIT,False,600.0
64,64,sobel_x,checkerboard,10.0,0.0,sigmoid,0.0,0.0,0.0,lbfgsb,random,3,65.43741989135742,1784.3104653838259,6.030238929251379,142.39927431493575,2.448303061286779,0.0014722263010867624,1.0,1.0,4.623520835131948,0.002893438401284355,1.0,0.0,0.9966204093703198,600,STOP: TOTAL NO. of ITERATIONS REACHED LIMIT,False,600.0
64,64,sobel_x,checkerboard,10.0,0.0,sigmoid,0.0,0.0,0.0,lbfgsb,random,4,66.38308715820312,1768.0248181502152,6.030239711928999,135.42825817119518,2.448358855445485,0.0014722264921701658,1.0,1.0,4.619773364581433,0.002169000748272876,1.0,0.0,0.9965892788098766,600,STOP: TOTAL NO. of ITERATIONS REACHED LIMIT,False,600.0
64,64,sobel_x,checkerboard,10.0,0.0,sigmoid,0.0,0.0,0.0,lbfgsb,random,5,65.60103034973145,1773.572949289656,6.030234112982155,141.30740222108193,2.448342798609207,0.001472225125239784,1.0,1.0,4.621893180305482,0.0022388372313267174,1.0,0.0,0.9965999514621616,600,STOP: TOTAL NO. of ITERATIONS REACHED LIMIT,False,600.0
64,64,sobel_x,checkerboard,10.0,0.0,sigmoid,0.0,0.0,0.0,lbfgsb,random,6,66.88894271850586,1723.766352237291,6.0302711165257445,143.11620930705857,2.44824786159674,0.001472234159308043,1.0,1.0,4.625058802251949,0.00265916389969876,1.0,0.0,0.9965016888114222,600,STOP: TOTAL NO. of ITERATIONS REACHED LIMIT,False,600.0
64,64,sobel_x,checkerboard,10.0,0.0,sigmoid,0.0,0.0,0.0,lbfgsb,random,7,66.54731392860413,1823.485080966242,6.030277679557489,146.5395718142075,2.4483229349637177,0.0014722357616107152,1.0,1.0,4.627845114270822,0.0027196691318995838,1.0,0.0,0.9966929931357804,600,STOP: TOTAL NO. of ITERATIONS REACHED LIMIT,False,600.0
64,64,laplacian,checkerboard,10.0,0.0,sigmoid,0.0,0.0,0.0,pgd,random,0,40.500678062438965,1934.561755083088,1428.9938463162957,183.50382818012878,0.20579180360286814,0.3488754507608144,0.651123046875,0.48411552346570397,3.6603978001224657,-0.09555605325146943,0.123291015625,0.796875,0.2613345929321747,600,,,
64,64,laplacian,checkerboard,10.0,0.0,sigmoid,0.0,0.0,0.0,pgd,random,1,40.228126764297485,1932.5983615623668,1440.9994105230578,205.65547338346548,0.04704464739624425,0.3518064967097309,0.648193359375,0.4788426763110307,3.712520313514769,-0.0785380414547351,0.112548828125,0.807861328125,0.25437202101417833,600,,,
64,64,laplacian,checkerboard,10.0,0.0,sigmoid,0.0,0.0,0.0,pgd,random,2,40.503793716430664,1983.0494889433235,1446.9887473009471,184.1716919179755,0.2103935874202431,0.3532687371340203,0.646728515625,0.4798705966930266,3.7545245433563763,-0.07637045306035836,0.11767578125,0.79150390625,0.27032141387859093,600,,,
64,64,laplacian,checkerboard,10.0,0.0,sigmoid,0.0,0.0,0.0,pgd,random,3,40.02928853034973,1930.1354010365717,1411.6708069637139,193.6728018165533,10.870514971092442,0.34464619310637545,0.6552734375,0.4885910901847157,3.7267268654195576,-0.0831061085654858,0.12890625,0.780029296875,0.2686156597067845,600,,,
64,64,laplacian,checkerboard,10.0,0.0,sigmoid,0.0,0.0,0.0,pgd,random,4,40.479403018951416,1942.5253369562422,1450.9985683913146,186.15524545304652,0.04421546622691259,0.3542476973611608,0.645751953125,0.4759841097869267,3.7714595393206265,-0.07115153896023405,0.111083984375,0.802490234375,0.25303493303984625,600,,,
64,64,laplacian,checkerboard,10.0,0.0,sigmoid,0.0,0.0,0.0,pgd,random,5,40.59322166442871,1926.1229355692521,1435.9985603733253,197.65557610210027,0.07327586954118413,0.35058558602864387,0.6494140625,0.47914399709829525,3.708271192615479,-0.08513964108124386,0.1240234375,0.794677734375,0.2544616265893091,600,,,
64,64,laplacian,checkerboard,10.0,0.0,sigmoid,0.0,0.0,0.0,pgd,random,6,40.321168661117554,1972.4079532315757,1423.9956493961986,196.2428783235513,0.20831159678199374,0.3476551878408688,0.65234375,0.48405797101449277,3.7668837970678917,-0.07325074083972383,0.11865234375,0.79541015625,0.27804202621311846,600,,,
64,64,laplacian,checkerboard,10.0,0.0,sigmoid,0.0,0.0,0.0,pgd,random,7,39.832295656204224,1968.2416808166597,1459.9705603218506,191.64513924341125,0.8889390334848402,0.3564381250785768,0.6435546875,0.47500898957209636,3.7559372115565233,-0.06859061621519076,0.107666015625,0.810302734375,0.25823613301589976,600,,,
64,64,laplacian,checkerboard,10.0,0.0,sigmoid,0.0,0.0,0.0,momentum,random,0,43.739500999450684,1934.561755083088,1537.0032777099054,183.50382818012878,0.27999901325576815,0.3752449408471449,0.624755859375,0.45669848002827856,2.6655396941648855,-0.1616942106311713,0.010498046875,0.927734375,0.20550312045019606,600,,,
64,64,laplacian,checkerboard,10.0,0.0,sigmoid,0.0,0.0,0.0,momentum,random,1,42.750866413116455,1932.5983615623668,1516.999954529611,205.65547338346548,0.007421854244055412,0.3703613170238308,0.629638671875,0.4593727726300784,2.6043539386432584,-0.1743991827517856,0.01123046875,0.92919921875,0.21504644487889063,600,,,
64,64,laplacian,checkerboard,10.0,0.0,sigmoid,0.0,0.0,0.0,momentum,random,2,42.08334994316101,1983.0494889433235,1525.6780055921024,184.1716919179755,10.709938429918596,0.3724799818340094,0.62744140625,0.45886524822695035,2.6279341916001626,-0.16870653014418746,0.01220703125,0.92578125,0.23064047866749582,600,,,
64,64,laplacian,checkerboard,10.0,0.0,sigmoid,0.0,0.0,0.0,momentum,random,3,43.053425788879395,1930.1354010365717,1477.0000982198258,193.6728018165533,0.002433965675028023,0.36059572710444965,0.639404296875,0.468896080546566,2.5707341902554184,-0.18856416534159376,0.013671875,0.915771484375,0.23476866056826448,600,,,
64,64,laplacian,checkerboard,10.0,0.0,sigmoid,0.0,0.0,0.0,momentum,random,4,42.949180603027344,1942.5253369562422,1523.9999554503383,186.15524545304652,0.008650121341505099,0.37207030162361776,0.6279296875,0.455908604069975,2.6100131435642404,-0.17105748551177402,0.01513671875,0.9228515625,0.21545427158324457,600,,,
64,64,laplacian,checkerboard,10.0,0.0,sigmoid,0.0,0.0,0.0,momentum,random,5,42.817923069000244,1926.1229355692521,1489.9999604432123,197.65557610210027,0.0043381976166708795,0.36376952159258114,0.63623046875,0.46402877697841727,2.529870756604213,-0.19231147638454793,0.009033203125,0.92431640625,0.22642530602396194,600,,,
64,64,laplacian,checkerboard,10.0,0.0,sigmoid,0.0,0.0,0.0,momentum,random,6,42.69407296180725,1972.4079532315757,1513.9999868067498,196.2428783235513,0.005714219274822145,0.36962890302899165,0.63037109375,0.46082621082621084,2.573165868666253,-0.17967951686884745,0.012939453125,0.9248046875,0.23241032144175566,600,,,
64,64,laplacian,checkerboard,10.0,0.0,sigmoid,0.0,0.0,0.0,momentum,random,7,43.74259638786316,1968.2416808166597,1517.0000602439807,191.64513924341125,0.002021979870134572,0.3703613428330031,0.629638671875,0.46014234875444837,2.590975236940804,-0.17656838736999173,0.010009765625,0.927978515625,0.2292612868483969,600,,,
64,64,laplacian,checkerboard,10.0,0.0,sigmoid,0.0,0.0,0.0,nesterov,random,0,41.757994413375854,1934.561755083088,1631.9999474168508,183.50382818012878,0.005462752177307534,0.3984374871623171,0.6015625,0.42996856444289205,3.0565129277304504,-0.08402243002399323,0.01171875,0.895263671875,0.15639811283938176,600,,,
64,64,laplacian,checkerboard,10.0,0.0,sigmoid,0.0,0.0,0.0,nesterov,random,1,42.16967535018921,1932.5983615623668,1632.0002871366746,205.65547338346548,0.01781836401423844,0.3984375701017272,0.6015625,0.42696629213483145,3.0337335118246282,-0.08557120260405005,0.014892578125,0.891357421875,0.15554089271951999,600,,,
64,64,laplacian,checkerboard,10.0,0.0,sigmoid,0.0,0.0,0.0,nesterov,random,2,42.11331582069397,1983.0494889433235,1619.9999438281016,184.1716919179755,0.00449487978529679,0.3955077987861576,0.6044921875,0.435933147632312,2.97209214554844,-0.09875214041245954,0.009765625,0.898193359375,0.18307639175897442,600,,,
64,64,laplacian,checkerboard,10.0,0.0,sigmoid,0.0,0.0,0.0,nesterov,random,3,41.60968899726868,1930.1354010365717,1622.000066268857,193.6728018165533,0.008171542993714368,0.39599610992892015,0.60400390625,0.43425183118242067,3.015215772271111,-0.08956627339719052,0.01123046875,0.887451171875,0.1596444138593758,600,,,
64,64,laplacian,checkerboard,10.0,0.0,sigmoid,0.0,0.0,0.0,nesterov,random,4,42.15018892288208,1942.5253369562422,1645.0000955983369,186.15524545304652,0.006668543636776447,0.4016113514644377,0.598388671875,0.4260293091416609,2.992435522272405,-0.08638224129169365,0.011962890625,0.903076171875,0.15316414962396316,600,,,
64,64,laplacian,checkerboard,10.0,0.0,sigmoid,0.0,0.0,0.0,nesterov,random,5,41.23299765586853,1926.1229355692521,1615.0001721524452,197.65557610210027,0.010074318980473241,0.39428715140440557,0.605712890625,0.4331344331344331,3.0067084553393824,-0.09192465715324162,0.01416015625,0.8876953125,0.16152798851588193,600,,,
64,64,laplacian,checkerboard,10.0,0.0,sigmoid,0.0,0.0,0.0,nesterov,random,6,40.96472692489624,1972.4079532315757,1622.9999967587828,196.2428783235513,0.004782207357338479,0.3962402335836872,0.603759765625,0.43370551290997905,3.0000474660952965,-0.09119781670817476,0.01025390625,0.897216796875,0.17714791501439953,600,,,
64,64,laplacian,checkerboard,10.0,0.0,sigmoid,0.0,0.0,0.0,nesterov,random,7,41.03842115402222,1968.2416808166597,1655.000202594475,191.64513924341125,0.015762400503352113,0.40405278383654175,0.595947265625,0.4257460097154754,3.043698951997033,-0.07698768192556996,0.008056640625,0.8984375,0.15914787359457555,600,,,
64,64,laplacian,checkerboard,10.0,0.0,sigmoid,0.0,0.0,0.0,adam,random,0,31.548956155776978,1934.561755083088,1042.016290433604,183.50382818012878,0.05895298515703844,0.2543985084066416,0.74560546875,0.5924912006257332,4.431583495078563,-0.019573187195799993,0.36572265625,0.49560546875,0.4613682981710501,600,,,
64,64,laplacian,checkerboard,10.0,0.0,sigmoid,0.0,0.0,0.0,adam,random,1,31.138664960861206,1932.5983615623668,1059.094566791488,205.65547338346548,4.118178275970498,0.2585680094705781,0.741455078125,0.5895348837209302,4.492712812008709,-0.004818324010317522,0.363037109375,0.49853515625,0.4519841329394038,600,,,
64,64,laplacian,checkerboard,10.0,0.0,sigmoid,0.0,0.0,0.0,adam,random,2,31.344964265823364,1983.0494889433235,1059.0178560086079,184.1716919179755,0.048778618789697435,0.2585492812521015,0.741455078125,0.5898528272656856,4.516693011969906,-0.002591195954449979,0.38330078125,0.4873046875,0.46596498881482273,600,,,
64,64,laplacian,checkerboard,10.0,0.0,sigmoid,0.0,0.0,0.0,adam,random,3,31.142796277999878,1930.1354010365717,1063.0411916285834,193.6728018165533,1.3475750070618744,0.2595315409249471,0.740478515625,0.5881441301821,4.458295315331746,-0.010140280387585635,0.36474609375,0.497802734375,0.4492400942142809,600,,,
64,64,laplacian,checkerboard,10.0,0.0,sigmoid,0.0,0.0,0.0,adam,random,4,30.989960193634033,1942.5253369562422,1066.0184250283637,186.15524545304652,0.05394330467597281,0.26025840454794036,0.73974609375,0.5868217054263566,4.538652941522404,0.003865445150003024,0.367431640625,0.497314453125,0.45122032400425927,600,,,
64,64,laplacian,checkerboard,10.0,0.0,sigmoid,0.0,0.0,0.0,adam,random,5,30.91186833381653,1926.1229355692521,1043.0207518944662,197.65557610210027,0.23846571466656388,0.2546437382554849,0.745361328125,0.5936891312816517,4.4028192441725436,-0.022307590100787138,0.375732421875,0.492431640625,0.45848692592084794,600,,,
64,64,laplacian,checkerboard,10.0,0.0,sigmoid,0.0,0.0,0.0,adam,random,6,30.85904884338379,1972.4079532315757,1055.075409717574,196.2428783235513,3.207452000276295,0.2575867699505796,0.742431640625,0.5907680372381692,4.52729753833582,0.0005065109273784444,0.371337890625,0.4931640625,0.46508256165315703,600,,,
64,64,laplacian,checkerboard,10.0,0.0,sigmoid,0.0,0.0,0.0,adam,random,7,30.92179298400879,1968.2416808166597,1088.0284376265115,191.64513924341125,0.5128669249448781,0.26563194277991004,0.734375,0.57992277992278,4.590739365860302,0.017320819644149117,0.360107421875,0.505615234375,0.44720790732616306,600,,,
64,64,laplacian,checkerboard,10.0,0.0,sigmoid,0.0,0.0,0.0,lbfgsb,random,0,33.783825159072876,1934.561755083088,1010.3447751165991,183.50382818012878,24.15873824791477,0.24666620486245094,0.753173828125,0.6032182103610675,4.537565390077123,-0.06573874372526954,0.4072265625,0.43017578125,0.4777397141952672,600,STOP: TOTAL NO. of ITERATIONS REACHED LIMIT,False,600.0
64,64,laplacian,checkerboard,10.0,0.0,sigmoid,0.0,0.0,0.0,lbfgsb,random,1,31.932840824127197,1932.5983615623668,1062.9927409834727,205.65547338346548,1.122496124922222,0.25951971215416814,0.740478515625,0.5883036405886909,4.211634929816733,-0.10503606326160109,0.261962890625,0.46142578125,0.4499670691409883,401,CONVERGENCE: REL_REDUCTION_OF_F_<=_FACTR*EPSMCH,True,401.0
64,64,laplacian,checkerboard,10.0,0.0,sigmoid,0.0,0.0,0.0,lbfgsb,random,2,33.61018252372742,1983.0494889433235,989.007078123584,184.1716919179755,0.04284361982397006,0.24145680618251564,0.758544921875,0.612004707728521,4.024599614770795,-0.1399601283395251,0.200927734375,0.421142578125,0.5012695933016877,600,STOP: TOTAL NO. of ITERATIONS REACHED LIMIT,False,600.0
64,64,laplacian,checkerboard,10.0,0.0,sigmoid,0.0,0.0,0.0,lbfgsb,random,3,33.497124910354614,1930.1354010365717,1044.0057619018394,193.6728018165533,0.06090857952713767,0.25488421921431625,0.7451171875,0.59266484588373,3.891439871667804,-0.1504034660045182,0.235595703125,0.4697265625,0.4591023192771035,600,STOP: TOTAL NO. of ITERATIONS REACHED LIMIT,False,600.0
64,64,laplacian,checkerboard,10.0,0.0,sigmoid,0.0,0.0,0.0,lbfgsb,random,4,33.22793221473694,1942.5253369562422,965.0594155209944,186.15524545304652,0.7577455896624643,0.23561020886743028,0.764404296875,0.617215390717969,4.323190329752903,-0.10186336139573685,0.4423828125,0.39453125,0.5031933961627737,600,STOP: TOTAL NO. of ITERATIONS REACHED LIMIT,False,600.0
64,64,laplacian,checkerboard,10.0,0.0,sigmoid,0.0,0.0,0.0,lbfgsb,random,5,31.86755657196045,1926.1229355692521,1125.230347907333,197.65557610210027,12.076789280596955,0.2747144404070637,0.725341796875,0.5694603903559128,4.154455079121587,-0.10418771635825315,0.25341796875,0.49609375,0.41580554017193144,432,CONVERGENCE: REL_REDUCTION_OF_F_<=_FACTR*EPSMCH,True,432.0
64,64,laplacian,checkerboard,10.0,0.0,sigmoid,0.0,0.0,0.0,lbfgsb,random,6,33.044525146484375,1972.4079532315757,1054.355437141152,196.2428783235513,20.079261008806686,0.25741099539578904,0.74267578125,0.5900427849085959,3.845614245692954,-0.1566299405569633,0.127197265625,0.5,0.465447583795378,600,STOP: TOTAL NO. of ITERATIONS REACHED LIMIT,False,600.0
64,64,laplacian,checkerboard,10.0,0.0,sigmoid,0.0,0.0,0.0,lbfgsb,random,7,33.098533153533936,1968.2416808166597,994.0328752116665,191.64513924341125,1.6852432298191233,0.24268380742472326,0.75732421875,0.6103488827910624,3.9895203278821576,-0.138478775606517,0.161376953125,0.4365234375,0.4949640153950891,600,STOP: TOTAL NO. of ITERATIONS REACHED LIMIT,False,600.0
64,64,random_norm,checkerboard,10.0,0.0,sigmoid,0.0,0.0,0.0,pgd,random,0,26.57677435874939,1764.8899400700234,593.486384825525,79.98437642545227,55.80175847393235,0.14489413692029418,0.867919921875,0.73583984375,2.1146905519923713,-0.455862880178443,0.8046875,0.083251953125,0.6637261217535311,600,,,
64,64,random_norm,checkerboard,10.0,0.0,sigmoid,0.0,0.0,0.0,pgd,random,1,26.485682249069214,1794.7402292860127,581.1724190541477,79.81459377530975,59.19348366102854,0.14188779762064152,0.869873046875,0.73974609375,2.0425617361065536,-0.4762956063035555,0.800537109375,0.08056640625,0.6761802016967375,600,,,
64,64,random_norm,checkerboard,10.0,0.0,sigmoid,0.0,0.0,0.0,pgd,random,2,26.311150074005127,1778.6445321541134,578.5591209012103,79.00206360799369,58.943274084153636,0.14124978537627206,0.876953125,0.75390625,2.0012523110441554,-0.48771684956606687,0.8046875,0.07373046875,0.6747190849874212,600,,,
64,64,random_norm,checkerboard,10.0,0.0,sigmoid,0.0,0.0,0.0,pgd,random,3,26.426882028579712,1781.3922869277555,590.5676589578968,81.87843790437233,59.563275957736025,0.14418155736276778,0.866455078125,0.73291015625,2.073254479617558,-0.47090509749441606,0.80615234375,0.07373046875,0.6684797260594363,600,,,
64,64,random_norm,checkerboard,10.0,0.0,sigmoid,0.0,0.0,0.0,pgd,random,4,26.52761459350586,1780.2799865379798,587.4819770091281,79.25520783788696,57.01996144475796,0.14342821704324415,0.870361328125,0.74072265625,2.059216190717602,-0.471646510079876,0.8017578125,0.080322265625,0.6700058521965556,600,,,
64,64,random_norm,checkerboard,10.0,0.0,sigmoid,0.0,0.0,0.0,pgd,random,5,26.398755311965942,1776.6840730500771,591.7514967468005,80.10324101176062,56.78040294781578,0.14447058026044934,0.86962890625,0.7392578125,2.10053565759774,-0.46330860597112167,0.802734375,0.086181640625,0.6669348784497594,600,,,
64,64,random_norm,checkerboard,10.0,0.0,sigmoid,0.0,0.0,0.0,pgd,random,6,26.2653648853302,1795.8699465029908,604.4410785828941,79.41630601069774,54.37689854026909,0.14756862270090187,0.86474609375,0.7294921875,2.177080618709422,-0.438952557973598,0.794921875,0.08349609375,0.6634271430623958,600,,,
64,64,random_norm,checkerboard,10.0,0.0,sigmoid,0.0,0.0,0.0,pgd,random,7,26.146124839782715,1783.9780543501997,577.9303619426,78.32118836487975,61.159538474347244,0.14109627977114259,0.871337890625,0.74267578125,2.0582027028324816,-0.46994766896346063,0.810302734375,0.078125,0.6760440182919701,600,,,
64,64,random_norm,checkerboard,10.0,0.0,sigmoid,0.0,0.0,0.0,momentum,random,0,27.079015016555786,1764.8899400700234,567.4522142091439,79.98437642545227,51.57122918396996,0.13853813823465427,0.885986328125,0.77197265625,1.894072276321292,-0.4923470996511738,0.770751953125,0.076904296875,0.6784772798996012,600,,,
64,64,random_norm,checkerboard,10.0,0.0,sigmoid,0.0,0.0,0.0,momentum,random,1,26.902770519256592,1794.7402292860127,542.4249901612056,79.81459377530975,53.614180465379576,0.1324279761135756,0.895263671875,0.79052734375,1.7962917004769097,-0.5228080636719504,0.770751953125,0.0732421875,0.6977696374605732,600,,,
64,64,random_norm,checkerboard,10.0,0.0,sigmoid,0.0,0.0,0.0,momentum,random,2,26.587672472000122,1778.6445321541134,563.8002454353093,79.00206360799369,52.80710616029543,0.1376465442957298,0.889404296875,0.77880859375,1.8394744748469667,-0.5098868929608396,0.77392578125,0.0732421875,0.6830169068394505,600,,,
64,64,random_norm,checkerboard,10.0,0.0,sigmoid,0.0,0.0,0.0,momentum,random,3,26.897587299346924,1781.3922869277555,551.9918095004209,81.87843790437233,55.560186545791176,0.1347636253663137,0.891845703125,0.78369140625,1.8500501222903751,-0.5078055624905244,0.781494140625,0.06640625,0.6901346134980728,600,,,
64,64,random_norm,checkerboard,10.0,0.0,sigmoid,0.0,0.0,0.0,momentum,random,4,27.064371347427368,1780.2799865379798,561.3473923770636,79.25520783788696,52.415088866188995,0.13704770321705653,0.888916015625,0.77783203125,1.8467490752582358,-0.5032688178361922,0.764404296875,0.071533203125,0.6846858940044104,600,,,
64,64,random_norm,checkerboard,10.0,0.0,sigmoid,0.0,0.0,0.0,momentum,random,5,26.506107330322266,1776.6840730500771,585.34295964435,80.10324101176062,47.395039829109194,0.1429059960069214,0.877685546875,0.75537109375,1.9474091508180713,-0.4824062697068485,0.763427734375,0.084228515625,0.670541899641461,600,,,
64,64,random_norm,checkerboard,10.0,0.0,sigmoid,0.0,0.0,0.0,momentum,random,6,26.711872816085815,1795.8699465029908,549.1473316213109,79.41630601069774,53.803666813498495,0.1340691727591091,0.891357421875,0.78271484375,1.8584421396922914,-0.4966249048927159,0.7783203125,0.074462890625,0.6942165368429721,600,,,
64,64,random_norm,checkerboard,10.0,0.0,sigmoid,0.0,0.0,0.0,momentum,random,7,26.380548000335693,1783.9780543501997,556.7955971047423,78.32118836487975,52.970364350349435,0.13593642507439999,0.889404296875,0.77880859375,1.8778038213241433,-0.49634022671737865,0.7734375,0.077880859375,0.6878910053030048,600,,,
64,64,random_norm,checkerboard,10.0,0.0,sigmoid,0.0,0.0,0.0,nesterov,random,0,26.76807737350464,1764.8899400700234,558.0803394820757,79.98437642545227,53.08437054550266,0.13625008288136614,0.88671875,0.7734375,1.8696739423738906,-0.4992711873456351,0.776611328125,0.07080078125,0.6837874550636662,600,,,
64,64,random_norm,checkerboard,10.0,0.0,sigmoid,0.0,0.0,0.0,nesterov,random,1,26.588436126708984,1794.7402292860127,544.25634333717,79.81459377530975,54.93344445661557,0.13287508382255128,0.8955078125,0.791015625,1.7901004288821043,-0.523808729819792,0.7783203125,0.07177734375,0.6967492373235055,600,,,
64,64,random_norm,checkerboard,10.0,0.0,sigmoid,0.0,0.0,0.0,nesterov,random,2,26.82708740234375,1778.6445321541134,556.1007089927757,79.00206360799369,53.618924079905774,0.13576677465643938,0.89111328125,0.7822265625,1.843285838067079,-0.5096562959326258,0.781494140625,0.072509765625,0.6873457855464334,600,,,
64,64,random_norm,checkerboard,10.0,0.0,sigmoid,0.0,0.0,0.0,nesterov,random,3,26.59667468070984,1781.3922869277555,572.3171510026916,81.87843790437233,52.753090408248276,0.1397258669440165,0.88427734375,0.7685546875,1.9372111439227526,-0.48524637059075154,0.78125,0.0712890625,0.6787248068814042,600,,,
64,64,random_norm,checkerboard,10.0,0.0,sigmoid,0.0,0.0,0.0,nesterov,random,4,26.746989488601685,1780.2799865379798,546.2363103479039,79.25520783788696,55.32511780931226,0.13335847420603122,0.89453125,0.7890625,1.765437516621411,-0.5240956510525997,0.772705078125,0.06591796875,0.6931739307982999,600,,,
64,64,random_norm,checkerboard,10.0,0.0,sigmoid,0.0,0.0,0.0,nesterov,random,5,26.654803037643433,1776.6840730500771,571.5513154156951,80.10324101176062,50.24004143997339,0.13953889536515993,0.884033203125,0.76806640625,1.8956848800150017,-0.495497436058198,0.769775390625,0.076904296875,0.6783044751256767,600,,,
64,64,random_norm,checkerboard,10.0,0.0,sigmoid,0.0,0.0,0.0,nesterov,random,6,26.852833032608032,1795.8699465029908,563.7443693478178,79.41630601069774,52.059075064814294,0.1376329026728071,0.88525390625,0.7705078125,1.9169319002282916,-0.4821748960172033,0.77490234375,0.07958984375,0.6860884216891265,600,,,
64,64,random_norm,checkerboard,10.0,0.0,sigmoid,0.0,0.0,0.0,nesterov,random,7,26.461681127548218,1783.9780543501997,573.132353412233,78.32118836487975,50.95101318315306,0.13992489096978344,0.881591796875,0.76318359375,1.9139508512249825,-0.48954793999452106,0.770263671875,0.080078125,0.6787335180415143,600,,,
64,64,random_norm,checkerboard,10.0,0.0,sigmoid,0.0,0.0,0.0,adam,random,0,28.385897159576416,1764.8899400700234,558.7179257833175,79.98437642545227,50.77713824713569,0.13640574359944274,0.883544921875,0.76708984375,1.9296351439252386,-0.48706940925699344,0.775390625,0.076416015625,0.6834261938389484,600,,,
64,64,random_norm,checkerboard,10.0,0.0,sigmoid,0.0,0.0,0.0,adam,random,1,28.01429557800293,1794.7402292860127,534.3306485593457,79.81459377530975,57.737212655600906,0.130451818495934,0.904296875,0.80859375,1.7914259506211003,-0.5308272990381292,0.80322265625,0.06494140625,0.7022796726566305,600,,,
64,64,random_norm,checkerboard,10.0,0.0,sigmoid,0.0,0.0,0.0,adam,random,2,27.96363854408264,1778.6445321541134,583.5171629486745,79.00206360799369,49.81814660596033,0.14246024486051623,0.8828125,0.765625,1.9742334698489514,-0.48413940158920626,0.784423828125,0.078369140625,0.6719315453988,600,,,
64,64,random_norm,checkerboard,10.0,0.0,sigmoid,0.0,0.0,0.0,adam,random,3,27.576904773712158,1781.3922869277555,550.441918636652,81.87843790437233,54.75865745874092,0.13438523404215136,0.8935546875,0.787109375,1.907108770167909,-0.4975961397500214,0.7890625,0.076416015625,0.6910046581677071,600,,,
64,64,random_norm,checkerboard,10.0,0.0,sigmoid,0.0,0.0,0.0,adam,random,4,27.743808269500732,1780.2799865379798,569.4048068654045,79.25520783788696,52.78836037339418,0.13901484542612413,0.885986328125,0.77197265625,1.9163868196065477,-0.4969898901657367,0.787109375,0.078369140625,0.6801599685605088,600,,,
64,64,random_norm,checkerboard,10.0,0.0,sigmoid,0.0,0.0,0.0,adam,random,5,27.49449062347412,1776.6840730500771,578.6347292287267,80.10324101176062,50.79265461266511,0.1412682444406071,0.880126953125,0.76025390625,1.9869550060779928,-0.4782622267032,0.786865234375,0.081298828125,0.6743176020960383,600,,,
64,64,random_norm,checkerboard,10.0,0.0,sigmoid,0.0,0.0,0.0,adam,random,6,27.306457996368408,1795.8699465029908,566.0342548515205,79.41630601069774,51.13261839838807,0.1381919567508595,0.88330078125,0.7666015625,1.9665074192936842,-0.4771031765234718,0.780517578125,0.08056640625,0.6848133374280632,600,,,
64,64,random_norm,checkerboard,10.0,0.0,sigmoid,0.0,0.0,0.0,adam,random,7,27.455420970916748,1783.9780543501997,548.8508570969112,78.32118836487975,57.18330461621727,0.1339967912834256,0.89404296875,0.7880859375,1.8790001177748898,-0.5037714737692032,0.802978515625,0.06787109375,0.6923443896865503,600,,,
64,64,random_norm,checkerboard,10.0,0.0,sigmoid,0.0,0.0,0.0,lbfgsb,random,0,28.34211802482605,1764.8899400700234,575.1371522836439,79.98437642545227,47.758328624567504,0.140414343819249,0.87890625,0.7578125,1.994821043998781,-0.4600195776244519,0.7578125,0.083984375,0.6741229358127426,490,CONVERGENCE: REL_REDUCTION_OF_F_<=_FACTR*EPSMCH,True,490.0
64,64,random_norm,checkerboard,10.0,0.0,sigmoid,0.0,0.0,0.0,lbfgsb,random,1,22.23389959335327,1794.7402292860127,562.6394437163993,79.81459377530975,49.773797787754305,0.13736314543857406,0.88525390625,0.7705078125,1.9426702605108939,-0.4867459627371832,0.770751953125,0.083740234375,0.6865064734520218,268,CONVERGENCE: REL_REDUCTION_OF_F_<=_FACTR*EPSMCH,True,268.0
64,64,random_norm,checkerboard,10.0,0.0,sigmoid,0.0,0.0,0.0,lbfgsb,random,2,28.056487321853638,1778.6445321541134,568.1649750260012,79.00206360799369,50.380622178703504,0.13871215210595733,0.884765625,0.76953125,1.8839779382122086,-0.4975203056146249,0.76513671875,0.079345703125,0.6805629428731903,473,CONVERGENCE: REL_REDUCTION_OF_F_<=_FACTR*EPSMCH,True,473.0
64,64,random_norm,checkerboard,10.0,0.0,sigmoid,0.0,0.0,0.0,lbfgsb,random,3,16.01821732521057,1781.3922869277555,592.2104976324489,81.87843790437233,46.36758056931576,0.1445826410235471,0.876220703125,0.75244140625,2.062230355472382,-0.4616370439874764,0.77294921875,0.0849609375,0.6675575043306192,175,CONVERGENCE: REL_REDUCTION_OF_F_<=_FACTR*EPSMCH,True,175.0
64,64,random_norm,checkerboard,10.0,0.0,sigmoid,0.0,0.0,0.0,lbfgsb,random,4,27.728639364242554,1780.2799865379798,566.8372659973444,79.25520783788696,51.112113620740224,0.1383880043938829,0.88623046875,0.7724609375,1.894806529685299,-0.49375519111008664,0.765869140625,0.075439453125,0.6816021803965544,450,CONVERGENCE: REL_REDUCTION_OF_F_<=_FACTR*EPSMCH,True,450.0
64,64,random_norm,checkerboard,10.0,0.0,sigmoid,0.0,0.0,0.0,lbfgsb,random,5,15.385168075561523,1776.6840730500771,589.219914525632,80.10324101176062,46.66593629847239,0.14385251819473438,0.874267578125,0.74853515625,2.0957689289728973,-0.45787424989269704,0.77490234375,0.093017578125,0.6683597700551771,163,CONVERGENCE: REL_REDUCTION_OF_F_<=_FACTR*EPSMCH,True,163.0
64,64,random_norm,checkerboard,10.0,0.0,sigmoid,0.0,0.0,0.0,lbfgsb,random,6,27.806713581085205,1795.8699465029908,571.5108411805527,79.41630601069774,49.335951187037715,0.13952901396009587,0.882568359375,0.76513671875,1.9519585508880435,-0.47112062052313225,0.762451171875,0.086181640625,0.6817637923651277,486,CONVERGENCE: REL_REDUCTION_OF_F_<=_FACTR*EPSMCH,True,486.0
64,64,random_norm,checkerboard,10.0,0.0,sigmoid,0.0,0.0,0.0,lbfgsb,random,7,20.06633996963501,1783.9780543501997,567.4964354809783,78.32118836487975,53.93424865876284,0.13854893444359823,0.886962890625,0.77392578125,1.9540733828295545,-0.486455465249479,0.795166015625,0.073974609375,0.6818927037262885,237,CONVERGENCE: REL_REDUCTION_OF_F_<=_FACTR*EPSMCH,True,237.0
