arch,seed,layer_idx,n_layers,layer_name,active_frac,gate_mean,grad_norm,grad_sparsity,grad_entropy,effective_rank,stable_rank
resnet18,0,0,9,relu,0.9933881759643555,0.9933881759643555,0.6866207122802734,0.8527946472167969,,7.588887691497803,2.411400318145752
resnet18,0,1,9,layer1.0.relu,0.4951324462890625,0.4951324462890625,0.6030260324478149,0.0602874755859375,11.435933113098145,6.272260665893555,1.3186187744140625
resnet18,0,2,9,layer1.1.relu,0.5013504028320312,0.5013504028320312,0.40649691224098206,0.06108856201171875,11.437817573547363,6.527533531188965,1.3978034257888794
resnet18,0,3,9,layer2.0.relu,0.5004119873046875,0.5004119873046875,0.3704393208026886,0.057708740234375,10.766339302062988,7.458658218383789,2.1432247161865234
resnet18,0,4,9,layer2.1.relu,0.501190185546875,0.501190185546875,0.27913936972618103,0.050201416015625,10.76517105102539,7.189209938049316,1.8048344850540161
resnet18,0,5,9,layer3.0.relu,0.503021240234375,0.503021240234375,0.22412480413913727,0.042724609375,10.092409133911133,7.426831245422363,2.100853204727173
resnet18,0,6,9,layer3.1.relu,0.500213623046875,0.500213623046875,0.17613179981708527,0.04351806640625,10.094090461730957,7.1788554191589355,1.7851537466049194
resnet18,0,7,9,layer4.0.relu,0.4976806640625,0.4976806640625,0.14199234545230865,0.0318603515625,9.42099380493164,7.379271030426025,2.0348219871520996
resnet18,0,8,9,layer4.1.relu,0.49615478515625,0.49615478515625,0.11709286272525787,0.03314208984375,9.415964126586914,7.137185096740723,1.749361276626587
resnet18,1,0,9,relu,0.9931854009628296,0.9931854009628296,0.720329761505127,0.8502769470214844,,7.628173351287842,2.524627208709717
resnet18,1,1,9,layer1.0.relu,0.49849700927734375,0.49849700927734375,0.634530246257782,0.05504608154296875,11.435565948486328,6.320601463317871,1.331449270248413
resnet18,1,2,9,layer1.1.relu,0.499908447265625,0.499908447265625,0.43454089760780334,0.0608062744140625,11.435808181762695,6.517983913421631,1.3937270641326904
resnet18,1,3,9,layer2.0.relu,0.4984130859375,0.4984130859375,0.3942832052707672,0.045928955078125,10.764448165893555,7.3440327644348145,1.9757678508758545
resnet18,1,4,9,layer2.1.relu,0.501739501953125,0.501739501953125,0.2944309413433075,0.055206298828125,10.765336036682129,7.176163673400879,1.7817717790603638
resnet18,1,5,9,layer3.0.relu,0.499847412109375,0.499847412109375,0.23582325875759125,0.046600341796875,10.094141006469727,7.3813934326171875,2.0439231395721436
resnet18,1,6,9,layer3.1.relu,0.50018310546875,0.50018310546875,0.18945977091789246,0.04876708984375,10.093452453613281,7.158698558807373,1.75974702835083
resnet18,1,7,9,layer4.0.relu,0.501953125,0.501953125,0.15674462914466858,0.0321044921875,9.419028282165527,7.402923107147217,2.0461559295654297
resnet18,1,8,9,layer4.1.relu,0.50494384765625,0.50494384765625,0.1257811039686203,0.03155517578125,9.419772148132324,7.123906135559082,1.7277787923812866
resnet18,2,0,9,relu,0.9935970902442932,0.9935970902442932,0.7313894629478455,0.8509674072265625,,7.607891082763672,2.462674379348755
resnet18,2,1,9,layer1.0.relu,0.5002593994140625,0.5002593994140625,0.6441441774368286,0.06510162353515625,11.433107376098633,6.225817680358887,1.3055319786071777
resnet18,2,2,9,layer1.1.relu,0.5001907348632812,0.5001907348632812,0.45024165511131287,0.06029510498046875,11.434389114379883,6.566040992736816,1.4119700193405151
resnet18,2,3,9,layer2.0.relu,0.4987030029296875,0.4987030029296875,0.399354487657547,0.0462493896484375,10.765718460083008,7.3479437828063965,1.9689037799835205
resnet18,2,4,9,layer2.1.relu,0.4997406005859375,0.4997406005859375,0.3024631440639496,0.0543365478515625,10.764067649841309,7.187521934509277,1.7919429540634155
resnet18,2,5,9,layer3.0.relu,0.49822998046875,0.49822998046875,0.2428666055202484,0.042510986328125,10.093908309936523,7.41400146484375,2.0729176998138428
resnet18,2,6,9,layer3.1.relu,0.49871826171875,0.49871826171875,0.19125498831272125,0.0467529296875,10.095718383789062,7.149170875549316,1.7562366724014282
resnet18,2,7,9,layer4.0.relu,0.50323486328125,0.50323486328125,0.1525375097990036,0.03668212890625,9.413938522338867,7.489079475402832,2.1794228553771973
resnet18,2,8,9,layer4.1.relu,0.49749755859375,0.49749755859375,0.1240990161895752,0.0345458984375,9.416532516479492,7.142674446105957,1.7463757991790771
resnet50,0,0,17,relu,0.9943587183952332,0.9943587183952332,20.810096740722656,0.8533401489257812,,7.632463455200195,2.509047746658325
resnet50,0,1,17,layer1.0.relu,0.5003433227539062,0.5003433227539062,15.016599655151367,0.0605621337890625,11.435222625732422,7.5682783126831055,2.375715494155884
resnet50,0,2,17,layer1.1.relu,0.4978790283203125,0.4978790283203125,9.808276176452637,0.0570526123046875,11.44034194946289,7.35388708114624,1.9724994897842407
resnet50,0,3,17,layer1.2.relu,0.5009307861328125,0.5009307861328125,6.736920356750488,0.065032958984375,11.437837600708008,7.289401054382324,1.9000173807144165
resnet50,0,4,17,layer2.0.relu,0.4975433349609375,0.4975433349609375,5.237499713897705,0.07901763916015625,12.10847282409668,7.5685505867004395,2.370518922805786
resnet50,0,5,17,layer2.1.relu,0.5010833740234375,0.5010833740234375,3.5693066120147705,0.0582427978515625,10.765308380126953,7.344385147094727,1.9728723764419556
resnet50,0,6,17,layer2.2.relu,0.498260498046875,0.498260498046875,2.4344913959503174,0.0529327392578125,10.76867389678955,7.267580032348633,1.869545578956604
resnet50,0,7,17,layer2.3.relu,0.499176025390625,0.499176025390625,1.7199172973632812,0.061737060546875,10.76755142211914,7.153099060058594,1.7536470890045166
resnet50,0,8,17,layer3.0.relu,0.5013809204101562,0.5013809204101562,1.5269734859466553,0.07260894775390625,11.436132431030273,7.521858215332031,2.280597448348999
resnet50,0,9,17,layer3.1.relu,0.498199462890625,0.498199462890625,1.043807864189148,0.044921875,10.09029769897461,7.309412002563477,1.9259886741638184
resnet50,0,10,17,layer3.2.relu,0.50018310546875,0.50018310546875,0.7214695811271667,0.049163818359375,10.094558715820312,7.208224296569824,1.8164992332458496
resnet50,0,11,17,layer3.3.relu,0.496246337890625,0.496246337890625,0.5241851806640625,0.05047607421875,10.093008995056152,7.136970520019531,1.7392213344573975
resnet50,0,12,17,layer3.4.relu,0.501190185546875,0.501190185546875,0.40096715092658997,0.042938232421875,10.093944549560547,7.070296764373779,1.6909130811691284
resnet50,0,13,17,layer3.5.relu,0.498992919921875,0.498992919921875,0.32125502824783325,0.050811767578125,10.090644836425781,7.02418327331543,1.6601550579071045
resnet50,0,14,17,layer4.0.relu,0.4994659423828125,0.4994659423828125,0.3261965811252594,0.0561370849609375,10.773848533630371,7.544409275054932,2.30135178565979
resnet50,0,15,17,layer4.1.relu,0.5006103515625,0.5006103515625,0.21698954701423645,0.03656005859375,9.408330917358398,7.353897571563721,1.975653886795044
resnet50,0,16,17,layer4.2.relu,0.49566650390625,0.49566650390625,0.15349481999874115,0.03265380859375,9.415512084960938,7.158318519592285,1.773226022720337
resnet50,1,0,17,relu,0.9934898614883423,0.9934898614883423,23.33818817138672,0.8517990112304688,,7.602830410003662,2.467329502105713
resnet50,1,1,17,layer1.0.relu,0.49941253662109375,0.49941253662109375,16.931198120117188,0.0673980712890625,11.438226699829102,7.588310241699219,2.3920435905456543
resnet50,1,2,17,layer1.1.relu,0.5001449584960938,0.5001449584960938,11.395421981811523,0.0770721435546875,11.439685821533203,7.34445333480835,1.9720253944396973
resnet50,1,3,17,layer1.2.relu,0.49935150146484375,0.49935150146484375,7.583489894866943,0.0636138916015625,11.440075874328613,7.305830478668213,1.917955994606018
resnet50,1,4,17,layer2.0.relu,0.5002326965332031,0.5002326965332031,5.892331123352051,0.07952880859375,12.110971450805664,7.581702709197998,2.4120492935180664
resnet50,1,5,17,layer2.1.relu,0.4984893798828125,0.4984893798828125,4.02067232131958,0.0484466552734375,10.772435188293457,7.342905521392822,1.9881300926208496
resnet50,1,6,17,layer2.2.relu,0.498260498046875,0.498260498046875,2.7325491905212402,0.05279541015625,10.76738166809082,7.255188465118408,1.864888310432434
resnet50,1,7,17,layer2.3.relu,0.4989166259765625,0.4989166259765625,1.9727516174316406,0.0524444580078125,10.771781921386719,7.182137966156006,1.7826018333435059
resnet50,1,8,17,layer3.0.relu,0.49969482421875,0.49969482421875,1.6919419765472412,0.06342315673828125,11.445785522460938,7.520120620727539,2.282320737838745
resnet50,1,9,17,layer3.1.relu,0.499786376953125,0.499786376953125,1.1535133123397827,0.03759765625,10.093015670776367,7.335180282592773,1.9629693031311035
resnet50,1,10,17,layer3.2.relu,0.499420166015625,0.499420166015625,0.8021247386932373,0.0491943359375,10.095476150512695,7.202797889709473,1.808412790298462
resnet50,1,11,17,layer3.3.relu,0.498931884765625,0.498931884765625,0.5765701532363892,0.043701171875,10.093082427978516,7.085149765014648,1.7188167572021484
resnet50,1,12,17,layer3.4.relu,0.501220703125,0.501220703125,0.44661593437194824,0.04608154296875,10.09579086303711,7.014061450958252,1.6455613374710083
resnet50,1,13,17,layer3.5.relu,0.49908447265625,0.49908447265625,0.34751075506210327,0.0447998046875,10.093421936035156,7.051253318786621,1.670508623123169
resnet50,1,14,17,layer4.0.relu,0.501708984375,0.501708984375,0.34875115752220154,0.0488739013671875,10.779836654663086,7.516121864318848,2.265543222427368
resnet50,1,15,17,layer4.1.relu,0.49847412109375,0.49847412109375,0.23253172636032104,0.03619384765625,9.413228034973145,7.318818092346191,1.9236292839050293
resnet50,1,16,17,layer4.2.relu,0.49945068359375,0.49945068359375,0.16568411886692047,0.03656005859375,9.416746139526367,7.215118885040283,1.8060040473937988
resnet50,2,0,17,relu,0.9938263893127441,0.9938263893127441,21.293590545654297,0.8515129089355469,,7.627391815185547,2.515138864517212
resnet50,2,1,17,layer1.0.relu,0.4996490478515625,0.4996490478515625,15.583534240722656,0.056732177734375,11.443758964538574,7.552205562591553,2.3354625701904297
resnet50,2,2,17,layer1.1.relu,0.4988555908203125,0.4988555908203125,10.352278709411621,0.0547332763671875,11.445050239562988,7.3553266525268555,1.9733185768127441
resnet50,2,3,17,layer1.2.relu,0.50091552734375,0.50091552734375,7.095625877380371,0.060089111328125,11.442445755004883,7.211833953857422,1.814515233039856
resnet50,2,4,17,layer2.0.relu,0.5006980895996094,0.5006980895996094,5.490387439727783,0.07814407348632812,12.111348152160645,7.580655574798584,2.3818140029907227
resnet50,2,5,17,layer2.1.relu,0.49749755859375,0.49749755859375,3.7097387313842773,0.0507659912109375,10.769845962524414,7.353231906890869,1.9785783290863037
resnet50,2,6,17,layer2.2.relu,0.498199462890625,0.498199462890625,2.5356221199035645,0.0474090576171875,10.772113800048828,7.209212303161621,1.808427095413208
resnet50,2,7,17,layer2.3.relu,0.4993438720703125,0.4993438720703125,1.8585026264190674,0.0439300537109375,10.770578384399414,7.173162937164307,1.7774869203567505
resnet50,2,8,17,layer3.0.relu,0.49893951416015625,0.49893951416015625,1.5951502323150635,0.064361572265625,11.447944641113281,7.559409141540527,2.3295981884002686
resnet50,2,9,17,layer3.1.relu,0.498992919921875,0.498992919921875,1.0837255716323853,0.042816162109375,10.096894264221191,7.3173604011535645,1.9348782300949097
resnet50,2,10,17,layer3.2.relu,0.4991455078125,0.4991455078125,0.7658550143241882,0.05126953125,10.098124504089355,7.199403285980225,1.8032264709472656
resnet50,2,11,17,layer3.3.relu,0.496246337890625,0.496246337890625,0.5606743097305298,0.041259765625,10.094080924987793,7.139355182647705,1.7419432401657104
resnet50,2,12,17,layer3.4.relu,0.499359130859375,0.499359130859375,0.4283312261104584,0.0419921875,10.096866607666016,7.043971538543701,1.6756471395492554
resnet50,2,13,17,layer3.5.relu,0.499481201171875,0.499481201171875,0.34673506021499634,0.037750244140625,10.099054336547852,6.983025074005127,1.6298065185546875
resnet50,2,14,17,layer4.0.relu,0.4988861083984375,0.4988861083984375,0.3515360653400421,0.048370361328125,10.778624534606934,7.539401531219482,2.3174221515655518
resnet50,2,15,17,layer4.1.relu,0.5028076171875,0.5028076171875,0.2370063215494156,0.0330810546875,9.417736053466797,7.275424957275391,1.892046332359314
resnet50,2,16,17,layer4.2.relu,0.49652099609375,0.49652099609375,0.164397731423378,0.0335693359375,9.422260284423828,7.210130214691162,1.8253443241119385
vgg11,0,0,10,features.1,0.9351615905761719,0.9351615905761719,0.08105874806642532,0.762505054473877,,7.63399600982666,2.5256688594818115
vgg11,0,1,10,features.4,0.7181968688964844,0.7181968688964844,0.09692858159542084,0.762054443359375,,5.9315266609191895,1.2425286769866943
vgg11,0,2,10,features.7,0.4944114685058594,0.4944114685058594,0.14049720764160156,0.05377388000488281,12.853355407714844,4.575922012329102,1.0828726291656494
vgg11,0,3,10,features.9,0.6474456787109375,0.6474456787109375,0.12716180086135864,0.7616004943847656,,4.526209354400635,1.0795447826385498
vgg11,0,4,10,features.12,0.5023155212402344,0.5023155212402344,0.18839800357818604,0.046474456787109375,12.1707763671875,3.678143262863159,1.0385781526565552
vgg11,0,5,10,features.14,0.6378173828125,0.6378173828125,0.1783445030450821,0.7599983215332031,,3.3748998641967773,1.0286725759506226
vgg11,0,6,10,features.17,0.5013885498046875,0.5013885498046875,0.2034401297569275,0.049407958984375,10.793718338012695,2.7331857681274414,1.013757348060608
vgg11,0,7,10,features.19,0.73150634765625,0.73150634765625,0.1933664232492447,0.7584686279296875,,2.7968335151672363,1.0151002407073975
vgg11,0,8,10,classifier.1,0.501632034778595,0.501632034778595,0.18733981251716614,0.52227783203125,,2.38777232170105,1.0084761381149292
vgg11,0,9,10,classifier.4,0.49057188630104065,0.49057188630104065,0.300560861825943,0.5198974609375,,6.76243257522583,1.497284173965454
vgg11,1,0,10,features.1,0.9301509857177734,0.9301509857177734,0.08750925213098526,0.7641401290893555,,7.644029140472412,2.5704383850097656
vgg11,1,1,10,features.4,0.77752685546875,0.77752685546875,0.0996878370642662,0.7621631622314453,,6.3079514503479,1.328461766242981
vgg11,1,2,10,features.7,0.48287391662597656,0.48287391662597656,0.1462128609418869,0.05543327331542969,12.851157188415527,4.623448371887207,1.0859994888305664
vgg11,1,3,10,features.9,0.6713485717773438,0.6713485717773438,0.12981484830379486,0.7619132995605469,,4.5932722091674805,1.0840840339660645
vgg11,1,4,10,features.12,0.512054443359375,0.512054443359375,0.19003354012966156,0.04579925537109375,12.168342590332031,3.383763074874878,1.0289651155471802
vgg11,1,5,10,features.14,0.654815673828125,0.654815673828125,0.17733889818191528,0.7607154846191406,,3.2735989093780518,1.0256701707839966
vgg11,1,6,10,features.17,0.4965972900390625,0.4965972900390625,0.2047426998615265,0.0424957275390625,10.791081428527832,2.605429172515869,1.0116007328033447
vgg11,1,7,10,features.19,0.7225341796875,0.7225341796875,0.19425909221172333,0.7589111328125,,2.5789437294006348,1.0112367868423462
vgg11,1,8,10,classifier.1,0.4786178469657898,0.4786178469657898,0.19224701821804047,0.52001953125,,2.2285966873168945,1.006438136100769
vgg11,1,9,10,classifier.4,0.501245379447937,0.501245379447937,0.3031684160232544,0.51416015625,,6.850337028503418,1.5492395162582397
vgg11,2,0,10,features.1,0.9367465972900391,0.9367465972900391,0.08398015797138214,0.7642230987548828,,7.591222286224365,2.420058488845825
vgg11,2,1,10,features.4,0.6932029724121094,0.6932029724121094,0.10168275982141495,0.7640619277954102,,6.150328636169434,1.286482334136963
vgg11,2,2,10,features.7,0.4843864440917969,0.4843864440917969,0.1491711586713791,0.05722999572753906,12.855731964111328,4.785112380981445,1.097814679145813
vgg11,2,3,10,features.9,0.6272964477539062,0.6272964477539062,0.1380823403596878,0.7622470855712891,,4.732070446014404,1.0943535566329956
vgg11,2,4,10,features.12,0.5250663757324219,0.5250663757324219,0.19917675852775574,0.05435943603515625,12.16971492767334,3.6280598640441895,1.0365145206451416
vgg11,2,5,10,features.14,0.6630706787109375,0.6630706787109375,0.18612799048423767,0.7620964050292969,,3.6274499893188477,1.0369511842727661
vgg11,2,6,10,features.17,0.5081787109375,0.5081787109375,0.21048511564731598,0.0393829345703125,10.789331436157227,2.91111159324646,1.0172065496444702
vgg11,2,7,10,features.19,0.70843505859375,0.70843505859375,0.20518438518047333,0.756561279296875,,2.7481603622436523,1.014121413230896
vgg11,2,8,10,classifier.1,0.49841153621673584,0.49841153621673584,0.1982053965330124,0.5181884765625,,2.3511555194854736,1.0079245567321777
vgg11,2,9,10,classifier.4,0.5118503570556641,0.5118503570556641,0.3033756613731384,0.515289306640625,,6.822300434112549,1.5284758806228638
vit_b_16,0,0,12,encoder.layers.encoder_layer_0.mlp.1,,,0.0,1.0,0.0,7.889706134796143,4.0293145179748535
vit_b_16,0,1,12,encoder.layers.encoder_layer_1.mlp.1,,,0.0,1.0,0.0,7.868706226348877,3.761270761489868
vit_b_16,0,2,12,encoder.layers.encoder_layer_2.mlp.1,,,0.0,1.0,0.0,7.855867862701416,3.724318504333496
vit_b_16,0,3,12,encoder.layers.encoder_layer_3.mlp.1,,,0.0,1.0,0.0,7.867423057556152,3.8139309883117676
vit_b_16,0,4,12,encoder.layers.encoder_layer_4.mlp.1,,,0.0,1.0,0.0,7.838778495788574,3.467953681945801
vit_b_16,0,5,12,encoder.layers.encoder_layer_5.mlp.1,,,0.0,1.0,0.0,7.834200859069824,3.5316898822784424
vit_b_16,0,6,12,encoder.layers.encoder_layer_6.mlp.1,,,0.0,1.0,0.0,7.79713773727417,3.247164249420166
vit_b_16,0,7,12,encoder.layers.encoder_layer_7.mlp.1,,,0.0,1.0,0.0,7.77650260925293,3.0833377838134766
vit_b_16,0,8,12,encoder.layers.encoder_layer_8.mlp.1,,,0.0,1.0,0.0,7.786888599395752,3.199728012084961
vit_b_16,0,9,12,encoder.layers.encoder_layer_9.mlp.1,,,0.0,1.0,0.0,7.716022491455078,2.8357884883880615
vit_b_16,0,10,12,encoder.layers.encoder_layer_10.mlp.1,,,0.0,1.0,0.0,7.702206611633301,2.766470193862915
vit_b_16,0,11,12,encoder.layers.encoder_layer_11.mlp.1,,,0.0,1.0,0.0,7.798225402832031,3.212745189666748
vit_b_16,1,0,12,encoder.layers.encoder_layer_0.mlp.1,,,0.0,1.0,0.0,7.909474849700928,4.263525009155273
vit_b_16,1,1,12,encoder.layers.encoder_layer_1.mlp.1,,,0.0,1.0,0.0,7.864356517791748,3.7052249908447266
vit_b_16,1,2,12,encoder.layers.encoder_layer_2.mlp.1,,,0.0,1.0,0.0,7.846292972564697,3.6091036796569824
vit_b_16,1,3,12,encoder.layers.encoder_layer_3.mlp.1,,,0.0,1.0,0.0,7.8358612060546875,3.4880974292755127
vit_b_16,1,4,12,encoder.layers.encoder_layer_4.mlp.1,,,0.0,1.0,0.0,7.833638668060303,3.497854709625244
vit_b_16,1,5,12,encoder.layers.encoder_layer_5.mlp.1,,,0.0,1.0,0.0,7.783139228820801,3.165031909942627
vit_b_16,1,6,12,encoder.layers.encoder_layer_6.mlp.1,,,0.0,1.0,0.0,7.79518985748291,3.302116632461548
vit_b_16,1,7,12,encoder.layers.encoder_layer_7.mlp.1,,,0.0,1.0,0.0,7.766150951385498,3.0382845401763916
vit_b_16,1,8,12,encoder.layers.encoder_layer_8.mlp.1,,,0.0,1.0,0.0,7.69881010055542,2.742246389389038
vit_b_16,1,9,12,encoder.layers.encoder_layer_9.mlp.1,,,0.0,1.0,0.0,7.723996162414551,2.8795864582061768
vit_b_16,1,10,12,encoder.layers.encoder_layer_10.mlp.1,,,0.0,1.0,0.0,7.680878639221191,2.692061424255371
vit_b_16,1,11,12,encoder.layers.encoder_layer_11.mlp.1,,,0.0,1.0,0.0,7.665961265563965,2.6201119422912598
vit_b_16,2,0,12,encoder.layers.encoder_layer_0.mlp.1,,,0.0,1.0,0.0,7.912062168121338,4.279109954833984
vit_b_16,2,1,12,encoder.layers.encoder_layer_1.mlp.1,,,0.0,1.0,0.0,7.890289783477783,3.947129726409912
vit_b_16,2,2,12,encoder.layers.encoder_layer_2.mlp.1,,,0.0,1.0,0.0,7.863160610198975,3.7847118377685547
vit_b_16,2,3,12,encoder.layers.encoder_layer_3.mlp.1,,,0.0,1.0,0.0,7.8256940841674805,3.4318530559539795
vit_b_16,2,4,12,encoder.layers.encoder_layer_4.mlp.1,,,0.0,1.0,0.0,7.792719841003418,3.211611270904541
vit_b_16,2,5,12,encoder.layers.encoder_layer_5.mlp.1,,,0.0,1.0,0.0,7.829916954040527,3.4454333782196045
vit_b_16,2,6,12,encoder.layers.encoder_layer_6.mlp.1,,,0.0,1.0,0.0,7.763932704925537,3.050595760345459
vit_b_16,2,7,12,encoder.layers.encoder_layer_7.mlp.1,,,0.0,1.0,0.0,7.757997035980225,3.0404841899871826
vit_b_16,2,8,12,encoder.layers.encoder_layer_8.mlp.1,,,0.0,1.0,0.0,7.756828308105469,3.0281054973602295
vit_b_16,2,9,12,encoder.layers.encoder_layer_9.mlp.1,,,0.0,1.0,0.0,7.76710844039917,3.046382188796997
vit_b_16,2,10,12,encoder.layers.encoder_layer_10.mlp.1,,,0.0,1.0,0.0,7.7181291580200195,2.841520071029663
vit_b_16,2,11,12,encoder.layers.encoder_layer_11.mlp.1,,,0.0,1.0,0.0,7.747439384460449,2.9624335765838623
convnext_tiny,0,0,18,features.1.0.block.4,0.9999383687973022,0.49993008375167847,7.306475424684322e-08,0.054409727454185486,15.78643798828125,7.975581645965576,6.11542272567749
convnext_tiny,0,1,18,features.1.1.block.4,0.9999373555183411,0.4999862015247345,7.310990923770078e-08,0.048721831291913986,15.786642074584961,7.980534553527832,6.397383213043213
convnext_tiny,0,2,18,features.1.2.block.4,0.9999434947967529,0.5000031590461731,7.381932931593838e-08,0.04728252440690994,15.786979675292969,7.982111930847168,6.5502777099609375
convnext_tiny,0,3,18,features.3.0.block.4,0.9982852935791016,0.5002131462097168,2.7049026130043785e-07,0.04175738990306854,15.098766326904297,7.9711809158325195,5.796625137329102
convnext_tiny,0,4,18,features.3.1.block.4,0.9982891082763672,0.5002358555793762,2.7297028282191604e-07,0.04587020352482796,15.096847534179688,7.959774494171143,5.585043430328369
convnext_tiny,0,5,18,features.3.2.block.4,0.9982801675796509,0.5002076029777527,2.747800067481876e-07,0.04550980404019356,15.098188400268555,7.974874019622803,6.474223613739014
convnext_tiny,0,6,18,features.5.0.block.4,0.9925755858421326,0.5028458833694458,2.738540842983639e-07,0.035410769283771515,14.407085418701172,7.948022365570068,5.214611530303955
convnext_tiny,0,7,18,features.5.1.block.4,0.992513120174408,0.5030072927474976,2.736931321578595e-07,0.042374592274427414,14.408378601074219,7.951188087463379,5.204476833343506
convnext_tiny,0,8,18,features.5.2.block.4,0.9925150275230408,0.5028828978538513,2.5715016249705513e-07,0.15869472920894623,,7.936460494995117,4.7496256828308105
convnext_tiny,0,9,18,features.5.3.block.4,0.9924373626708984,0.5024997591972351,2.619297561068379e-07,0.15916971862316132,,7.952761650085449,5.203552722930908
convnext_tiny,0,10,18,features.5.4.block.4,0.9925604462623596,0.5026206374168396,2.5804732217693527e-07,0.1584397852420807,,7.9420294761657715,5.013230323791504
convnext_tiny,0,11,18,features.5.5.block.4,0.99253249168396,0.5028435587882996,2.418907172341278e-07,0.2822435796260834,,7.957605361938477,5.546964168548584
convnext_tiny,0,12,18,features.5.6.block.4,0.9925248622894287,0.5028743147850037,2.8409780838956067e-07,0.03531070426106453,14.409339904785156,7.952727317810059,5.332261562347412
convnext_tiny,0,13,18,features.5.7.block.4,0.9925031065940857,0.5027859210968018,2.876777500659955e-07,0.044589295983314514,14.406789779663086,7.945004463195801,4.826004505157471
convnext_tiny,0,14,18,features.5.8.block.4,0.9924445748329163,0.5025132298469543,2.524614615140308e-07,0.28057238459587097,,7.939403533935547,4.9380669593811035
convnext_tiny,0,15,18,features.7.0.block.4,0.9866923093795776,0.5123160481452942,2.6691733978623233e-07,0.1556396484375,,7.937160968780518,4.905749797821045
convnext_tiny,0,16,18,features.7.1.block.4,0.9865916967391968,0.5122155547142029,2.910385603627219e-07,0.0334879532456398,13.714665412902832,7.896383285522461,4.074383735656738
convnext_tiny,0,17,18,features.7.2.block.4,0.9868229627609253,0.5119024515151978,2.4887671656870225e-07,0.2785237431526184,,7.9117960929870605,4.216064929962158
convnext_tiny,1,0,18,features.1.0.block.4,0.9999370574951172,0.5000143051147461,7.114392275298087e-08,0.04892123490571976,15.790672302246094,7.980293273925781,6.352775573730469
convnext_tiny,1,1,18,features.1.1.block.4,0.9999386668205261,0.5001407861709595,7.1676652169117e-08,0.0462784543633461,15.788518905639648,7.972659587860107,6.177302837371826
convnext_tiny,1,2,18,features.1.2.block.4,0.9999437928199768,0.5000339150428772,7.190444506477434e-08,0.05005235597491264,15.788721084594727,7.967086315155029,6.068891525268555
convnext_tiny,1,3,18,features.3.0.block.4,0.9982925057411194,0.5003580451011658,2.648585848419316e-07,0.041502244770526886,15.097685813903809,7.964970111846924,5.57865571975708
convnext_tiny,1,4,18,features.3.1.block.4,0.998293936252594,0.500113308429718,2.6758613103083917e-07,0.04357225075364113,15.099140167236328,7.962957859039307,5.513795375823975
convnext_tiny,1,5,18,features.3.2.block.4,0.9983476400375366,0.5002267956733704,2.699067067624128e-07,0.044982701539993286,15.097426414489746,7.964332580566406,5.826923847198486
convnext_tiny,1,6,18,features.5.0.block.4,0.9925286173820496,0.5027662515640259,2.7253281587036327e-07,0.0369495190680027,14.40826416015625,7.939494609832764,4.884616374969482
convnext_tiny,1,7,18,features.5.1.block.4,0.9925816655158997,0.5027373433113098,2.73658628202611e-07,0.03814614191651344,14.407148361206055,7.949013710021973,5.055855751037598
convnext_tiny,1,8,18,features.5.2.block.4,0.9923955798149109,0.5026522278785706,2.5628574462643883e-07,0.15653814375400543,,7.948307037353516,5.263960838317871
convnext_tiny,1,9,18,features.5.3.block.4,0.9925684332847595,0.5025165677070618,2.7837913307848794e-07,0.10281392931938171,14.406362533569336,7.9551544189453125,5.429553031921387
convnext_tiny,1,10,18,features.5.4.block.4,0.9925404191017151,0.5023720264434814,2.806040413361188e-07,0.044132985174655914,14.410819053649902,7.949794769287109,5.174468517303467
convnext_tiny,1,11,18,features.5.5.block.4,0.9925228357315063,0.5027350783348083,2.784108801279217e-07,0.039685722440481186,14.408073425292969,7.957425594329834,5.243296146392822
convnext_tiny,1,12,18,features.5.6.block.4,0.992460310459137,0.5025686621665955,2.656512094745267e-07,0.16149570047855377,,7.950583457946777,5.270542621612549
convnext_tiny,1,13,18,features.5.7.block.4,0.9925090074539185,0.5027194619178772,2.65704784396803e-07,0.15661247074604034,,7.942415714263916,4.825863361358643
convnext_tiny,1,14,18,features.5.8.block.4,0.9924761652946472,0.5026793479919434,2.871987589969649e-07,0.03881919011473656,14.409238815307617,7.937618732452393,4.7201080322265625
convnext_tiny,1,15,18,features.7.0.block.4,0.9866185188293457,0.5120271444320679,2.9517676125578873e-07,0.033291976898908615,13.718746185302734,7.920517921447754,4.478289604187012
convnext_tiny,1,16,18,features.7.1.block.4,0.986707329750061,0.5121749043464661,2.893992814279045e-07,0.032958984375,13.717057228088379,7.920786380767822,4.413013935089111
convnext_tiny,1,17,18,features.7.2.block.4,0.9866604208946228,0.5119548439979553,2.779200940494775e-07,0.1529947817325592,,7.914972305297852,4.3266472816467285
convnext_tiny,2,0,18,features.1.0.block.4,0.9999367594718933,0.49998435378074646,7.391754053287514e-08,0.0451558418571949,15.78877067565918,7.97944450378418,6.047242641448975
convnext_tiny,2,1,18,features.1.1.block.4,0.999937117099762,0.49992284178733826,7.514216093795767e-08,0.044819317758083344,15.789400100708008,7.980093479156494,6.418073654174805
convnext_tiny,2,2,18,features.1.2.block.4,0.9999419450759888,0.49996453523635864,7.544640823198279e-08,0.04454528167843819,15.789590835571289,7.966282367706299,5.794800758361816
convnext_tiny,2,3,18,features.3.0.block.4,0.9982870817184448,0.5001360177993774,2.7556080794965965e-07,0.0439031682908535,15.094961166381836,7.964229583740234,5.5533928871154785
convnext_tiny,2,4,18,features.3.1.block.4,0.9983195066452026,0.5003496408462524,2.7819964998343494e-07,0.04296106845140457,15.10134220123291,7.974763870239258,6.163490295410156
convnext_tiny,2,5,18,features.3.2.block.4,0.9983216524124146,0.5001402497291565,2.6148353526878054e-07,0.1672259420156479,,7.971893310546875,6.145318508148193
convnext_tiny,2,6,18,features.5.0.block.4,0.9923433661460876,0.5030063390731812,2.6771613192977384e-07,0.15805821120738983,,7.962559223175049,5.344405174255371
convnext_tiny,2,7,18,features.5.1.block.4,0.9924904108047485,0.5026770234107971,2.8369208848744165e-07,0.03925183415412903,14.408674240112305,7.953072547912598,5.140425682067871
convnext_tiny,2,8,18,features.5.2.block.4,0.9924328327178955,0.5025878548622131,2.714200491027441e-07,0.15717092156410217,,7.966436386108398,5.453225135803223
convnext_tiny,2,9,18,features.5.3.block.4,0.9924497604370117,0.5025672316551208,2.44846916075403e-07,0.2797677218914032,,7.951878070831299,5.0965118408203125
convnext_tiny,2,10,18,features.5.4.block.4,0.9925369024276733,0.5026689767837524,2.9015660629738704e-07,0.03964586183428764,14.40313720703125,7.942788600921631,5.234894275665283
convnext_tiny,2,11,18,features.5.5.block.4,0.992435097694397,0.5026261806488037,2.898553645991342e-07,0.035108085721731186,14.41003131866455,7.954997539520264,5.323947906494141
convnext_tiny,2,12,18,features.5.6.block.4,0.9924050569534302,0.5029113292694092,2.983339300044463e-07,0.10877212136983871,14.404183387756348,7.951955795288086,5.334031581878662
convnext_tiny,2,13,18,features.5.7.block.4,0.9924681186676025,0.5028573870658875,2.9350761110435997e-07,0.0419108048081398,14.410018920898438,7.95066499710083,5.167126178741455
convnext_tiny,2,14,18,features.5.8.block.4,0.9924414753913879,0.5024081468582153,2.5459610242251074e-07,0.27788102626800537,,7.946893692016602,5.020963668823242
convnext_tiny,2,15,18,features.7.0.block.4,0.9867920279502869,0.5122658014297485,2.9672557388948917e-07,0.0332845039665699,13.716157913208008,7.912609577178955,4.417048454284668
convnext_tiny,2,16,18,features.7.1.block.4,0.98647141456604,0.5123541951179504,2.978379143314669e-07,0.0349527969956398,13.71236801147461,7.916790962219238,4.517975807189941
convnext_tiny,2,17,18,features.7.2.block.4,0.9866516590118408,0.5123693943023682,2.608574618534476e-07,0.2740478515625,,7.91511344909668,4.360219478607178
